Order_ID,Order_Date,Region,Category,Segment,Product,Quantity,Unit_Price,Discount,Cost_Ratio,Sales,Cost,Profit,Profit_Margin,Month,Year
1001,2025-05-10,East,Office Supplies,Consumer,Desk,8,1808,0.04,0.68,13885.439999999999,9442.0992,4443.340799999998,0.3199999999999999,2025-05,2025
1002,2033-04-30,North,Furniture,Consumer,Chair,4,456,0.2,0.47,1459.2,685.824,773.3760000000001,0.53,2033-04,2033
1003,2031-06-20,North,Technology,Consumer,Monitor,2,1578,0.09,0.55,2871.96,1579.5780000000002,1292.3819999999998,0.44999999999999996,2031-06,2031
1004,2024-04-11,East,Technology,Consumer,Desk,8,500,0.23,0.54,3080.0,1663.2,1416.8,0.45999999999999996,2024-04,2024
1005,2035-02-13,West,Furniture,Home Office,Storage,7,995,0.07,0.48,6477.45,3109.176,3368.274,0.52,2035-02,2035
1006,2032-06-06,West,Technology,Corporate,Phone,9,1682,0.21,0.56,11959.02,6697.051200000001,5261.9688,0.43999999999999995,2032-06,2032
1007,2031-09-07,North,Technology,Home Office,Chair,2,1089,0.09,0.54,1981.98,1070.2692000000002,911.7107999999998,0.4599999999999999,2031-09,2031
1008,2030-12-29,East,Furniture,Consumer,Chair,5,808,0.0,0.64,4040.0,2585.6,1454.4,0.36000000000000004,2030-12,2030
1009,2023-05-11,West,Technology,Corporate,Chair,6,1578,0.19,0.71,7669.080000000001,5445.0468,2224.0332000000008,0.2900000000000001,2023-05,2023
1010,2027-08-13,North,Technology,Consumer,Storage,2,1157,0.03,0.59,2244.58,1324.3021999999999,920.2778000000001,0.41000000000000003,2027-08,2027
1011,2025-02-08,South,Furniture,Corporate,Laptop,2,1889,0.2,0.67,3022.4,2025.0080000000003,997.3919999999998,0.32999999999999996,2025-02,2025
1012,2029-07-19,East,Office Supplies,Home Office,Printer,4,347,0.28,0.49,999.36,489.6864,509.6736,0.51,2029-07,2029
1013,2029-08-30,South,Furniture,Corporate,Chair,8,1045,0.29,0.72,5935.599999999999,4273.632,1661.9679999999998,0.28,2029-08,2029
1014,2026-03-30,South,Technology,Consumer,Chair,5,141,0.07,0.5,655.65,327.825,327.825,0.5,2026-03,2026
1015,2035-06-22,West,Furniture,Corporate,Paper,9,900,0.24,0.51,6156.0,3139.56,3016.44,0.49,2035-06,2035
1016,2032-04-08,West,Technology,Corporate,Paper,4,222,0.11,0.48,790.32,379.35360000000003,410.9664,0.52,2032-04,2032
1017,2034-04-10,West,Technology,Home Office,Laptop,3,126,0.27,0.54,275.94,149.0076,126.9324,0.46,2034-04,2034
1018,2036-04-05,East,Furniture,Consumer,Laptop,8,1585,0.24,0.62,9636.8,5974.816,3661.9839999999995,0.37999999999999995,2036-04,2036
1019,2030-12-14,South,Technology,Corporate,Phone,1,670,0.02,0.75,656.6,492.45000000000005,164.14999999999998,0.24999999999999994,2030-12,2030
1020,2024-04-19,East,Office Supplies,Home Office,Desk,9,1270,0.12,0.69,10058.4,6940.295999999999,3118.1040000000003,0.31000000000000005,2024-04,2024
1021,2025-12-18,West,Technology,Corporate,Chair,4,595,0.1,0.56,2142.0,1199.5200000000002,942.4799999999998,0.4399999999999999,2025-12,2025
1022,2030-01-02,South,Furniture,Consumer,Desk,9,1750,0.24,0.62,11970.0,7421.4,4548.6,0.38,2030-01,2030
1023,2028-08-09,East,Office Supplies,Corporate,Monitor,8,585,0.12,0.64,4118.4,2635.776,1482.6239999999998,0.36,2028-08,2028
1024,2030-07-10,East,Office Supplies,Corporate,Laptop,3,1583,0.21,0.7,3751.71,2626.1969999999997,1125.5130000000004,0.3000000000000001,2030-07,2030
1025,2025-09-02,North,Technology,Corporate,Laptop,3,998,0.18,0.67,2455.0800000000004,1644.9036000000003,810.1764000000001,0.32999999999999996,2025-09,2025
1026,2027-12-12,East,Furniture,Corporate,Phone,9,810,0.29,0.62,5175.9,3209.0579999999995,1966.842,0.38000000000000006,2027-12,2027
1027,2023-07-09,West,Technology,Consumer,Printer,3,1251,0.28,0.65,2702.16,1756.404,945.7559999999999,0.35,2023-07,2023
1028,2030-06-27,East,Technology,Home Office,Storage,4,475,0.13,0.67,1653.0,1107.51,545.49,0.33,2030-06,2030
1029,2031-03-25,South,Furniture,Home Office,Storage,9,764,0.22,0.49,5363.28,2628.0072,2735.2727999999997,0.51,2031-03,2031
1030,2035-10-03,East,Furniture,Corporate,Storage,4,882,0.25,0.51,2646.0,1349.46,1296.54,0.49,2035-10,2035
1031,2028-03-14,North,Technology,Consumer,Laptop,3,950,0.27,0.66,2080.5,1373.13,707.3699999999999,0.33999999999999997,2028-03,2028
1032,2026-06-21,South,Office Supplies,Consumer,Chair,7,1206,0.02,0.71,8273.16,5873.9436,2399.2164000000002,0.29000000000000004,2026-06,2026
1033,2027-03-09,South,Technology,Consumer,Paper,6,1658,0.09,0.57,9052.68,5160.027599999999,3892.652400000001,0.4300000000000001,2027-03,2027
1034,2031-10-08,North,Office Supplies,Consumer,Phone,1,1646,0.1,0.74,1481.4,1096.236,385.164,0.25999999999999995,2031-10,2031
1035,2032-09-26,West,Technology,Consumer,Printer,8,1822,0.13,0.51,12681.12,6467.3712000000005,6213.7488,0.49,2032-09,2032
1036,2033-08-26,South,Furniture,Consumer,Monitor,1,1751,0.05,0.58,1663.4499999999998,964.8009999999998,698.649,0.42000000000000004,2033-08,2033
1037,2024-10-08,West,Office Supplies,Corporate,Storage,4,773,0.15,0.56,2628.2,1471.7920000000001,1156.4079999999997,0.4399999999999999,2024-10,2024
1038,2030-11-28,South,Furniture,Home Office,Phone,6,1226,0.2,0.73,5884.8,4295.904,1588.8959999999997,0.26999999999999996,2030-11,2030
1039,2029-09-01,South,Furniture,Home Office,Paper,6,1878,0.15,0.54,9577.8,5172.012,4405.788,0.45999999999999996,2029-09,2029
1040,2024-08-23,West,Furniture,Corporate,Paper,7,1642,0.2,0.59,9195.2,5425.168000000001,3770.032,0.41,2024-08,2024
1041,2029-06-21,South,Furniture,Home Office,Laptop,5,461,0.02,0.51,2258.9,1152.039,1106.861,0.49000000000000005,2029-06,2029
1042,2028-08-23,West,Furniture,Consumer,Storage,5,783,0.26,0.61,2897.1,1767.231,1129.869,0.38999999999999996,2028-08,2028
1043,2023-08-30,North,Technology,Consumer,Printer,4,1379,0.28,0.71,3971.52,2819.7792,1151.7408,0.29000000000000004,2023-08,2023
1044,2028-08-03,West,Office Supplies,Home Office,Monitor,6,346,0.19,0.54,1681.5600000000002,908.0424000000002,773.5176,0.45999999999999996,2028-08,2028
1045,2030-09-25,North,Technology,Consumer,Desk,7,1315,0.26,0.69,6811.7,4700.072999999999,2111.6270000000004,0.31000000000000005,2030-09,2030
1046,2030-02-25,South,Technology,Consumer,Paper,1,1749,0.04,0.72,1679.04,1208.9088,470.13120000000004,0.28,2030-02,2030
1047,2026-09-25,West,Technology,Home Office,Paper,9,634,0.24,0.47,4336.56,2038.1832000000002,2298.3768,0.5299999999999999,2026-09,2026
1048,2027-01-18,South,Furniture,Corporate,Monitor,8,1993,0.04,0.68,15306.24,10408.2432,4897.996799999999,0.31999999999999995,2027-01,2027
1049,2029-12-31,West,Technology,Home Office,Paper,7,413,0.12,0.53,2544.08,1348.3624,1195.7176,0.47,2029-12,2029
1050,2025-02-14,North,Office Supplies,Home Office,Printer,9,1399,0.1,0.5,11331.9,5665.95,5665.95,0.5,2025-02,2025
1051,2033-12-28,North,Technology,Home Office,Monitor,3,1496,0.18,0.63,3680.1600000000003,2318.5008000000003,1361.6592,0.37,2033-12,2033
1052,2023-02-04,West,Furniture,Home Office,Chair,4,543,0.09,0.66,1976.52,1304.5032,672.0167999999999,0.3399999999999999,2023-02,2023
1053,2031-08-19,North,Office Supplies,Corporate,Storage,7,1771,0.19,0.57,10041.570000000002,5723.6949,4317.875100000001,0.43000000000000005,2031-08,2031
1054,2028-05-09,South,Office Supplies,Corporate,Storage,6,968,0.11,0.46,5169.12,2377.7952,2791.3248,0.54,2028-05,2028
1055,2027-05-05,South,Office Supplies,Consumer,Desk,2,1318,0.26,0.72,1950.6399999999999,1404.4607999999998,546.1792,0.28,2027-05,2027
1056,2033-10-18,East,Office Supplies,Consumer,Monitor,2,1381,0.19,0.67,2237.2200000000003,1498.9374000000003,738.2826,0.32999999999999996,2033-10,2033
1057,2031-06-01,North,Technology,Home Office,Desk,7,1913,0.06,0.53,12587.539999999999,6671.3962,5916.143799999999,0.47,2031-06,2031
1058,2025-10-18,South,Furniture,Consumer,Monitor,9,681,0.1,0.6,5516.1,3309.6600000000003,2206.44,0.39999999999999997,2025-10,2025
1059,2032-06-23,West,Office Supplies,Corporate,Storage,9,970,0.25,0.46,6547.5,3011.85,3535.65,0.54,2032-06,2032
1060,2030-02-26,North,Office Supplies,Consumer,Chair,7,1483,0.12,0.55,9135.28,5024.404,4110.876,0.45,2030-02,2030
1061,2033-07-10,South,Furniture,Consumer,Paper,8,647,0.16,0.61,4347.84,2652.1824,1695.6576,0.39,2033-07,2033
1062,2027-02-09,North,Technology,Consumer,Monitor,3,1231,0.19,0.61,2991.3300000000004,1824.7113000000002,1166.6187000000002,0.39,2027-02,2027
1063,2036-02-20,West,Office Supplies,Home Office,Desk,1,1147,0.1,0.51,1032.3,526.473,505.827,0.49000000000000005,2036-02,2036
1064,2023-06-11,South,Technology,Consumer,Laptop,7,1775,0.09,0.68,11306.75,7688.59,3618.16,0.32,2023-06,2023
1065,2034-10-07,East,Technology,Corporate,Paper,8,564,0.14,0.54,3880.32,2095.3728,1784.9472,0.46,2034-10,2034
1066,2028-06-04,East,Technology,Corporate,Storage,2,1145,0.06,0.62,2152.6,1334.6119999999999,817.988,0.38000000000000006,2028-06,2028
1067,2025-09-22,North,Technology,Corporate,Printer,9,601,0.09,0.53,4922.1900000000005,2608.7607000000003,2313.4293000000002,0.47,2025-09,2025
1068,2036-06-12,West,Office Supplies,Corporate,Printer,4,950,0.02,0.58,3724.0,2159.92,1564.08,0.42,2036-06,2036
1069,2032-02-25,South,Office Supplies,Consumer,Paper,9,1964,0.09,0.51,16085.16,8203.4316,7881.7284,0.49,2032-02,2032
1070,2035-06-18,West,Technology,Home Office,Chair,3,815,0.1,0.64,2200.5,1408.32,792.1800000000001,0.36000000000000004,2035-06,2035
1071,2033-05-26,South,Technology,Corporate,Laptop,8,991,0.29,0.58,5628.88,3264.7504,2364.1296,0.42000000000000004,2033-05,2033
1072,2026-06-29,North,Furniture,Corporate,Desk,2,1859,0.18,0.45,3048.76,1371.9420000000002,1676.818,0.5499999999999999,2026-06,2026
1073,2025-10-13,South,Furniture,Home Office,Monitor,3,600,0.24,0.46,1368.0,629.28,738.72,0.54,2025-10,2025
1074,2023-12-04,West,Furniture,Home Office,Storage,1,834,0.01,0.59,825.66,487.13939999999997,338.5206,0.41000000000000003,2023-12,2023
1075,2025-05-28,West,Office Supplies,Corporate,Printer,5,692,0.03,0.5,3356.2,1678.1,1678.1,0.5,2025-05,2025
1076,2025-12-12,North,Furniture,Corporate,Printer,4,506,0.24,0.63,1538.24,969.0912,569.1488,0.37000000000000005,2025-12,2025
1077,2036-05-19,West,Office Supplies,Home Office,Printer,1,1453,0.19,0.57,1176.93,670.8501,506.07990000000007,0.43000000000000005,2036-05,2036
1078,2033-12-07,South,Office Supplies,Corporate,Printer,9,802,0.06,0.65,6784.919999999999,4410.197999999999,2374.7219999999998,0.35000000000000003,2033-12,2033
1079,2036-04-21,North,Office Supplies,Corporate,Phone,6,385,0.12,0.74,2032.8,1504.272,528.528,0.26,2036-04,2036
1080,2024-01-15,South,Office Supplies,Consumer,Chair,6,246,0.16,0.61,1239.84,756.3023999999999,483.5376,0.39,2024-01,2024
1081,2024-05-07,West,Furniture,Home Office,Desk,2,893,0.25,0.69,1339.5,924.2549999999999,415.2450000000001,0.3100000000000001,2024-05,2024
1082,2028-08-24,North,Technology,Consumer,Storage,7,483,0.02,0.68,3313.38,2253.0984000000003,1060.2815999999998,0.31999999999999995,2028-08,2028
1083,2033-08-20,South,Technology,Consumer,Storage,9,110,0.18,0.73,811.8000000000001,592.614,219.18600000000004,0.27,2033-08,2033
1084,2023-03-06,West,Technology,Home Office,Storage,6,375,0.22,0.51,1755.0,895.0500000000001,859.9499999999999,0.48999999999999994,2023-03,2023
1085,2030-01-12,West,Furniture,Consumer,Desk,8,985,0.29,0.7,5594.799999999999,3916.359999999999,1678.44,0.30000000000000004,2030-01,2030
1086,2028-07-20,East,Technology,Corporate,Chair,5,1691,0.24,0.72,6425.8,4626.576,1799.2240000000002,0.28,2028-07,2028
1087,2030-05-19,West,Furniture,Consumer,Paper,2,1808,0.08,0.57,3326.7200000000003,1896.2304,1430.4896000000003,0.43000000000000005,2030-05,2030
1088,2027-02-04,South,Furniture,Home Office,Paper,4,1063,0.21,0.54,3359.08,1813.9032,1545.1768,0.46,2027-02,2027
1089,2024-01-27,North,Furniture,Corporate,Laptop,1,402,0.23,0.74,309.54,229.05960000000002,80.4804,0.26,2024-01,2024
1090,2035-05-12,East,Technology,Corporate,Monitor,1,303,0.22,0.64,236.34,151.2576,85.0824,0.36000000000000004,2035-05,2035
1091,2035-04-02,West,Technology,Corporate,Paper,6,444,0.25,0.56,1998.0,1118.88,879.1199999999999,0.43999999999999995,2035-04,2035
1092,2032-10-01,West,Technology,Corporate,Monitor,2,1883,0.27,0.69,2749.18,1896.9341999999997,852.2458000000001,0.31000000000000005,2032-10,2032
1093,2029-03-28,West,Office Supplies,Consumer,Chair,6,925,0.03,0.54,5383.5,2907.09,2476.41,0.45999999999999996,2029-03,2029
1094,2031-06-27,South,Furniture,Consumer,Printer,1,1389,0.03,0.5,1347.33,673.665,673.665,0.5,2031-06,2031
1095,2023-07-20,East,Office Supplies,Corporate,Monitor,3,121,0.24,0.61,275.88,168.2868,107.5932,0.39,2023-07,2023
1096,2036-05-07,South,Furniture,Home Office,Printer,9,938,0.08,0.62,7766.64,4815.3168000000005,2951.3232,0.37999999999999995,2036-05,2036
1097,2031-07-02,East,Technology,Corporate,Chair,2,635,0.02,0.7,1244.6,871.2199999999999,373.38,0.30000000000000004,2031-07,2031
1098,2035-08-04,North,Furniture,Consumer,Chair,8,1829,0.12,0.59,12876.16,7596.934399999999,5279.225600000001,0.41000000000000003,2035-08,2035
1099,2029-09-20,South,Furniture,Corporate,Desk,6,1219,0.25,0.69,5485.5,3784.995,1700.505,0.31,2029-09,2029
1100,2032-12-24,South,Office Supplies,Consumer,Desk,6,1080,0.04,0.54,6220.8,3359.2320000000004,2861.5679999999998,0.45999999999999996,2032-12,2032
1101,2025-03-15,North,Furniture,Corporate,Phone,7,1568,0.2,0.62,8780.800000000001,5444.0960000000005,3336.7040000000006,0.38,2025-03,2025
1102,2030-06-24,East,Technology,Home Office,Storage,5,362,0.0,0.51,1810.0,923.1,886.9,0.49,2030-06,2030
1103,2030-08-05,West,Furniture,Corporate,Phone,4,683,0.03,0.57,2650.04,1510.5228,1139.5172,0.43,2030-08,2030
1104,2027-04-20,North,Furniture,Home Office,Storage,6,1112,0.11,0.71,5938.08,4216.0368,1722.0432,0.29000000000000004,2027-04,2027
1105,2030-05-14,West,Furniture,Home Office,Printer,8,1878,0.03,0.51,14573.279999999999,7432.372799999999,7140.9072,0.49,2030-05,2030
1106,2033-07-07,West,Office Supplies,Corporate,Phone,4,482,0.25,0.69,1446.0,997.7399999999999,448.2600000000001,0.31000000000000005,2033-07,2033
1107,2025-10-25,North,Furniture,Home Office,Phone,5,1673,0.26,0.53,6190.1,3280.753,2909.347,0.47000000000000003,2025-10,2025
1108,2024-05-17,East,Furniture,Home Office,Laptop,7,1016,0.23,0.46,5476.24,2519.0704,2957.1695999999997,0.5399999999999999,2024-05,2024
1109,2035-04-21,West,Office Supplies,Consumer,Chair,6,491,0.07,0.48,2739.7799999999997,1315.0943999999997,1424.6856,0.52,2035-04,2035
1110,2025-05-20,North,Office Supplies,Consumer,Desk,4,988,0.16,0.67,3319.68,2224.1856000000002,1095.4943999999996,0.3299999999999999,2025-05,2025
1111,2035-04-16,South,Office Supplies,Home Office,Phone,4,1724,0.06,0.53,6482.24,3435.5872,3046.6528,0.47,2035-04,2035
1112,2023-07-26,South,Office Supplies,Corporate,Desk,4,639,0.08,0.65,2351.52,1528.488,823.0319999999999,0.35,2023-07,2023
1113,2027-01-24,South,Technology,Home Office,Storage,1,1215,0.15,0.66,1032.75,681.615,351.135,0.33999999999999997,2027-01,2027
1114,2025-05-13,North,Technology,Corporate,Phone,5,665,0.22,0.55,2593.5,1426.4250000000002,1167.0749999999998,0.44999999999999996,2025-05,2025
1115,2030-08-22,South,Furniture,Consumer,Storage,8,1282,0.03,0.59,9948.32,5869.5088,4078.8112,0.41000000000000003,2030-08,2030
1116,2024-07-17,West,Technology,Corporate,Paper,7,983,0.09,0.57,6261.71,3569.1746999999996,2692.5353000000005,0.43000000000000005,2024-07,2024
1117,2034-06-23,South,Furniture,Home Office,Paper,5,327,0.28,0.73,1177.2,859.356,317.84400000000005,0.27,2034-06,2034
1118,2027-10-24,South,Technology,Home Office,Phone,3,572,0.13,0.55,1492.92,821.1060000000001,671.814,0.44999999999999996,2027-10,2027
1119,2027-08-06,West,Office Supplies,Home Office,Paper,1,471,0.28,0.5,339.12,169.56,169.56,0.5,2027-08,2027
1120,2031-11-17,South,Office Supplies,Home Office,Monitor,7,1499,0.3,0.56,7345.099999999999,4113.256,3231.843999999999,0.4399999999999999,2031-11,2031
1121,2035-09-11,West,Technology,Home Office,Printer,3,1676,0.16,0.65,4223.5199999999995,2745.288,1478.2319999999995,0.3499999999999999,2035-09,2035
1122,2025-11-25,South,Technology,Corporate,Laptop,4,136,0.09,0.66,495.04,326.7264,168.3136,0.34,2025-11,2025
1123,2027-09-19,West,Furniture,Home Office,Storage,5,1760,0.24,0.73,6688.0,4882.24,1805.7600000000002,0.27,2027-09,2027
1124,2032-01-28,South,Furniture,Consumer,Chair,8,790,0.05,0.71,6004.0,4262.84,1741.1599999999999,0.29,2032-01,2032
1125,2031-08-24,West,Furniture,Home Office,Chair,7,943,0.08,0.54,6072.92,3279.3768000000005,2793.5431999999996,0.4599999999999999,2031-08,2031
1126,2030-03-10,North,Office Supplies,Corporate,Printer,9,1160,0.24,0.59,7934.400000000001,4681.296,3253.1040000000003,0.41000000000000003,2030-03,2030
1127,2030-06-22,West,Office Supplies,Home Office,Paper,3,200,0.13,0.67,522.0,349.74,172.26,0.32999999999999996,2030-06,2030
1128,2027-05-17,South,Office Supplies,Home Office,Printer,1,1666,0.06,0.72,1566.04,1127.5488,438.49119999999994,0.27999999999999997,2027-05,2027
1129,2031-05-19,South,Office Supplies,Corporate,Paper,1,1313,0.2,0.55,1050.4,577.7200000000001,472.67999999999995,0.4499999999999999,2031-05,2031
1130,2030-05-17,East,Furniture,Home Office,Monitor,1,1635,0.22,0.58,1275.3,739.674,535.626,0.42,2030-05,2030
1131,2036-05-23,West,Office Supplies,Corporate,Chair,2,757,0.04,0.72,1453.44,1046.4768,406.96320000000014,0.2800000000000001,2036-05,2036
1132,2032-12-06,North,Office Supplies,Home Office,Storage,2,189,0.08,0.56,347.76,194.74560000000002,153.01439999999997,0.4399999999999999,2032-12,2032
1133,2026-09-25,West,Office Supplies,Consumer,Chair,7,1129,0.07,0.59,7349.789999999999,4336.3760999999995,3013.4138999999996,0.41,2026-09,2026
1134,2028-06-04,West,Office Supplies,Home Office,Laptop,9,1004,0.11,0.72,8042.04,5790.2688,2251.7712,0.28,2028-06,2028
1135,2027-07-22,North,Technology,Corporate,Phone,8,1262,0.23,0.69,7773.92,5364.0048,2409.9152000000004,0.31000000000000005,2027-07,2027
1136,2027-03-10,West,Furniture,Consumer,Paper,4,194,0.21,0.52,613.0400000000001,318.78080000000006,294.2592,0.48,2027-03,2027
1137,2028-07-31,North,Furniture,Corporate,Laptop,2,1754,0.2,0.55,2806.4,1543.5200000000002,1262.8799999999999,0.44999999999999996,2028-07,2028
1138,2032-01-16,North,Office Supplies,Home Office,Monitor,3,731,0.0,0.56,2193.0,1228.0800000000002,964.9199999999998,0.43999999999999995,2032-01,2032
1139,2029-02-15,West,Technology,Consumer,Monitor,5,1509,0.04,0.72,7243.2,5215.103999999999,2028.0960000000005,0.2800000000000001,2029-02,2029
1140,2026-07-30,West,Furniture,Corporate,Paper,9,222,0.07,0.75,1858.1399999999999,1393.605,464.53499999999985,0.24999999999999994,2026-07,2026
1141,2034-01-12,South,Furniture,Consumer,Paper,8,1408,0.08,0.68,10362.880000000001,7046.7584000000015,3316.1215999999995,0.3199999999999999,2034-01,2034
1142,2030-04-29,South,Office Supplies,Consumer,Chair,3,465,0.04,0.6,1339.2,803.52,535.6800000000001,0.4,2030-04,2030
1143,2026-07-06,East,Office Supplies,Corporate,Phone,9,790,0.12,0.45,6256.8,2815.56,3441.2400000000002,0.55,2026-07,2026
1144,2024-12-10,East,Furniture,Consumer,Chair,3,1613,0.02,0.66,4742.22,3129.8652,1612.3548,0.33999999999999997,2024-12,2024
1145,2035-12-28,West,Furniture,Corporate,Laptop,8,424,0.23,0.57,2611.84,1488.7487999999998,1123.0912000000003,0.4300000000000001,2035-12,2035
1146,2035-01-31,North,Technology,Consumer,Laptop,1,506,0.24,0.64,384.56,246.1184,138.4416,0.36,2035-01,2035
1147,2033-04-06,East,Furniture,Consumer,Paper,4,1095,0.17,0.63,3635.3999999999996,2290.3019999999997,1345.098,0.37000000000000005,2033-04,2033
1148,2036-02-01,West,Furniture,Consumer,Storage,4,618,0.03,0.59,2397.84,1414.7256,983.1144000000002,0.41000000000000003,2036-02,2036
1149,2024-10-25,East,Office Supplies,Home Office,Storage,6,995,0.27,0.73,4358.099999999999,3181.4129999999996,1176.687,0.27,2024-10,2024
1150,2028-06-21,North,Furniture,Home Office,Laptop,2,1947,0.29,0.46,2764.74,1271.7803999999999,1492.9596,0.54,2028-06,2028
1151,2032-06-07,West,Office Supplies,Corporate,Phone,7,1762,0.06,0.66,11593.96,7652.0136,3941.946399999999,0.3399999999999999,2032-06,2032
1152,2033-04-01,North,Furniture,Consumer,Paper,5,176,0.21,0.57,695.2,396.264,298.93600000000004,0.43000000000000005,2033-04,2033
1153,2027-02-04,West,Furniture,Corporate,Monitor,6,333,0.25,0.66,1498.5,989.01,509.49,0.34,2027-02,2027
1154,2032-01-18,East,Furniture,Home Office,Storage,6,929,0.16,0.65,4682.16,3043.404,1638.7559999999999,0.35,2032-01,2032
1155,2033-04-21,South,Technology,Home Office,Storage,6,685,0.1,0.45,3699.0,1664.55,2034.45,0.55,2033-04,2033
1156,2028-01-28,East,Office Supplies,Home Office,Desk,8,583,0.14,0.54,4011.04,2165.9616,1845.0783999999999,0.45999999999999996,2028-01,2028
1157,2035-10-04,East,Technology,Home Office,Desk,4,1587,0.15,0.51,5395.8,2751.858,2643.942,0.49,2035-10,2035
1158,2026-07-15,South,Furniture,Corporate,Storage,8,370,0.12,0.5,2604.8,1302.4,1302.4,0.5,2026-07,2026
1159,2032-10-21,South,Technology,Consumer,Chair,9,1944,0.28,0.67,12597.119999999999,8440.0704,4157.0495999999985,0.3299999999999999,2032-10,2032
1160,2032-06-19,West,Office Supplies,Corporate,Phone,4,1038,0.22,0.52,3238.56,1684.0512,1554.5087999999998,0.48,2032-06,2032
1161,2027-06-25,West,Furniture,Consumer,Printer,1,1590,0.07,0.59,1478.6999999999998,872.4329999999999,606.2669999999999,0.41000000000000003,2027-06,2027
1162,2033-02-13,North,Technology,Home Office,Storage,3,568,0.18,0.52,1397.2800000000002,726.5856000000001,670.6944000000001,0.48,2033-02,2033
1163,2031-03-19,North,Technology,Consumer,Desk,1,731,0.21,0.62,577.49,358.0438,219.44620000000003,0.38000000000000006,2031-03,2031
1164,2031-08-19,East,Office Supplies,Home Office,Phone,7,646,0.04,0.67,4341.12,2908.5504,1432.5695999999998,0.32999999999999996,2031-08,2031
1165,2024-11-29,South,Technology,Corporate,Phone,1,818,0.11,0.55,728.02,400.411,327.609,0.45,2024-11,2024
1166,2028-11-30,North,Office Supplies,Consumer,Desk,4,1107,0.27,0.63,3232.44,2036.4372,1196.0028,0.37,2028-11,2028
1167,2034-03-21,East,Furniture,Corporate,Paper,1,369,0.17,0.7,306.27,214.38899999999998,91.881,0.30000000000000004,2034-03,2034
1168,2035-12-21,South,Furniture,Home Office,Phone,2,704,0.07,0.48,1309.4399999999998,628.5311999999999,680.9087999999999,0.52,2035-12,2035
1169,2025-05-04,West,Technology,Corporate,Paper,1,1064,0.04,0.66,1021.4399999999999,674.1504,347.28959999999995,0.33999999999999997,2025-05,2025
1170,2032-07-06,East,Furniture,Home Office,Phone,5,477,0.16,0.55,2003.3999999999999,1101.8700000000001,901.5299999999997,0.4499999999999999,2032-07,2032
1171,2027-09-04,West,Furniture,Home Office,Desk,7,276,0.16,0.49,1622.8799999999999,795.2112,827.6687999999999,0.51,2027-09,2027
1172,2030-08-09,North,Technology,Home Office,Laptop,3,373,0.1,0.61,1007.1,614.331,392.769,0.39,2030-08,2030
1173,2027-09-30,North,Furniture,Corporate,Storage,8,1814,0.19,0.52,11754.720000000001,6112.4544000000005,5642.265600000001,0.48,2027-09,2027
1174,2036-07-02,South,Technology,Corporate,Chair,5,1764,0.02,0.7,8643.6,6050.5199999999995,2593.080000000001,0.3000000000000001,2036-07,2036
1175,2032-08-11,East,Office Supplies,Consumer,Paper,5,736,0.04,0.46,3532.7999999999997,1625.088,1907.7119999999998,0.5399999999999999,2032-08,2032
1176,2023-07-22,West,Office Supplies,Consumer,Printer,5,126,0.16,0.48,529.1999999999999,254.01599999999996,275.18399999999997,0.52,2023-07,2023
1177,2031-11-30,South,Office Supplies,Corporate,Chair,8,675,0.02,0.61,5292.0,3228.12,2063.88,0.39,2031-11,2031
1178,2034-07-20,North,Technology,Corporate,Laptop,2,159,0.26,0.63,235.32,148.2516,87.0684,0.37,2034-07,2034
1179,2035-04-24,North,Technology,Corporate,Monitor,2,830,0.04,0.67,1593.6,1067.712,525.8879999999999,0.32999999999999996,2035-04,2035
1180,2025-02-05,East,Furniture,Corporate,Laptop,8,1340,0.2,0.53,8576.0,4545.280000000001,4030.7199999999993,0.4699999999999999,2025-02,2025
1181,2035-01-07,West,Furniture,Home Office,Phone,9,1804,0.12,0.7,14287.68,10001.376,4286.304,0.3,2035-01,2035
1182,2029-05-16,East,Furniture,Home Office,Chair,2,760,0.12,0.74,1337.6,989.824,347.77599999999995,0.26,2029-05,2029
1183,2031-01-10,West,Furniture,Home Office,Paper,4,369,0.23,0.6,1136.52,681.9119999999999,454.60800000000006,0.4000000000000001,2031-01,2031
1184,2023-07-17,West,Furniture,Corporate,Paper,8,1239,0.15,0.68,8425.199999999999,5729.1359999999995,2696.0639999999994,0.31999999999999995,2023-07,2023
1185,2028-04-14,East,Technology,Home Office,Laptop,2,344,0.22,0.61,536.64,327.3504,209.2896,0.39,2028-04,2028
1186,2032-10-22,South,Technology,Home Office,Chair,4,759,0.15,0.47,2580.6,1212.8819999999998,1367.718,0.53,2032-10,2032
1187,2024-08-31,East,Office Supplies,Consumer,Laptop,1,1727,0.18,0.55,1416.14,778.8770000000001,637.263,0.45,2024-08,2024
1188,2031-12-17,East,Office Supplies,Consumer,Printer,2,184,0.23,0.48,283.36,136.0128,147.34720000000002,0.52,2031-12,2031
1189,2026-02-21,North,Office Supplies,Home Office,Laptop,7,1722,0.18,0.75,9884.28,7413.210000000001,2471.0699999999997,0.24999999999999994,2026-02,2026
1190,2034-09-22,North,Office Supplies,Home Office,Chair,1,1006,0.18,0.52,824.9200000000001,428.95840000000004,395.96160000000003,0.48,2034-09,2034
1191,2032-04-20,East,Technology,Home Office,Phone,1,1755,0.24,0.64,1333.8,853.632,480.168,0.36000000000000004,2032-04,2032
1192,2029-11-16,East,Technology,Corporate,Chair,2,1573,0.28,0.54,2265.12,1223.1648,1041.9551999999999,0.45999999999999996,2029-11,2029
1193,2027-11-30,North,Technology,Consumer,Desk,4,1975,0.11,0.65,7031.0,4570.150000000001,2460.8499999999995,0.3499999999999999,2027-11,2027
1194,2024-10-21,West,Furniture,Consumer,Chair,7,635,0.17,0.51,3689.35,1881.5685,1807.7814999999998,0.49,2024-10,2024
1195,2030-09-12,East,Furniture,Consumer,Printer,4,188,0.03,0.69,729.4399999999999,503.3135999999999,226.12640000000005,0.3100000000000001,2030-09,2030
1196,2026-10-01,South,Office Supplies,Home Office,Storage,5,648,0.11,0.48,2883.6,1384.128,1499.472,0.52,2026-10,2026
1197,2028-06-09,South,Furniture,Corporate,Printer,4,953,0.12,0.72,3354.56,2415.2832,939.2768000000001,0.28,2028-06,2028
1198,2023-05-27,South,Technology,Consumer,Printer,4,994,0.25,0.7,2982.0,2087.4,894.5999999999999,0.3,2023-05,2023
1199,2031-10-25,East,Office Supplies,Consumer,Laptop,9,606,0.15,0.65,4635.9,3013.335,1622.5649999999996,0.3499999999999999,2031-10,2031
1200,2030-12-21,West,Office Supplies,Corporate,Printer,6,507,0.22,0.47,2372.76,1115.1972,1257.5628000000002,0.53,2030-12,2030
1201,2027-10-01,West,Furniture,Home Office,Chair,3,1394,0.01,0.51,4140.18,2111.4918000000002,2028.6882,0.49,2027-10,2027
1202,2028-01-18,North,Office Supplies,Home Office,Paper,6,623,0.14,0.71,3214.68,2282.4228,932.2572,0.29000000000000004,2028-01,2028
1203,2024-05-03,East,Furniture,Consumer,Storage,7,1617,0.27,0.49,8262.869999999999,4048.8062999999993,4214.0637,0.51,2024-05,2024
1204,2031-02-24,West,Furniture,Consumer,Paper,7,706,0.07,0.5,4596.0599999999995,2298.0299999999997,2298.0299999999997,0.5,2031-02,2031
1205,2028-05-13,East,Office Supplies,Corporate,Monitor,8,1102,0.01,0.61,8727.84,5323.9824,3403.8576000000003,0.39,2028-05,2028
1206,2029-07-13,North,Furniture,Consumer,Phone,4,547,0.13,0.53,1903.56,1008.8868,894.6732,0.47,2029-07,2029
1207,2030-12-29,North,Furniture,Corporate,Monitor,1,642,0.21,0.52,507.18,263.7336,243.44639999999998,0.48,2030-12,2030
1208,2035-12-20,North,Furniture,Consumer,Printer,6,1048,0.14,0.62,5407.68,3352.7616000000003,2054.9184,0.38,2035-12,2035
1209,2027-12-08,South,Furniture,Consumer,Paper,8,449,0.14,0.56,3089.12,1729.9072,1359.2127999999998,0.43999999999999995,2027-12,2027
1210,2034-02-13,East,Office Supplies,Consumer,Chair,5,1868,0.2,0.49,7472.0,3661.2799999999997,3810.7200000000003,0.51,2034-02,2034
1211,2032-03-23,North,Technology,Home Office,Laptop,3,951,0.08,0.61,2624.76,1601.1036000000001,1023.6564000000001,0.39,2032-03,2032
1212,2023-09-20,East,Technology,Corporate,Laptop,4,427,0.23,0.57,1315.16,749.6412,565.5188,0.43,2023-09,2023
1213,2024-09-15,South,Furniture,Corporate,Phone,8,1935,0.05,0.67,14706.0,9853.02,4852.98,0.32999999999999996,2024-09,2024
1214,2025-10-13,South,Furniture,Home Office,Phone,6,1409,0.12,0.48,7439.52,3570.9696,3868.5504000000005,0.52,2025-10,2025
1215,2032-12-22,North,Furniture,Home Office,Chair,5,1158,0.2,0.64,4632.0,2964.48,1667.52,0.36,2032-12,2032
1216,2036-08-16,North,Technology,Home Office,Phone,9,1656,0.25,0.58,11178.0,6483.24,4694.76,0.42000000000000004,2036-08,2036
1217,2028-08-11,West,Furniture,Corporate,Paper,3,722,0.24,0.57,1646.16,938.3112,707.8488000000001,0.43000000000000005,2028-08,2028
1218,2033-03-12,East,Office Supplies,Consumer,Paper,7,587,0.22,0.52,3205.02,1666.6104,1538.4096,0.48,2033-03,2033
1219,2035-06-15,North,Office Supplies,Home Office,Phone,9,1954,0.11,0.46,15651.54,7199.7084,8451.831600000001,0.54,2035-06,2035
1220,2031-07-06,West,Office Supplies,Home Office,Laptop,4,1983,0.04,0.7,7614.719999999999,5330.303999999999,2284.416,0.30000000000000004,2031-07,2031
1221,2034-03-14,East,Technology,Home Office,Chair,3,586,0.07,0.55,1634.9399999999998,899.217,735.7229999999998,0.44999999999999996,2034-03,2034
1222,2028-08-18,North,Furniture,Consumer,Storage,1,244,0.26,0.65,180.56,117.364,63.196,0.35,2028-08,2028
1223,2031-09-06,West,Furniture,Consumer,Phone,9,1647,0.26,0.73,10969.02,8007.3846,2961.6354,0.27,2031-09,2031
1224,2027-08-10,West,Furniture,Home Office,Chair,1,855,0.29,0.62,607.05,376.371,230.67899999999997,0.38,2027-08,2027
1225,2029-03-05,East,Technology,Consumer,Printer,2,245,0.02,0.57,480.2,273.71399999999994,206.48600000000005,0.4300000000000001,2029-03,2029
1226,2026-02-28,West,Technology,Home Office,Laptop,9,1120,0.16,0.53,8467.199999999999,4487.616,3979.583999999999,0.4699999999999999,2026-02,2026
1227,2035-04-27,East,Technology,Consumer,Storage,5,1874,0.19,0.73,7589.700000000001,5540.481000000001,2049.219,0.26999999999999996,2035-04,2035
1228,2031-09-27,East,Technology,Corporate,Paper,4,1626,0.21,0.65,5138.16,3339.804,1798.3559999999998,0.35,2031-09,2031
1229,2027-08-24,East,Office Supplies,Corporate,Laptop,9,1727,0.19,0.65,12589.83,8183.3895,4406.4405,0.35,2027-08,2027
1230,2033-12-05,South,Technology,Consumer,Laptop,9,927,0.23,0.58,6424.110000000001,3725.9838,2698.1262000000006,0.42000000000000004,2033-12,2033
1231,2035-12-07,West,Technology,Corporate,Paper,2,1958,0.11,0.7,3485.2400000000002,2439.668,1045.5720000000001,0.3,2035-12,2035
1232,2035-10-27,East,Technology,Corporate,Desk,3,726,0.05,0.66,2069.1,1365.606,703.4939999999999,0.33999999999999997,2035-10,2035
1233,2027-07-07,North,Furniture,Corporate,Chair,3,1650,0.06,0.53,4653.0,2466.09,2186.91,0.47,2027-07,2027
1234,2026-12-16,South,Furniture,Home Office,Paper,5,1395,0.0,0.63,6975.0,4394.25,2580.75,0.37,2026-12,2026
1235,2034-07-01,South,Furniture,Consumer,Printer,3,633,0.11,0.58,1690.1100000000001,980.2638000000001,709.8462000000001,0.42,2034-07,2034
1236,2033-09-28,West,Office Supplies,Consumer,Phone,6,729,0.03,0.45,4242.78,1909.251,2333.5289999999995,0.5499999999999999,2033-09,2033
1237,2023-09-11,East,Office Supplies,Consumer,Printer,2,980,0.1,0.69,1764.0,1217.1599999999999,546.8400000000001,0.3100000000000001,2023-09,2023
1238,2031-09-19,West,Technology,Corporate,Chair,6,1218,0.19,0.49,5919.4800000000005,2900.5452,3018.9348000000005,0.51,2031-09,2031
1239,2030-01-01,South,Furniture,Home Office,Paper,6,1570,0.27,0.6,6876.599999999999,4125.959999999999,2750.6400000000003,0.4000000000000001,2030-01,2030
1240,2023-04-09,East,Office Supplies,Consumer,Laptop,2,514,0.25,0.55,771.0,424.05,346.95,0.45,2023-04,2023
1241,2029-01-09,North,Furniture,Corporate,Paper,6,356,0.08,0.55,1965.1200000000001,1080.8160000000003,884.3039999999999,0.4499999999999999,2029-01,2029
1242,2031-02-09,East,Office Supplies,Home Office,Desk,6,1966,0.04,0.59,11324.16,6681.2544,4642.9056,0.41000000000000003,2031-02,2031
1243,2036-08-13,South,Office Supplies,Home Office,Chair,6,1385,0.06,0.75,7811.4,5858.549999999999,1952.8500000000004,0.25000000000000006,2036-08,2036
1244,2035-02-20,North,Technology,Consumer,Storage,5,186,0.29,0.57,660.3,376.3709999999999,283.92900000000003,0.43000000000000005,2035-02,2035
1245,2033-05-05,East,Technology,Consumer,Storage,7,1004,0.16,0.5,5903.5199999999995,2951.7599999999998,2951.7599999999998,0.5,2033-05,2033
1246,2030-11-09,North,Office Supplies,Corporate,Chair,5,1559,0.05,0.63,7405.25,4665.3075,2739.9425,0.37,2030-11,2030
1247,2031-11-09,North,Technology,Consumer,Phone,1,1953,0.25,0.52,1464.75,761.6700000000001,703.0799999999999,0.4799999999999999,2031-11,2031
1248,2033-05-19,South,Office Supplies,Corporate,Printer,9,669,0.12,0.48,5298.4800000000005,2543.2704000000003,2755.2096,0.52,2033-05,2033
1249,2025-08-14,North,Office Supplies,Home Office,Printer,3,841,0.27,0.47,1841.79,865.6412999999999,976.1487000000001,0.53,2025-08,2025
1250,2034-02-19,West,Furniture,Home Office,Phone,2,207,0.08,0.46,380.88,175.2048,205.6752,0.5399999999999999,2034-02,2034
1251,2023-06-10,South,Technology,Home Office,Desk,6,1142,0.12,0.58,6029.76,3497.2608,2532.4992,0.42000000000000004,2023-06,2023
1252,2035-04-21,West,Technology,Home Office,Laptop,8,1488,0.15,0.58,10118.4,5868.672,4249.728,0.42000000000000004,2035-04,2035
1253,2026-07-24,North,Technology,Consumer,Monitor,2,1776,0.27,0.51,2592.96,1322.4096,1270.5504,0.49000000000000005,2026-07,2026
1254,2036-06-12,West,Furniture,Consumer,Monitor,4,1502,0.26,0.69,4445.92,3067.6848,1378.2352,0.31,2036-06,2036
1255,2033-12-01,East,Furniture,Corporate,Laptop,2,259,0.17,0.49,429.94,210.6706,219.2694,0.51,2033-12,2033
1256,2027-03-08,North,Furniture,Corporate,Storage,9,199,0.07,0.72,1665.6299999999999,1199.2535999999998,466.3764000000001,0.2800000000000001,2027-03,2027
1257,2026-05-03,East,Technology,Corporate,Desk,2,364,0.12,0.63,640.64,403.6032,237.03679999999997,0.36999999999999994,2026-05,2026
1258,2035-04-24,West,Technology,Corporate,Phone,2,1873,0.29,0.46,2659.66,1223.4436,1436.2163999999998,0.5399999999999999,2035-04,2035
1259,2035-12-19,East,Technology,Corporate,Monitor,5,849,0.18,0.74,3480.9,2575.866,905.0340000000001,0.26,2035-12,2035
1260,2031-07-02,North,Furniture,Home Office,Chair,5,1172,0.23,0.54,4512.2,2436.588,2075.6119999999996,0.4599999999999999,2031-07,2031
1261,2030-06-28,East,Furniture,Home Office,Paper,7,776,0.13,0.58,4725.84,2740.9872,1984.8528000000001,0.42,2030-06,2030
1262,2035-06-22,West,Office Supplies,Home Office,Printer,1,898,0.16,0.54,754.3199999999999,407.3328,346.9871999999999,0.4599999999999999,2035-06,2035
1263,2025-08-12,West,Furniture,Corporate,Paper,2,1538,0.13,0.67,2676.12,1793.0004000000001,883.1195999999998,0.3299999999999999,2025-08,2025
1264,2035-07-02,West,Office Supplies,Home Office,Chair,6,1182,0.21,0.6,5602.68,3361.608,2241.072,0.4,2035-07,2035
1265,2032-06-08,North,Technology,Home Office,Printer,2,282,0.26,0.49,417.36,204.5064,212.8536,0.51,2032-06,2032
1266,2025-11-11,West,Furniture,Home Office,Chair,4,758,0.15,0.48,2577.2,1237.0559999999998,1340.144,0.52,2025-11,2025
1267,2027-08-21,North,Technology,Home Office,Phone,6,1570,0.14,0.67,8101.2,5427.804,2673.3959999999997,0.32999999999999996,2027-08,2027
1268,2032-05-29,East,Technology,Consumer,Phone,7,1424,0.1,0.52,8971.2,4665.024,4306.176,0.48,2032-05,2032
1269,2024-07-16,West,Technology,Corporate,Desk,5,707,0.05,0.49,3358.25,1645.5425,1712.7075,0.51,2024-07,2024
1270,2029-10-21,East,Technology,Corporate,Chair,8,1678,0.28,0.6,9665.279999999999,5799.167999999999,3866.112,0.4000000000000001,2029-10,2029
1271,2032-03-08,South,Furniture,Consumer,Chair,6,1477,0.09,0.69,8064.42,5564.449799999999,2499.9702000000007,0.31000000000000005,2032-03,2032
1272,2023-08-14,East,Technology,Home Office,Desk,5,1892,0.24,0.53,7189.6,3810.4880000000003,3379.112,0.47,2023-08,2023
1273,2036-05-25,South,Office Supplies,Home Office,Desk,4,1336,0.21,0.53,4221.76,2237.5328000000004,1984.2271999999998,0.4699999999999999,2036-05,2036
1274,2025-08-17,East,Furniture,Home Office,Paper,6,1312,0.24,0.7,5982.72,4187.9039999999995,1794.8160000000007,0.3000000000000001,2025-08,2025
1275,2035-06-15,North,Technology,Corporate,Phone,6,742,0.28,0.49,3205.44,1570.6656,1634.7744,0.51,2035-06,2035
1276,2031-05-26,East,Furniture,Corporate,Paper,6,446,0.19,0.64,2167.56,1387.2384,780.3216,0.36,2031-05,2031
1277,2025-03-26,North,Office Supplies,Corporate,Phone,1,911,0.27,0.74,665.03,492.12219999999996,172.9078,0.26,2025-03,2025
1278,2036-01-07,North,Technology,Corporate,Paper,6,900,0.05,0.7,5130.0,3590.9999999999995,1539.0000000000005,0.3000000000000001,2036-01,2036
1279,2035-09-17,West,Office Supplies,Corporate,Storage,1,1260,0.19,0.47,1020.6,479.68199999999996,540.9180000000001,0.5300000000000001,2035-09,2035
1280,2031-07-18,North,Technology,Consumer,Chair,5,1153,0.23,0.55,4439.05,2441.4775000000004,1997.5724999999998,0.44999999999999996,2031-07,2031
1281,2023-01-17,South,Office Supplies,Corporate,Paper,7,245,0.08,0.49,1577.8000000000002,773.1220000000001,804.6780000000001,0.51,2023-01,2023
1282,2026-05-28,West,Technology,Home Office,Paper,1,1947,0.22,0.73,1518.66,1108.6218000000001,410.03819999999996,0.26999999999999996,2026-05,2026
1283,2029-01-14,West,Furniture,Corporate,Phone,1,1591,0.23,0.75,1225.07,918.8025,306.2674999999999,0.24999999999999994,2029-01,2029
1284,2029-11-29,East,Technology,Consumer,Monitor,6,1740,0.25,0.52,7830.0,4071.6000000000004,3758.3999999999996,0.4799999999999999,2029-11,2029
1285,2025-12-05,North,Furniture,Home Office,Phone,7,602,0.09,0.65,3834.7400000000002,2492.581,1342.159,0.35000000000000003,2025-12,2025
1286,2032-06-06,North,Technology,Consumer,Chair,6,898,0.2,0.7,4310.400000000001,3017.28,1293.1200000000003,0.30000000000000004,2032-06,2032
1287,2030-01-09,South,Technology,Home Office,Desk,5,1067,0.09,0.52,4854.85,2524.5220000000004,2330.328,0.48,2030-01,2030
1288,2025-11-26,East,Office Supplies,Corporate,Chair,6,1314,0.22,0.51,6149.52,3136.2552,3013.2648000000004,0.49000000000000005,2025-11,2025
1289,2029-05-16,East,Office Supplies,Consumer,Monitor,3,570,0.14,0.45,1470.6,661.77,808.8299999999999,0.5499999999999999,2029-05,2029
1290,2032-05-13,West,Office Supplies,Home Office,Laptop,9,789,0.18,0.57,5822.820000000001,3319.0074,2503.8126000000007,0.43000000000000005,2032-05,2032
1291,2023-10-29,West,Technology,Corporate,Chair,5,1468,0.12,0.72,6459.2,4650.624,1808.576,0.28,2023-10,2023
1292,2034-09-16,West,Technology,Home Office,Laptop,2,1874,0.05,0.72,3560.6,2563.632,996.9679999999998,0.27999999999999997,2034-09,2034
1293,2024-08-29,South,Technology,Consumer,Paper,7,100,0.05,0.49,665.0,325.84999999999997,339.15000000000003,0.51,2024-08,2024
1294,2031-09-06,South,Furniture,Consumer,Chair,3,209,0.02,0.51,614.46,313.37460000000004,301.0854,0.48999999999999994,2031-09,2031
1295,2024-11-30,West,Furniture,Consumer,Monitor,1,1973,0.19,0.57,1598.13,910.9341,687.1959000000002,0.43000000000000005,2024-11,2024
1296,2026-02-13,East,Technology,Consumer,Laptop,3,1910,0.25,0.68,4297.5,2922.3,1375.1999999999998,0.31999999999999995,2026-02,2026
1297,2023-07-10,South,Office Supplies,Corporate,Laptop,9,993,0.01,0.63,8847.63,5574.006899999999,3273.6231,0.37,2023-07,2023
1298,2029-04-19,East,Office Supplies,Home Office,Monitor,5,1869,0.02,0.6,9158.1,5494.86,3663.2400000000007,0.4000000000000001,2029-04,2029
1299,2025-09-07,East,Office Supplies,Corporate,Chair,7,1187,0.14,0.63,7145.74,4501.8162,2643.9237999999996,0.36999999999999994,2025-09,2025
1300,2031-02-23,North,Technology,Consumer,Storage,3,855,0.22,0.48,2000.7,960.336,1040.364,0.52,2031-02,2031
1301,2026-03-30,West,Office Supplies,Home Office,Phone,4,152,0.05,0.59,577.6,340.784,236.81600000000003,0.41000000000000003,2026-03,2026
1302,2032-02-10,North,Technology,Consumer,Printer,1,361,0.08,0.75,332.12,249.09,83.03,0.25,2032-02,2032
1303,2032-04-17,West,Furniture,Corporate,Phone,3,1652,0.07,0.48,4609.08,2212.3584,2396.7216,0.52,2032-04,2032
1304,2023-05-08,West,Office Supplies,Corporate,Laptop,7,1425,0.12,0.61,8778.0,5354.58,3423.42,0.39,2023-05,2023
1305,2028-08-27,East,Furniture,Corporate,Paper,4,985,0.07,0.54,3664.2,1978.6680000000001,1685.5319999999997,0.45999999999999996,2028-08,2028
1306,2027-12-22,West,Office Supplies,Home Office,Chair,2,333,0.11,0.61,592.74,361.5714,231.16860000000003,0.39,2027-12,2027
1307,2024-07-23,East,Technology,Home Office,Chair,5,172,0.22,0.62,670.8000000000001,415.896,254.90400000000005,0.38000000000000006,2024-07,2024
1308,2028-03-10,East,Technology,Consumer,Paper,5,1480,0.18,0.62,6068.000000000001,3762.1600000000008,2305.84,0.37999999999999995,2028-03,2028
1309,2030-06-26,West,Technology,Home Office,Chair,2,1050,0.02,0.71,2058.0,1461.1799999999998,596.8200000000002,0.2900000000000001,2030-06,2030
1310,2033-07-30,East,Technology,Home Office,Chair,6,1726,0.19,0.57,8388.36,4781.3652,3606.9948000000004,0.43,2033-07,2033
1311,2035-12-05,East,Office Supplies,Corporate,Storage,4,583,0.14,0.6,2005.52,1203.312,802.2080000000001,0.4,2035-12,2035
1312,2033-12-28,East,Furniture,Consumer,Printer,1,1129,0.28,0.45,812.88,365.796,447.084,0.55,2033-12,2033
1313,2030-12-11,South,Technology,Corporate,Desk,3,1833,0.09,0.69,5004.09,3452.8221,1551.2679000000003,0.31000000000000005,2030-12,2030
1314,2027-08-14,East,Office Supplies,Consumer,Laptop,9,976,0.22,0.53,6851.52,3631.3056000000006,3220.2144,0.47,2027-08,2027
1315,2031-03-29,South,Furniture,Consumer,Printer,7,1831,0.22,0.69,9997.26,6898.109399999999,3099.150600000001,0.31000000000000005,2031-03,2031
1316,2023-06-04,South,Technology,Home Office,Phone,6,1931,0.07,0.53,10774.98,5710.7394,5064.240599999999,0.4699999999999999,2023-06,2023
1317,2029-12-12,East,Furniture,Corporate,Desk,1,958,0.27,0.45,699.34,314.70300000000003,384.637,0.5499999999999999,2029-12,2029
1318,2026-11-10,East,Technology,Home Office,Desk,9,1957,0.15,0.5,14971.05,7485.525,7485.525,0.5,2026-11,2026
1319,2034-02-09,South,Furniture,Home Office,Paper,9,236,0.2,0.75,1699.2,1274.4,424.79999999999995,0.24999999999999997,2034-02,2034
1320,2025-02-23,South,Furniture,Home Office,Chair,1,878,0.04,0.55,842.88,463.58400000000006,379.29599999999994,0.4499999999999999,2025-02,2025
1321,2031-09-11,East,Technology,Consumer,Printer,6,1527,0.08,0.48,8429.04,4045.9392000000003,4383.1008,0.52,2031-09,2031
1322,2034-11-20,East,Office Supplies,Corporate,Paper,7,727,0.18,0.49,4172.9800000000005,2044.7602000000002,2128.2198000000003,0.51,2034-11,2034
1323,2030-09-07,West,Furniture,Corporate,Phone,2,654,0.1,0.54,1177.2,635.6880000000001,541.512,0.4599999999999999,2030-09,2030
1324,2024-06-21,South,Technology,Home Office,Chair,8,842,0.15,0.46,5725.599999999999,2633.776,3091.8239999999996,0.54,2024-06,2024
1325,2028-01-16,South,Furniture,Consumer,Chair,8,669,0.11,0.6,4763.28,2857.968,1905.312,0.4,2028-01,2028
1326,2029-09-21,West,Furniture,Corporate,Monitor,6,1329,0.19,0.51,6458.9400000000005,3294.0594,3164.8806000000004,0.49000000000000005,2029-09,2029
1327,2024-06-08,South,Office Supplies,Corporate,Monitor,9,509,0.15,0.61,3893.85,2375.2484999999997,1518.6015000000002,0.39000000000000007,2024-06,2024
1328,2031-01-29,North,Furniture,Home Office,Monitor,3,1929,0.0,0.49,5787.0,2835.63,2951.37,0.51,2031-01,2031
1329,2034-04-24,South,Furniture,Consumer,Storage,2,1729,0.19,0.58,2800.98,1624.5683999999999,1176.4116000000001,0.42000000000000004,2034-04,2034
1330,2036-02-02,West,Technology,Home Office,Paper,2,1159,0.13,0.63,2016.66,1270.4958000000001,746.1641999999999,0.36999999999999994,2036-02,2036
1331,2034-04-08,North,Technology,Corporate,Laptop,6,329,0.1,0.47,1776.6000000000001,835.0020000000001,941.5980000000001,0.53,2034-04,2034
1332,2029-06-26,East,Office Supplies,Consumer,Desk,7,1350,0.03,0.57,9166.5,5224.905,3941.5950000000003,0.43000000000000005,2029-06,2029
1333,2033-07-14,West,Furniture,Home Office,Phone,6,1818,0.07,0.54,10144.439999999999,5477.9976,4666.442399999999,0.45999999999999996,2033-07,2033
1334,2035-04-23,West,Furniture,Corporate,Desk,3,361,0.07,0.52,1007.1899999999999,523.7388,483.4512,0.48,2035-04,2035
1335,2030-05-25,East,Furniture,Home Office,Printer,5,1254,0.28,0.63,4514.4,2844.0719999999997,1670.328,0.37000000000000005,2030-05,2030
1336,2025-08-29,West,Office Supplies,Home Office,Laptop,8,1700,0.13,0.63,11832.0,7454.16,4377.84,0.37,2025-08,2025
1337,2026-03-12,South,Furniture,Home Office,Chair,6,991,0.01,0.64,5886.54,3767.3856,2119.1544,0.36,2026-03,2026
1338,2036-06-30,East,Technology,Consumer,Laptop,2,547,0.04,0.5,1050.24,525.12,525.12,0.5,2036-06,2036
1339,2030-08-06,West,Office Supplies,Corporate,Chair,7,285,0.02,0.54,1955.1,1055.7540000000001,899.3459999999998,0.4599999999999999,2030-08,2030
1340,2028-06-05,East,Technology,Corporate,Paper,8,1752,0.18,0.51,11493.12,5861.4912,5631.6288,0.49,2028-06,2028
1341,2025-05-03,East,Technology,Corporate,Monitor,4,1309,0.06,0.61,4921.84,3002.3224,1919.5176000000001,0.39,2025-05,2025
1342,2034-05-09,East,Office Supplies,Corporate,Laptop,1,1397,0.15,0.59,1187.45,700.5955,486.85450000000003,0.41000000000000003,2034-05,2034
1343,2033-03-25,North,Technology,Consumer,Chair,2,1786,0.11,0.55,3179.08,1748.4940000000001,1430.5859999999998,0.44999999999999996,2033-03,2033
1344,2033-04-27,West,Furniture,Home Office,Desk,4,451,0.24,0.69,1371.04,946.0175999999999,425.02240000000006,0.31000000000000005,2033-04,2033
1345,2024-07-28,North,Office Supplies,Corporate,Monitor,7,1536,0.1,0.48,9676.800000000001,4644.8640000000005,5031.936000000001,0.52,2024-07,2024
1346,2031-12-06,West,Technology,Consumer,Monitor,2,1274,0.14,0.74,2191.2799999999997,1621.5471999999997,569.7328,0.26,2031-12,2031
1347,2026-02-22,South,Furniture,Home Office,Monitor,6,483,0.22,0.48,2260.44,1085.0112,1175.4288000000001,0.52,2026-02,2026
1348,2027-09-12,South,Furniture,Consumer,Desk,2,1159,0.13,0.68,2016.66,1371.3288000000002,645.3311999999999,0.3199999999999999,2027-09,2027
1349,2036-01-30,South,Technology,Consumer,Desk,7,425,0.24,0.56,2261.0,1266.16,994.8399999999999,0.43999999999999995,2036-01,2036
1350,2036-07-04,West,Furniture,Corporate,Desk,2,564,0.2,0.71,902.4000000000001,640.7040000000001,261.696,0.29,2036-07,2036
1351,2033-07-21,East,Office Supplies,Corporate,Monitor,3,565,0.12,0.47,1491.6,701.0519999999999,790.548,0.53,2033-07,2033
1352,2029-10-27,East,Technology,Home Office,Laptop,9,1218,0.15,0.56,9317.699999999999,5217.912,4099.787999999999,0.4399999999999999,2029-10,2029
1353,2030-04-14,North,Furniture,Home Office,Chair,4,1257,0.29,0.55,3569.8799999999997,1963.434,1606.4459999999997,0.44999999999999996,2030-04,2030
1354,2031-07-22,North,Furniture,Corporate,Desk,5,261,0.2,0.75,1044.0,783.0,261.0,0.25,2031-07,2031
1355,2031-05-10,South,Technology,Consumer,Laptop,9,655,0.27,0.75,4303.349999999999,3227.5125,1075.8374999999996,0.24999999999999994,2031-05,2031
1356,2023-01-05,North,Technology,Corporate,Chair,7,399,0.05,0.51,2653.35,1353.2085,1300.1415,0.49,2023-01,2023
1357,2036-05-01,West,Technology,Home Office,Monitor,8,1918,0.14,0.64,13195.84,8445.3376,4750.502399999999,0.35999999999999993,2036-05,2036
1358,2025-05-26,West,Technology,Consumer,Laptop,3,455,0.27,0.61,996.4499999999999,607.8344999999999,388.6155,0.39,2025-05,2025
1359,2025-09-18,North,Office Supplies,Consumer,Monitor,4,1363,0.1,0.5,4906.8,2453.4,2453.4,0.5,2025-09,2025
1360,2034-05-05,North,Technology,Consumer,Storage,7,663,0.29,0.5,3295.1099999999997,1647.5549999999998,1647.5549999999998,0.5,2034-05,2034
1361,2034-12-13,North,Office Supplies,Corporate,Desk,4,892,0.03,0.75,3460.96,2595.7200000000003,865.2399999999998,0.24999999999999994,2034-12,2034
1362,2035-03-24,North,Office Supplies,Corporate,Printer,2,1122,0.27,0.59,1638.12,966.4907999999999,671.6292,0.41000000000000003,2035-03,2035
1363,2024-09-27,South,Technology,Home Office,Laptop,6,685,0.13,0.49,3575.7,1752.0929999999998,1823.607,0.51,2024-09,2024
1364,2027-08-21,South,Office Supplies,Consumer,Desk,9,1930,0.02,0.51,17022.6,8681.526,8341.073999999999,0.49,2027-08,2027
1365,2027-08-10,North,Technology,Consumer,Phone,2,849,0.26,0.53,1256.52,665.9556,590.5644,0.47,2027-08,2027
1366,2036-01-05,West,Technology,Corporate,Chair,1,1290,0.08,0.6,1186.8,712.0799999999999,474.72,0.4,2036-01,2036
1367,2023-04-30,South,Furniture,Home Office,Storage,8,239,0.01,0.55,1892.8799999999999,1041.084,851.7959999999998,0.44999999999999996,2023-04,2023
1368,2025-04-10,West,Technology,Home Office,Desk,1,1262,0.04,0.59,1211.52,714.7968,496.7232,0.41000000000000003,2025-04,2025
1369,2033-01-23,East,Furniture,Consumer,Phone,1,334,0.2,0.5,267.2,133.6,133.6,0.5,2033-01,2033
1370,2026-10-01,West,Office Supplies,Corporate,Laptop,3,1126,0.29,0.55,2398.3799999999997,1319.109,1079.2709999999997,0.44999999999999996,2026-10,2026
1371,2025-01-10,North,Furniture,Consumer,Laptop,5,355,0.03,0.47,1721.75,809.2225,912.5275,0.53,2025-01,2025
1372,2023-04-27,East,Office Supplies,Corporate,Phone,9,470,0.14,0.72,3637.7999999999997,2619.216,1018.5839999999998,0.27999999999999997,2023-04,2023
1373,2030-10-09,South,Technology,Home Office,Storage,2,377,0.05,0.51,716.3,365.313,350.98699999999997,0.49,2030-10,2030
1374,2026-02-24,South,Office Supplies,Consumer,Phone,1,615,0.22,0.68,479.7,326.196,153.50399999999996,0.31999999999999995,2026-02,2026
1375,2028-04-15,East,Office Supplies,Consumer,Chair,1,1003,0.04,0.55,962.88,529.5840000000001,433.29599999999994,0.44999999999999996,2028-04,2028
1376,2025-10-09,West,Technology,Consumer,Laptop,8,1905,0.07,0.59,14173.199999999999,8362.187999999998,5811.012000000001,0.4100000000000001,2025-10,2025
1377,2027-07-23,South,Office Supplies,Home Office,Phone,2,1335,0.06,0.54,2509.7999999999997,1355.292,1154.5079999999998,0.45999999999999996,2027-07,2027
1378,2025-12-17,North,Technology,Consumer,Printer,9,1339,0.17,0.66,10002.33,6601.5378,3400.7922,0.33999999999999997,2025-12,2025
1379,2035-12-13,East,Furniture,Home Office,Printer,9,369,0.26,0.7,2457.54,1720.2779999999998,737.2620000000002,0.3000000000000001,2035-12,2035
1380,2024-05-27,North,Technology,Corporate,Phone,2,575,0.15,0.54,977.5,527.85,449.65,0.45999999999999996,2024-05,2024
1381,2030-10-20,East,Technology,Home Office,Chair,3,1651,0.02,0.52,4853.94,2524.0488,2329.8911999999996,0.4799999999999999,2030-10,2030
1382,2024-07-13,South,Office Supplies,Corporate,Laptop,2,1027,0.17,0.65,1704.82,1108.133,596.6869999999999,0.35,2024-07,2024
1383,2033-01-20,West,Furniture,Home Office,Printer,6,163,0.24,0.51,743.28,379.0728,364.2072,0.49,2033-01,2033
1384,2035-07-20,East,Technology,Home Office,Phone,7,1874,0.04,0.64,12593.279999999999,8059.699199999999,4533.5808,0.36,2035-07,2035
1385,2036-09-01,East,Furniture,Consumer,Monitor,6,559,0.02,0.48,3286.92,1577.7216,1709.1984,0.52,2036-09,2036
1386,2032-02-26,North,Furniture,Home Office,Phone,3,1139,0.06,0.64,3211.98,2055.6672,1156.3128000000002,0.36000000000000004,2032-02,2032
1387,2034-02-22,South,Office Supplies,Consumer,Desk,3,663,0.22,0.6,1551.42,930.852,620.5680000000001,0.4,2034-02,2034
1388,2036-02-21,North,Technology,Corporate,Phone,2,1142,0.18,0.48,1872.88,898.9824,973.8976000000001,0.52,2036-02,2036
1389,2027-01-10,South,Office Supplies,Corporate,Chair,2,1448,0.16,0.64,2432.64,1556.8896,875.7503999999999,0.36,2027-01,2027
1390,2024-08-03,North,Technology,Consumer,Printer,5,1007,0.07,0.58,4682.549999999999,2715.8789999999995,1966.6709999999998,0.42000000000000004,2024-08,2024
1391,2029-04-13,East,Furniture,Corporate,Desk,8,192,0.1,0.52,1382.4,718.8480000000001,663.552,0.48,2029-04,2029
1392,2031-08-14,North,Technology,Home Office,Printer,6,872,0.29,0.56,3714.72,2080.2432,1634.4768,0.44,2031-08,2031
1393,2034-08-20,West,Technology,Consumer,Printer,9,909,0.07,0.6,7608.33,4564.998,3043.3320000000003,0.4,2034-08,2034
1394,2027-08-07,South,Furniture,Consumer,Chair,5,1140,0.27,0.48,4161.0,1997.28,2163.7200000000003,0.52,2027-08,2027
1395,2032-08-07,South,Furniture,Consumer,Phone,4,1746,0.17,0.74,5796.719999999999,4289.5728,1507.1471999999994,0.25999999999999995,2032-08,2032
1396,2030-07-07,East,Technology,Corporate,Chair,9,939,0.04,0.65,8112.96,5273.424,2839.536,0.35000000000000003,2030-07,2030
1397,2032-03-10,South,Office Supplies,Corporate,Phone,5,1995,0.14,0.48,8578.5,4117.68,4460.82,0.52,2032-03,2032
1398,2034-01-28,West,Technology,Home Office,Desk,1,587,0.28,0.7,422.64,295.84799999999996,126.79200000000003,0.3000000000000001,2034-01,2034
1399,2026-05-28,North,Furniture,Home Office,Chair,5,1217,0.13,0.55,5293.95,2911.6725,2382.2774999999997,0.44999999999999996,2026-05,2026
1400,2031-07-16,East,Office Supplies,Consumer,Chair,5,1133,0.26,0.63,4192.1,2641.023,1551.0770000000002,0.37,2031-07,2031
1401,2028-11-11,West,Furniture,Home Office,Monitor,5,1847,0.08,0.53,8496.2,4502.986000000001,3993.214,0.47,2028-11,2028
1402,2031-05-18,South,Furniture,Corporate,Storage,2,848,0.17,0.67,1407.6799999999998,943.1456,464.5343999999999,0.32999999999999996,2031-05,2031
1403,2035-06-15,South,Office Supplies,Home Office,Laptop,6,1889,0.25,0.67,8500.5,5695.335,2805.165,0.33,2035-06,2035
1404,2031-02-07,West,Furniture,Corporate,Chair,5,627,0.28,0.62,2257.2,1399.464,857.7359999999999,0.37999999999999995,2031-02,2031
1405,2029-03-15,North,Furniture,Home Office,Storage,2,1612,0.15,0.52,2740.4,1425.008,1315.392,0.48,2029-03,2029
1406,2029-10-15,North,Furniture,Corporate,Paper,8,1267,0.19,0.53,8210.16,4351.3848,3858.7752,0.47000000000000003,2029-10,2029
1407,2035-09-21,East,Furniture,Corporate,Laptop,6,653,0.0,0.56,3918.0,2194.0800000000004,1723.9199999999996,0.4399999999999999,2035-09,2035
1408,2027-06-24,South,Furniture,Home Office,Monitor,3,614,0.08,0.49,1694.64,830.3736,864.2664000000001,0.51,2027-06,2027
1409,2027-10-24,West,Furniture,Home Office,Phone,9,1593,0.08,0.55,13190.04,7254.522000000001,5935.518,0.44999999999999996,2027-10,2027
1410,2035-03-11,North,Furniture,Corporate,Paper,4,476,0.03,0.66,1846.8799999999999,1218.9408,627.9391999999998,0.3399999999999999,2035-03,2035
1411,2028-09-01,East,Furniture,Consumer,Phone,3,1791,0.08,0.7,4943.16,3460.2119999999995,1482.9480000000003,0.3000000000000001,2028-09,2028
1412,2030-10-20,South,Furniture,Home Office,Phone,7,1617,0.1,0.55,10187.1,5602.905000000001,4584.195,0.44999999999999996,2030-10,2030
1413,2031-11-26,South,Technology,Corporate,Storage,8,1808,0.29,0.52,10269.439999999999,5340.108799999999,4929.3312,0.48000000000000004,2031-11,2031
1414,2033-03-19,East,Technology,Home Office,Storage,7,583,0.2,0.7,3264.8,2285.36,979.44,0.3,2033-03,2033
1415,2029-10-25,East,Furniture,Home Office,Laptop,1,551,0.13,0.72,479.37,345.14639999999997,134.22360000000003,0.2800000000000001,2029-10,2029
1416,2027-06-20,North,Technology,Home Office,Phone,1,1659,0.3,0.57,1161.3,661.9409999999999,499.35900000000004,0.43000000000000005,2027-06,2027
1417,2030-09-17,West,Office Supplies,Home Office,Printer,5,886,0.05,0.46,4208.5,1935.91,2272.59,0.54,2030-09,2030
1418,2025-10-12,South,Technology,Home Office,Paper,8,1198,0.14,0.66,8242.24,5439.8784000000005,2802.3615999999993,0.3399999999999999,2025-10,2025
1419,2026-09-10,West,Furniture,Consumer,Chair,3,1163,0.19,0.69,2826.09,1950.0021,876.0879000000002,0.31000000000000005,2026-09,2026
1420,2035-08-17,South,Furniture,Consumer,Storage,8,401,0.02,0.46,3143.84,1446.1664,1697.6736,0.54,2035-08,2035
1421,2031-06-15,South,Technology,Consumer,Storage,3,1675,0.22,0.63,3919.5,2469.285,1450.2150000000001,0.37000000000000005,2031-06,2031
1422,2030-10-10,West,Furniture,Corporate,Storage,4,1185,0.03,0.63,4597.8,2896.614,1701.1860000000001,0.37,2030-10,2030
1423,2023-12-02,East,Office Supplies,Consumer,Laptop,7,1873,0.04,0.56,12586.56,7048.4736,5538.086399999999,0.43999999999999995,2023-12,2023
1424,2035-07-29,North,Office Supplies,Consumer,Phone,3,1626,0.05,0.67,4634.099999999999,3104.8469999999998,1529.2529999999997,0.32999999999999996,2035-07,2035
1425,2025-06-14,South,Furniture,Corporate,Printer,4,1098,0.28,0.58,3162.24,1834.0991999999997,1328.1408000000001,0.4200000000000001,2025-06,2025
1426,2032-09-16,East,Office Supplies,Consumer,Chair,8,1368,0.2,0.65,8755.2,5690.880000000001,3064.3199999999997,0.3499999999999999,2032-09,2032
1427,2025-05-01,South,Office Supplies,Home Office,Chair,4,117,0.2,0.61,374.40000000000003,228.38400000000001,146.01600000000002,0.39,2025-05,2025
1428,2027-08-15,North,Technology,Consumer,Phone,9,1775,0.17,0.52,13259.25,6894.81,6364.44,0.48,2027-08,2027
1429,2028-04-15,South,Office Supplies,Consumer,Printer,4,497,0.09,0.63,1809.0800000000002,1139.7204000000002,669.3596,0.37,2028-04,2028
1430,2033-04-04,North,Technology,Consumer,Laptop,4,1106,0.19,0.67,3583.44,2400.9048000000003,1182.5351999999998,0.32999999999999996,2033-04,2033
1431,2029-08-24,North,Furniture,Home Office,Storage,5,693,0.12,0.74,3049.2,2256.408,792.7919999999999,0.26,2029-08,2029
1432,2027-04-18,South,Technology,Home Office,Storage,1,288,0.04,0.56,276.48,154.82880000000003,121.65119999999999,0.43999999999999995,2027-04,2027
1433,2033-12-14,South,Furniture,Home Office,Paper,7,1743,0.21,0.47,9638.79,4530.2313,5108.5587000000005,0.53,2033-12,2033
1434,2030-07-01,North,Furniture,Home Office,Paper,9,1869,0.04,0.75,16148.16,12111.119999999999,4037.040000000001,0.25000000000000006,2030-07,2030
1435,2032-07-30,East,Furniture,Corporate,Paper,9,1903,0.06,0.64,16099.38,10303.6032,5795.7768,0.36,2032-07,2032
1436,2033-09-18,West,Furniture,Home Office,Monitor,1,203,0.25,0.73,152.25,111.1425,41.1075,0.27,2033-09,2033
1437,2025-12-02,North,Furniture,Home Office,Phone,6,1769,0.2,0.48,8491.2,4075.7760000000003,4415.424000000001,0.52,2025-12,2025
1438,2034-12-29,South,Technology,Home Office,Chair,3,1467,0.19,0.55,3564.8100000000004,1960.6455000000003,1604.1645,0.44999999999999996,2034-12,2034
1439,2029-09-10,South,Furniture,Home Office,Storage,4,1494,0.13,0.49,5199.12,2547.5688,2651.5512,0.51,2029-09,2029
1440,2034-03-31,East,Office Supplies,Corporate,Monitor,8,132,0.12,0.7,929.28,650.496,278.784,0.3,2034-03,2034
1441,2032-03-27,West,Office Supplies,Consumer,Chair,4,848,0.21,0.71,2679.6800000000003,1902.5728000000001,777.1072000000001,0.29000000000000004,2032-03,2032
1442,2033-11-13,North,Furniture,Consumer,Chair,8,473,0.22,0.6,2951.52,1770.912,1180.608,0.39999999999999997,2033-11,2033
1443,2029-12-21,North,Office Supplies,Home Office,Phone,4,1971,0.15,0.51,6701.4,3417.714,3283.6859999999997,0.49,2029-12,2029
1444,2025-01-23,West,Technology,Home Office,Desk,9,1301,0.29,0.49,8313.39,4073.5610999999994,4239.8289,0.5100000000000001,2025-01,2025
1445,2028-09-13,North,Technology,Home Office,Paper,6,1135,0.29,0.63,4835.099999999999,3046.113,1788.9869999999996,0.36999999999999994,2028-09,2028
1446,2030-08-06,West,Furniture,Consumer,Monitor,1,1986,0.12,0.6,1747.68,1048.608,699.0720000000001,0.4000000000000001,2030-08,2030
1447,2030-12-06,South,Furniture,Consumer,Desk,2,840,0.25,0.66,1260.0,831.6,428.4,0.33999999999999997,2030-12,2030
1448,2034-06-17,West,Furniture,Home Office,Desk,7,1944,0.16,0.54,11430.72,6172.5888,5258.131199999999,0.4599999999999999,2034-06,2034
1449,2025-02-14,North,Office Supplies,Consumer,Monitor,7,1904,0.15,0.57,11328.8,6457.415999999999,4871.384,0.43000000000000005,2025-02,2025
1450,2027-06-14,West,Office Supplies,Corporate,Printer,3,989,0.02,0.46,2907.66,1337.5236,1570.1363999999999,0.54,2027-06,2027
1451,2031-05-28,East,Technology,Home Office,Paper,1,555,0.17,0.63,460.65,290.2095,170.4405,0.37,2031-05,2031
1452,2024-02-22,South,Office Supplies,Home Office,Phone,8,1993,0.27,0.58,11639.119999999999,6750.689599999999,4888.4304,0.42000000000000004,2024-02,2024
1453,2023-04-25,South,Technology,Corporate,Monitor,7,1766,0.23,0.73,9518.74,6948.6802,2570.0598,0.27,2023-04,2023
1454,2024-09-08,West,Office Supplies,Corporate,Chair,8,348,0.24,0.64,2115.84,1354.1376,761.7024000000001,0.36000000000000004,2024-09,2024
1455,2033-11-18,North,Technology,Consumer,Monitor,1,547,0.05,0.57,519.65,296.2005,223.4495,0.43,2033-11,2033
1456,2031-12-12,East,Furniture,Corporate,Storage,3,1117,0.11,0.53,2982.39,1580.6667,1401.7232999999999,0.47,2031-12,2031
1457,2025-04-05,South,Office Supplies,Home Office,Monitor,2,1079,0.07,0.72,2006.9399999999998,1444.9968,561.9431999999999,0.27999999999999997,2025-04,2025
1458,2027-02-25,South,Technology,Consumer,Printer,1,1693,0.09,0.45,1540.63,693.2835000000001,847.3465,0.5499999999999999,2027-02,2027
1459,2031-08-13,North,Office Supplies,Corporate,Paper,5,1127,0.17,0.55,4677.05,2572.3775000000005,2104.6724999999997,0.4499999999999999,2031-08,2031
1460,2024-02-17,North,Furniture,Consumer,Paper,3,1359,0.11,0.73,3628.53,2648.8269,979.7031000000002,0.27,2024-02,2024
1461,2024-12-29,East,Technology,Consumer,Desk,8,272,0.17,0.65,1806.08,1173.952,632.1279999999999,0.35,2024-12,2024
1462,2032-03-02,West,Office Supplies,Consumer,Laptop,6,1445,0.13,0.61,7542.9,4601.169,2941.7309999999998,0.39,2032-03,2032
1463,2030-09-09,North,Office Supplies,Consumer,Paper,9,470,0.09,0.51,3849.3,1963.143,1886.1570000000002,0.49,2030-09,2030
1464,2024-11-06,West,Furniture,Corporate,Paper,9,1671,0.03,0.7,14587.83,10211.481,4376.349,0.3,2024-11,2024
1465,2032-06-27,East,Furniture,Home Office,Printer,6,890,0.27,0.51,3898.2,1988.0819999999999,1910.118,0.49,2032-06,2032
1466,2029-11-09,West,Technology,Home Office,Printer,2,848,0.0,0.52,1696.0,881.9200000000001,814.0799999999999,0.48,2029-11,2029
1467,2031-02-15,South,Office Supplies,Corporate,Phone,9,886,0.0,0.51,7974.0,4066.7400000000002,3907.2599999999998,0.49,2031-02,2031
1468,2030-08-18,West,Office Supplies,Home Office,Storage,2,1419,0.25,0.5,2128.5,1064.25,1064.25,0.5,2030-08,2030
1469,2026-01-27,East,Furniture,Consumer,Printer,3,939,0.3,0.74,1971.8999999999999,1459.206,512.694,0.26,2026-01,2026
1470,2034-03-03,East,Furniture,Consumer,Monitor,6,499,0.22,0.63,2335.32,1471.2516,864.0684000000001,0.37,2034-03,2034
1471,2027-04-21,East,Technology,Consumer,Storage,2,1181,0.0,0.64,2362.0,1511.68,850.3199999999999,0.36,2027-04,2027
1472,2028-11-13,West,Office Supplies,Corporate,Phone,5,1998,0.07,0.74,9290.699999999999,6875.1179999999995,2415.5819999999994,0.25999999999999995,2028-11,2028
1473,2027-08-15,South,Office Supplies,Consumer,Monitor,2,1653,0.29,0.52,2347.2599999999998,1220.5752,1126.6847999999998,0.4799999999999999,2027-08,2027
1474,2034-04-25,North,Technology,Consumer,Paper,4,647,0.24,0.45,1966.88,885.0960000000001,1081.784,0.55,2034-04,2034
1475,2033-07-18,South,Technology,Corporate,Laptop,3,507,0.17,0.63,1262.4299999999998,795.3308999999999,467.0990999999999,0.37,2033-07,2033
1476,2032-06-02,West,Furniture,Consumer,Chair,5,740,0.07,0.6,3440.9999999999995,2064.5999999999995,1376.4,0.4000000000000001,2032-06,2032
1477,2033-04-24,West,Furniture,Consumer,Chair,6,1636,0.0,0.59,9816.0,5791.44,4024.5600000000004,0.41000000000000003,2033-04,2033
1478,2029-05-15,North,Technology,Home Office,Desk,7,163,0.01,0.47,1129.59,530.9073,598.6827,0.53,2029-05,2029
1479,2030-12-24,West,Technology,Corporate,Paper,8,673,0.18,0.59,4414.88,2604.7792,1810.1008000000002,0.41000000000000003,2030-12,2030
1480,2036-08-08,East,Office Supplies,Consumer,Desk,9,519,0.01,0.54,4624.29,2497.1166000000003,2127.1733999999997,0.4599999999999999,2036-08,2036
1481,2033-10-27,East,Technology,Consumer,Laptop,4,1966,0.3,0.53,5504.799999999999,2917.544,2587.2559999999994,0.47,2033-10,2033
1482,2024-08-18,East,Technology,Consumer,Chair,4,245,0.06,0.52,921.1999999999999,479.024,442.17599999999993,0.48,2024-08,2024
1483,2024-12-29,East,Office Supplies,Consumer,Desk,7,1395,0.21,0.55,7714.35,4242.892500000001,3471.4574999999995,0.4499999999999999,2024-12,2024
1484,2026-09-27,East,Technology,Home Office,Paper,9,116,0.05,0.56,991.8,555.408,436.39199999999994,0.43999999999999995,2026-09,2026
1485,2035-04-20,West,Furniture,Home Office,Storage,2,1915,0.16,0.54,3217.2,1737.288,1479.9119999999998,0.45999999999999996,2035-04,2035
1486,2024-11-29,North,Furniture,Home Office,Printer,6,197,0.02,0.74,1158.36,857.1863999999999,301.17359999999996,0.26,2024-11,2024
1487,2024-01-31,North,Office Supplies,Home Office,Phone,8,551,0.23,0.73,3394.16,2477.7367999999997,916.4232000000002,0.2700000000000001,2024-01,2024
1488,2034-06-03,East,Technology,Corporate,Monitor,5,1862,0.18,0.62,7634.200000000001,4733.204000000001,2900.996,0.37999999999999995,2034-06,2034
1489,2034-12-09,West,Furniture,Consumer,Desk,5,1074,0.03,0.74,5208.9,3854.586,1354.3139999999999,0.26,2034-12,2034
1490,2029-11-07,South,Furniture,Home Office,Laptop,8,997,0.25,0.75,5982.0,4486.5,1495.5,0.25,2029-11,2029
1491,2027-12-25,South,Furniture,Consumer,Monitor,1,1115,0.16,0.56,936.5999999999999,524.496,412.1039999999999,0.43999999999999995,2027-12,2027
1492,2024-12-18,West,Furniture,Corporate,Chair,6,1366,0.28,0.58,5901.12,3422.6495999999997,2478.4704,0.42000000000000004,2024-12,2024
1493,2030-08-14,East,Technology,Consumer,Paper,9,578,0.27,0.74,3797.46,2810.1204,987.3396000000002,0.26000000000000006,2030-08,2030
1494,2036-07-17,North,Technology,Consumer,Laptop,6,300,0.28,0.63,1296.0,816.48,479.52,0.37,2036-07,2036
1495,2032-10-17,West,Technology,Home Office,Phone,7,1596,0.02,0.51,10948.56,5583.7656,5364.7944,0.49,2032-10,2032
1496,2023-05-24,South,Technology,Home Office,Phone,4,278,0.04,0.66,1067.52,704.5632,362.95679999999993,0.3399999999999999,2023-05,2023
1497,2036-08-20,South,Furniture,Corporate,Laptop,1,607,0.3,0.51,424.9,216.69899999999998,208.201,0.49,2036-08,2036
1498,2031-08-07,South,Office Supplies,Consumer,Desk,9,552,0.15,0.55,4222.8,2322.5400000000004,1900.2599999999998,0.4499999999999999,2031-08,2031
1499,2035-04-19,East,Office Supplies,Home Office,Desk,6,369,0.07,0.52,2059.02,1070.6904,988.3296,0.48000000000000004,2035-04,2035
1500,2031-01-17,South,Furniture,Home Office,Chair,3,1357,0.23,0.52,3134.67,1630.0284000000001,1504.6416,0.48,2031-01,2031
1501,2032-12-15,West,Furniture,Home Office,Storage,4,1747,0.08,0.45,6428.96,2893.032,3535.928,0.5499999999999999,2032-12,2032
1502,2031-10-28,West,Office Supplies,Corporate,Chair,6,585,0.22,0.71,2737.8,1943.838,793.9620000000002,0.29000000000000004,2031-10,2031
1503,2026-03-13,South,Office Supplies,Consumer,Printer,6,677,0.25,0.54,3046.5,1645.1100000000001,1401.3899999999999,0.45999999999999996,2026-03,2026
1504,2030-03-01,West,Furniture,Home Office,Storage,9,437,0.24,0.48,2989.08,1434.7584,1554.3216,0.52,2030-03,2030
1505,2025-11-28,South,Furniture,Consumer,Paper,4,960,0.08,0.48,3532.8,1695.744,1837.0560000000003,0.52,2025-11,2025
1506,2028-11-26,South,Technology,Corporate,Monitor,5,856,0.12,0.62,3766.4,2335.168,1431.232,0.38,2028-11,2028
1507,2031-03-02,North,Technology,Consumer,Paper,5,856,0.12,0.75,3766.4,2824.8,941.5999999999999,0.24999999999999997,2031-03,2031
1508,2032-01-08,East,Office Supplies,Home Office,Printer,3,1571,0.15,0.49,4006.0499999999997,1962.9644999999998,2043.0855,0.51,2032-01,2032
1509,2035-12-13,East,Furniture,Consumer,Chair,2,683,0.05,0.48,1297.7,622.896,674.8040000000001,0.52,2035-12,2035
1510,2026-03-02,North,Office Supplies,Consumer,Storage,8,1480,0.14,0.58,10182.4,5905.7919999999995,4276.608,0.42000000000000004,2026-03,2026
1511,2025-01-02,North,Technology,Corporate,Storage,9,1172,0.15,0.62,8965.8,5558.795999999999,3407.004,0.38,2025-01,2025
1512,2034-11-09,East,Technology,Corporate,Printer,9,1619,0.16,0.54,12239.64,6609.4056,5630.234399999999,0.45999999999999996,2034-11,2034
1513,2036-04-08,South,Office Supplies,Consumer,Paper,5,445,0.25,0.54,1668.75,901.1250000000001,767.6249999999999,0.4599999999999999,2036-04,2036
1514,2025-08-11,South,Technology,Consumer,Laptop,9,801,0.16,0.58,6055.5599999999995,3512.2247999999995,2543.3352,0.42000000000000004,2025-08,2025
1515,2029-12-14,East,Furniture,Consumer,Desk,4,392,0.07,0.54,1458.24,787.4496,670.7904,0.45999999999999996,2029-12,2029
1516,2032-02-07,South,Office Supplies,Corporate,Storage,2,1812,0.2,0.72,2899.2000000000003,2087.424,811.7760000000003,0.2800000000000001,2032-02,2032
1517,2032-01-15,North,Furniture,Corporate,Monitor,3,1796,0.24,0.46,4094.88,1883.6448,2211.2352,0.54,2032-01,2032
1518,2027-03-23,South,Furniture,Consumer,Monitor,1,1273,0.1,0.52,1145.7,595.764,549.936,0.48000000000000004,2027-03,2027
1519,2026-04-06,South,Technology,Corporate,Storage,5,1705,0.19,0.69,6905.25,4764.6224999999995,2140.6275000000005,0.31000000000000005,2026-04,2026
1520,2031-03-13,West,Furniture,Home Office,Printer,1,1668,0.04,0.7,1601.28,1120.896,480.384,0.3,2031-03,2031
1521,2030-05-05,West,Office Supplies,Corporate,Storage,1,895,0.1,0.48,805.5,386.64,418.86,0.52,2030-05,2030
1522,2026-05-02,West,Furniture,Corporate,Paper,7,1979,0.27,0.74,10112.69,7483.390600000001,2629.2994,0.25999999999999995,2026-05,2026
1523,2027-03-21,South,Furniture,Corporate,Printer,2,1121,0.27,0.66,1636.6599999999999,1080.1956,556.4643999999998,0.3399999999999999,2027-03,2027
1524,2031-11-11,East,Furniture,Home Office,Laptop,8,1383,0.17,0.53,9183.119999999999,4867.053599999999,4316.0664,0.47000000000000003,2031-11,2031
1525,2029-07-14,North,Furniture,Home Office,Monitor,6,1445,0.21,0.59,6849.3,4041.087,2808.213,0.41000000000000003,2029-07,2029
1526,2033-03-08,South,Furniture,Home Office,Storage,4,176,0.26,0.54,520.96,281.31840000000005,239.64159999999998,0.4599999999999999,2033-03,2033
1527,2026-10-20,East,Technology,Consumer,Phone,9,1233,0.29,0.5,7878.87,3939.435,3939.435,0.5,2026-10,2026
1528,2028-01-31,South,Office Supplies,Consumer,Chair,8,916,0.15,0.54,6228.8,3363.552,2865.248,0.46,2028-01,2028
1529,2026-09-27,North,Technology,Home Office,Monitor,3,995,0.17,0.62,2477.5499999999997,1536.081,941.4689999999998,0.37999999999999995,2026-09,2026
1530,2024-05-14,South,Office Supplies,Consumer,Laptop,3,750,0.12,0.7,1980.0,1386.0,594.0,0.3,2024-05,2024
1531,2027-08-08,North,Office Supplies,Consumer,Phone,4,646,0.02,0.56,2532.32,1418.0992000000003,1114.2207999999998,0.4399999999999999,2027-08,2027
1532,2024-05-25,South,Office Supplies,Consumer,Monitor,9,1546,0.13,0.55,12105.18,6657.849000000001,5447.330999999999,0.4499999999999999,2024-05,2024
1533,2034-10-22,North,Office Supplies,Home Office,Laptop,9,493,0.24,0.59,3372.12,1989.5507999999998,1382.5692000000001,0.41000000000000003,2034-10,2034
1534,2026-08-17,South,Office Supplies,Corporate,Desk,5,1358,0.24,0.64,5160.4,3302.656,1857.7439999999997,0.36,2026-08,2026
1535,2026-03-01,North,Furniture,Home Office,Laptop,9,1453,0.27,0.68,9546.21,6491.4228,3054.787199999999,0.3199999999999999,2026-03,2026
1536,2028-01-02,West,Technology,Home Office,Laptop,6,1835,0.02,0.55,10789.8,5934.39,4855.409999999999,0.44999999999999996,2028-01,2028
1537,2031-08-08,South,Technology,Consumer,Desk,8,424,0.16,0.63,2849.2799999999997,1795.0464,1054.2335999999998,0.36999999999999994,2031-08,2031
1538,2032-07-18,South,Furniture,Consumer,Storage,8,250,0.03,0.57,1940.0,1105.8,834.2,0.43000000000000005,2032-07,2032
1539,2027-12-16,East,Office Supplies,Corporate,Chair,7,1669,0.06,0.66,10982.019999999999,7248.133199999999,3733.8867999999993,0.33999999999999997,2027-12,2027
1540,2031-01-02,East,Technology,Corporate,Paper,4,1759,0.27,0.5,5136.28,2568.14,2568.14,0.5,2031-01,2031
1541,2029-01-23,North,Furniture,Corporate,Phone,4,978,0.15,0.53,3325.2,1762.356,1562.8439999999998,0.47,2029-01,2029
1542,2034-06-18,South,Furniture,Corporate,Monitor,6,1155,0.23,0.58,5336.1,3094.938,2241.1620000000003,0.42000000000000004,2034-06,2034
1543,2024-12-14,North,Technology,Home Office,Paper,9,371,0.02,0.72,3272.22,2355.9984,916.2215999999999,0.27999999999999997,2024-12,2024
1544,2032-11-11,West,Technology,Corporate,Printer,7,935,0.13,0.62,5694.15,3530.3729999999996,2163.777,0.38,2032-11,2032
1545,2034-04-27,East,Office Supplies,Home Office,Chair,5,1945,0.2,0.74,7780.0,5757.2,2022.8000000000002,0.26,2034-04,2034
1546,2032-08-23,North,Office Supplies,Consumer,Paper,5,1759,0.04,0.48,8443.199999999999,4052.7359999999994,4390.464,0.52,2032-08,2032
1547,2034-09-08,North,Technology,Corporate,Monitor,8,467,0.1,0.59,3362.4,1983.816,1378.584,0.41000000000000003,2034-09,2034
1548,2036-01-01,East,Office Supplies,Consumer,Laptop,6,1615,0.02,0.58,9496.2,5507.796,3988.4040000000005,0.42000000000000004,2036-01,2036
1549,2036-04-11,South,Furniture,Consumer,Paper,1,1439,0.2,0.63,1151.2,725.2560000000001,425.94399999999996,0.36999999999999994,2036-04,2036
1550,2026-05-28,North,Office Supplies,Home Office,Printer,1,689,0.29,0.69,489.19,337.5411,151.64890000000003,0.31000000000000005,2026-05,2026
1551,2033-02-26,East,Office Supplies,Corporate,Desk,9,687,0.25,0.7,4637.25,3246.075,1391.1750000000002,0.30000000000000004,2033-02,2033
1552,2025-12-17,South,Furniture,Home Office,Paper,8,671,0.29,0.65,3811.2799999999997,2477.332,1333.9479999999999,0.35,2025-12,2025
1553,2024-03-31,West,Office Supplies,Consumer,Chair,6,1720,0.25,0.64,7740.0,4953.6,2786.3999999999996,0.35999999999999993,2024-03,2024
1554,2036-06-25,East,Furniture,Corporate,Storage,1,1491,0.26,0.73,1103.34,805.4381999999999,297.9018,0.27,2036-06,2036
1555,2025-06-13,North,Office Supplies,Consumer,Phone,2,179,0.17,0.57,297.14,169.36979999999997,127.77020000000002,0.43000000000000005,2025-06,2025
1556,2026-10-16,West,Technology,Consumer,Chair,3,1295,0.16,0.7,3263.4,2284.38,979.02,0.3,2026-10,2026
1557,2028-05-12,South,Office Supplies,Corporate,Chair,3,357,0.12,0.73,942.48,688.0104,254.4696,0.27,2028-05,2028
1558,2031-05-31,South,Technology,Corporate,Storage,2,378,0.25,0.6,567.0,340.2,226.8,0.4,2031-05,2031
1559,2028-06-19,East,Technology,Corporate,Printer,2,603,0.05,0.67,1145.7,767.619,378.081,0.33,2028-06,2028
1560,2034-09-25,East,Technology,Home Office,Desk,6,1856,0.02,0.56,10913.28,6111.436800000001,4801.843199999999,0.4399999999999999,2034-09,2034
1561,2024-05-19,East,Technology,Home Office,Storage,7,657,0.28,0.5,3311.2799999999997,1655.6399999999999,1655.6399999999999,0.5,2024-05,2024
1562,2026-04-29,South,Technology,Consumer,Monitor,4,590,0.0,0.63,2360.0,1486.8,873.2,0.37,2026-04,2026
1563,2027-03-12,West,Furniture,Corporate,Desk,1,1708,0.29,0.51,1212.6799999999998,618.4667999999999,594.2131999999999,0.49,2027-03,2027
1564,2032-06-02,South,Furniture,Consumer,Storage,6,665,0.22,0.59,3112.2000000000003,1836.198,1276.0020000000002,0.41000000000000003,2032-06,2032
1565,2025-04-03,North,Furniture,Consumer,Chair,7,1962,0.1,0.71,12360.6,8776.026,3584.5740000000005,0.29000000000000004,2025-04,2025
1566,2025-07-17,South,Technology,Consumer,Desk,4,1856,0.21,0.48,5864.96,2815.1808,3049.7792,0.52,2025-07,2025
1567,2023-05-14,North,Office Supplies,Consumer,Printer,6,1460,0.25,0.46,6570.0,3022.2000000000003,3547.7999999999997,0.5399999999999999,2023-05,2023
1568,2028-10-06,West,Furniture,Consumer,Printer,9,620,0.07,0.63,5189.4,3269.3219999999997,1920.078,0.37,2028-10,2028
1569,2032-12-06,East,Office Supplies,Corporate,Phone,4,425,0.23,0.55,1309.0,719.95,589.05,0.44999999999999996,2032-12,2032
1570,2036-02-02,East,Office Supplies,Home Office,Desk,4,1295,0.24,0.58,3936.8,2283.344,1653.4560000000001,0.42000000000000004,2036-02,2036
1571,2028-01-27,South,Technology,Corporate,Phone,5,183,0.07,0.57,850.9499999999999,485.0414999999999,365.9085,0.43000000000000005,2028-01,2028
1572,2036-06-11,East,Technology,Corporate,Monitor,3,1965,0.01,0.48,5836.05,2801.304,3034.746,0.52,2036-06,2036
1573,2034-06-07,West,Technology,Corporate,Storage,2,940,0.06,0.45,1767.1999999999998,795.2399999999999,971.9599999999999,0.55,2034-06,2034
1574,2031-01-12,East,Furniture,Home Office,Laptop,9,1647,0.06,0.72,13933.619999999999,10032.2064,3901.4136,0.28,2031-01,2031
1575,2031-12-29,South,Technology,Home Office,Monitor,1,1604,0.02,0.52,1571.92,817.3984,754.5216,0.48,2031-12,2031
1576,2034-10-08,West,Furniture,Home Office,Printer,5,1667,0.22,0.58,6501.3,3770.754,2730.5460000000003,0.42000000000000004,2034-10,2034
1577,2030-09-12,North,Furniture,Corporate,Chair,5,1541,0.11,0.74,6857.45,5074.513,1782.937,0.26,2030-09,2030
1578,2026-06-04,South,Furniture,Home Office,Paper,8,1462,0.27,0.7,8538.08,5976.656,2561.424,0.3,2026-06,2026
1579,2032-08-13,North,Furniture,Consumer,Printer,6,1924,0.08,0.48,10620.48,5097.8304,5522.6496,0.52,2032-08,2032
1580,2026-06-10,West,Technology,Home Office,Laptop,6,419,0.14,0.6,2162.04,1297.224,864.816,0.4,2026-06,2026
1581,2032-03-30,South,Furniture,Corporate,Chair,6,403,0.19,0.67,1958.5800000000002,1312.2486000000001,646.3314,0.33,2032-03,2032
1582,2032-07-18,South,Technology,Corporate,Desk,4,1395,0.26,0.66,4129.2,2725.272,1403.9279999999999,0.33999999999999997,2032-07,2032
1583,2032-10-24,West,Technology,Consumer,Paper,1,789,0.16,0.68,662.76,450.6768,212.08319999999998,0.31999999999999995,2032-10,2032
1584,2026-10-28,East,Furniture,Home Office,Desk,3,1237,0.11,0.59,3302.79,1948.6461,1354.1439,0.41000000000000003,2026-10,2026
1585,2032-12-16,South,Technology,Home Office,Monitor,6,506,0.26,0.5,2246.64,1123.32,1123.32,0.5,2032-12,2032
1586,2032-02-13,South,Office Supplies,Consumer,Paper,5,1149,0.09,0.59,5227.95,3084.4905,2143.4595,0.41,2032-02,2032
1587,2030-05-27,North,Technology,Corporate,Printer,1,1360,0.02,0.64,1332.8,852.992,479.808,0.36,2030-05,2030
1588,2024-04-15,East,Technology,Corporate,Chair,5,1433,0.13,0.63,6233.55,3927.1365,2306.4135,0.37,2024-04,2024
1589,2026-09-15,North,Furniture,Home Office,Storage,2,783,0.24,0.47,1190.16,559.3752000000001,630.7848,0.53,2026-09,2026
1590,2030-08-15,North,Furniture,Home Office,Paper,1,332,0.01,0.47,328.68,154.4796,174.2004,0.53,2030-08,2030
1591,2030-10-02,East,Technology,Home Office,Chair,4,1121,0.18,0.74,3676.88,2720.8912,955.9888000000001,0.26,2030-10,2030
1592,2023-12-24,East,Furniture,Home Office,Phone,6,648,0.18,0.5,3188.1600000000003,1594.0800000000002,1594.0800000000002,0.5,2023-12,2023
1593,2031-04-08,West,Office Supplies,Home Office,Laptop,7,1388,0.28,0.54,6995.5199999999995,3777.5808,3217.9391999999993,0.45999999999999996,2031-04,2031
1594,2024-10-29,East,Office Supplies,Corporate,Monitor,9,1136,0.09,0.68,9303.84,6326.6112,2977.2288,0.32,2024-10,2024
1595,2035-03-27,South,Furniture,Corporate,Desk,5,595,0.08,0.57,2737.0,1560.09,1176.91,0.43000000000000005,2035-03,2035
1596,2026-02-19,East,Technology,Corporate,Printer,8,1439,0.13,0.5,10015.44,5007.72,5007.72,0.5,2026-02,2026
1597,2034-06-17,West,Office Supplies,Corporate,Chair,8,717,0.11,0.59,5105.04,3011.9736,2093.0664,0.41000000000000003,2034-06,2034
1598,2033-03-08,West,Office Supplies,Consumer,Desk,9,1761,0.22,0.62,12362.220000000001,7664.576400000001,4697.6436,0.38,2033-03,2033
1599,2030-07-08,West,Technology,Corporate,Printer,3,947,0.19,0.59,2301.21,1357.7139,943.4961000000001,0.41000000000000003,2030-07,2030
1600,2024-06-23,East,Furniture,Consumer,Paper,3,1105,0.23,0.73,2552.55,1863.3615,689.1885000000002,0.2700000000000001,2024-06,2024
1601,2030-08-11,East,Office Supplies,Corporate,Desk,9,483,0.25,0.54,3260.25,1760.535,1499.715,0.45999999999999996,2030-08,2030
1602,2036-08-04,North,Technology,Home Office,Printer,7,1116,0.28,0.65,5624.639999999999,3656.0159999999996,1968.6239999999998,0.35,2036-08,2036
1603,2034-04-29,North,Technology,Home Office,Desk,4,741,0.13,0.48,2578.68,1237.7664,1340.9135999999999,0.52,2034-04,2034
1604,2036-03-28,South,Office Supplies,Home Office,Storage,1,415,0.3,0.57,290.5,165.58499999999998,124.91500000000002,0.43000000000000005,2036-03,2036
1605,2033-05-03,North,Furniture,Consumer,Phone,7,355,0.06,0.67,2335.9,1565.053,770.847,0.32999999999999996,2033-05,2033
1606,2029-11-13,South,Office Supplies,Corporate,Laptop,6,540,0.21,0.52,2559.6,1330.992,1228.608,0.48,2029-11,2029
1607,2030-08-11,West,Technology,Corporate,Desk,3,1238,0.16,0.63,3119.7599999999998,1965.4488,1154.3111999999999,0.37,2030-08,2030
1608,2025-07-13,North,Office Supplies,Consumer,Laptop,5,398,0.25,0.5,1492.5,746.25,746.25,0.5,2025-07,2025
1609,2031-02-04,East,Furniture,Consumer,Desk,3,1014,0.14,0.48,2616.12,1255.7376,1360.3824,0.52,2031-02,2031
1610,2027-05-01,North,Technology,Consumer,Monitor,8,1247,0.24,0.61,7581.76,4624.8736,2956.8864000000003,0.39,2027-05,2027
1611,2032-02-07,South,Furniture,Consumer,Chair,5,355,0.28,0.65,1278.0,830.7,447.29999999999995,0.35,2032-02,2032
1612,2035-04-13,North,Office Supplies,Consumer,Phone,6,750,0.22,0.48,3510.0,1684.8,1825.2,0.52,2035-04,2035
1613,2023-09-13,West,Office Supplies,Home Office,Monitor,2,1841,0.23,0.73,2835.14,2069.6522,765.4877999999999,0.26999999999999996,2023-09,2023
1614,2036-02-26,East,Furniture,Corporate,Storage,8,146,0.02,0.52,1144.6399999999999,595.2127999999999,549.4272,0.48000000000000004,2036-02,2036
1615,2028-01-13,South,Office Supplies,Consumer,Phone,9,1852,0.06,0.49,15667.919999999998,7677.280799999999,7990.6392,0.51,2028-01,2028
1616,2028-04-28,East,Furniture,Home Office,Laptop,3,1954,0.29,0.51,4162.0199999999995,2122.6301999999996,2039.3898,0.49000000000000005,2028-04,2028
1617,2023-01-10,East,Office Supplies,Consumer,Chair,6,1002,0.21,0.5,4749.4800000000005,2374.7400000000002,2374.7400000000002,0.5,2023-01,2023
1618,2030-11-11,South,Furniture,Home Office,Printer,6,562,0.17,0.48,2798.7599999999998,1343.4047999999998,1455.3552,0.52,2030-11,2030
1619,2025-03-08,East,Furniture,Consumer,Monitor,2,1473,0.11,0.69,2621.94,1809.1386,812.8014000000001,0.31,2025-03,2025
1620,2036-08-12,East,Technology,Corporate,Phone,8,1246,0.01,0.6,9868.32,5920.991999999999,3947.3280000000004,0.4000000000000001,2036-08,2036
1621,2025-10-12,North,Technology,Consumer,Storage,5,130,0.11,0.57,578.5,329.74499999999995,248.75500000000005,0.4300000000000001,2025-10,2025
1622,2027-12-30,East,Furniture,Consumer,Monitor,8,154,0.15,0.74,1047.2,774.928,272.27200000000005,0.26,2027-12,2027
1623,2035-03-28,East,Office Supplies,Corporate,Chair,8,252,0.06,0.56,1895.04,1061.2224,833.8175999999999,0.43999999999999995,2035-03,2035
1624,2031-08-03,East,Office Supplies,Corporate,Chair,3,555,0.05,0.5,1581.75,790.875,790.875,0.5,2031-08,2031
1625,2029-01-02,East,Office Supplies,Consumer,Laptop,5,385,0.15,0.53,1636.25,867.2125000000001,769.0374999999999,0.4699999999999999,2029-01,2029
1626,2023-08-12,South,Furniture,Corporate,Storage,7,135,0.18,0.52,774.9000000000001,402.94800000000004,371.95200000000006,0.48000000000000004,2023-08,2023
1627,2036-07-19,West,Furniture,Corporate,Chair,5,917,0.07,0.6,4264.049999999999,2558.4299999999994,1705.62,0.4,2036-07,2036
1628,2034-05-21,North,Furniture,Home Office,Paper,6,1920,0.18,0.54,9446.400000000001,5101.056000000001,4345.344,0.4599999999999999,2034-05,2034
1629,2033-09-30,East,Furniture,Corporate,Chair,2,355,0.27,0.6,518.3,310.97999999999996,207.32,0.4,2033-09,2033
1630,2036-02-06,East,Technology,Corporate,Printer,8,277,0.14,0.65,1905.76,1238.7440000000001,667.0159999999998,0.3499999999999999,2036-02,2036
1631,2033-12-14,South,Furniture,Consumer,Laptop,5,1671,0.26,0.68,6182.7,4204.236,1978.464,0.32,2033-12,2033
1632,2027-06-22,West,Office Supplies,Consumer,Laptop,6,1377,0.28,0.66,5948.639999999999,3926.1023999999998,2022.5375999999997,0.33999999999999997,2027-06,2027
1633,2028-11-22,East,Technology,Home Office,Storage,1,607,0.03,0.51,588.79,300.2829,288.5071,0.49,2028-11,2028
1634,2024-05-25,South,Office Supplies,Consumer,Chair,2,1797,0.03,0.48,3486.18,1673.3663999999999,1812.8136,0.52,2024-05,2024
1635,2024-01-20,North,Furniture,Corporate,Printer,4,120,0.14,0.61,412.8,251.808,160.99200000000002,0.39,2024-01,2024
1636,2024-02-09,North,Technology,Corporate,Desk,9,1929,0.18,0.51,14236.02,7260.3702,6975.6498,0.49,2024-02,2024
1637,2035-08-19,East,Furniture,Corporate,Phone,6,174,0.13,0.48,908.28,435.97439999999995,472.3056,0.52,2035-08,2035
1638,2035-07-08,East,Technology,Consumer,Paper,8,818,0.1,0.61,5889.6,3592.656,2296.9440000000004,0.39000000000000007,2035-07,2035
1639,2028-06-23,West,Office Supplies,Corporate,Monitor,2,559,0.19,0.55,905.58,498.0690000000001,407.51099999999997,0.44999999999999996,2028-06,2028
1640,2030-07-19,West,Furniture,Corporate,Laptop,5,1301,0.0,0.68,6505.0,4423.400000000001,2081.5999999999995,0.3199999999999999,2030-07,2030
1641,2027-07-27,East,Furniture,Home Office,Printer,1,1505,0.29,0.54,1068.55,577.017,491.5329999999999,0.4599999999999999,2027-07,2027
1642,2026-12-31,South,Technology,Home Office,Storage,4,1160,0.07,0.74,4315.2,3193.248,1121.9519999999998,0.25999999999999995,2026-12,2026
1643,2032-12-15,West,Technology,Home Office,Printer,1,1243,0.28,0.68,894.9599999999999,608.5728,286.3871999999999,0.3199999999999999,2032-12,2032
1644,2030-06-17,East,Furniture,Consumer,Chair,9,729,0.03,0.47,6364.17,2991.1598999999997,3373.0101000000004,0.53,2030-06,2030
1645,2036-03-02,West,Technology,Corporate,Paper,2,100,0.07,0.6,186.0,111.6,74.4,0.4,2036-03,2036
1646,2034-06-10,East,Furniture,Corporate,Phone,7,1844,0.07,0.62,12004.439999999999,7442.752799999999,4561.687199999999,0.38,2034-06,2034
1647,2028-08-10,North,Technology,Corporate,Laptop,3,1035,0.3,0.66,2173.5,1434.51,738.99,0.34,2028-08,2028
1648,2034-05-09,East,Office Supplies,Home Office,Desk,2,410,0.0,0.6,820.0,492.0,328.0,0.4,2034-05,2034
1649,2036-02-02,North,Technology,Corporate,Chair,4,1331,0.19,0.6,4312.4400000000005,2587.4640000000004,1724.976,0.39999999999999997,2036-02,2036
1650,2024-12-17,West,Office Supplies,Corporate,Laptop,7,1277,0.26,0.56,6614.86,3704.3216,2910.5383999999995,0.43999999999999995,2024-12,2024
1651,2035-06-11,East,Technology,Corporate,Monitor,7,861,0.2,0.53,4821.6,2555.4480000000003,2266.152,0.47,2035-06,2035
1652,2036-08-16,West,Technology,Corporate,Storage,9,782,0.11,0.73,6263.82,4572.5886,1691.2313999999997,0.26999999999999996,2036-08,2036
1653,2035-07-20,North,Furniture,Corporate,Laptop,3,414,0.29,0.55,881.8199999999999,485.001,396.81899999999996,0.45,2035-07,2035
1654,2027-12-29,East,Technology,Consumer,Printer,7,406,0.27,0.47,2074.66,975.0901999999999,1099.5698,0.53,2027-12,2027
1655,2028-09-12,West,Technology,Corporate,Monitor,6,1627,0.13,0.5,8492.94,4246.47,4246.47,0.5,2028-09,2028
1656,2032-05-12,North,Office Supplies,Consumer,Phone,7,718,0.17,0.71,4171.58,2961.8217999999997,1209.7582000000002,0.29000000000000004,2032-05,2032
1657,2027-04-24,West,Technology,Corporate,Paper,7,1778,0.29,0.63,8836.66,5567.0958,3269.5642,0.37,2027-04,2027
1658,2023-09-07,South,Furniture,Consumer,Desk,5,1643,0.29,0.68,5832.65,3966.202,1866.4479999999994,0.3199999999999999,2023-09,2023
1659,2024-11-04,North,Office Supplies,Corporate,Phone,9,1729,0.13,0.69,13538.07,9341.2683,4196.8017,0.31,2024-11,2024
1660,2035-05-31,North,Furniture,Corporate,Printer,7,1220,0.25,0.7,6405.0,4483.5,1921.5,0.3,2035-05,2035
1661,2028-12-05,North,Furniture,Corporate,Desk,7,1613,0.09,0.62,10274.81,6370.3822,3904.4277999999995,0.37999999999999995,2028-12,2028
1662,2025-02-09,East,Furniture,Corporate,Desk,3,106,0.11,0.5,283.02,141.51,141.51,0.5,2025-02,2025
1663,2033-11-06,East,Furniture,Home Office,Paper,1,1909,0.05,0.49,1813.55,888.6395,924.9105,0.51,2033-11,2033
1664,2034-12-12,East,Office Supplies,Corporate,Chair,5,1135,0.06,0.62,5334.5,3307.39,2027.1100000000001,0.38,2034-12,2034
1665,2028-06-07,South,Technology,Consumer,Desk,8,613,0.2,0.56,3923.2000000000003,2196.992,1726.208,0.44,2028-06,2028
1666,2025-12-13,South,Furniture,Home Office,Laptop,5,448,0.15,0.62,1904.0,1180.48,723.52,0.38,2025-12,2025
1667,2023-08-24,North,Office Supplies,Home Office,Phone,3,1016,0.07,0.6,2834.64,1700.7839999999999,1133.856,0.4,2023-08,2023
1668,2024-01-24,South,Furniture,Corporate,Storage,9,1130,0.12,0.63,8949.6,5638.2480000000005,3311.352,0.37,2024-01,2024
1669,2031-04-26,West,Technology,Consumer,Storage,2,599,0.11,0.46,1066.22,490.4612,575.7588000000001,0.54,2031-04,2031
1670,2036-04-20,North,Office Supplies,Consumer,Phone,3,574,0.3,0.46,1205.3999999999999,554.4839999999999,650.9159999999999,0.54,2036-04,2036
1671,2028-01-23,North,Office Supplies,Home Office,Chair,4,623,0.26,0.67,1844.08,1235.5336,608.5464,0.32999999999999996,2028-01,2028
1672,2035-12-03,West,Technology,Consumer,Desk,1,1975,0.12,0.51,1738.0,886.38,851.62,0.49,2035-12,2035
1673,2030-09-15,North,Office Supplies,Corporate,Printer,4,1180,0.27,0.65,3445.6,2239.64,1205.96,0.35000000000000003,2030-09,2030
1674,2032-03-28,South,Technology,Corporate,Monitor,4,689,0.1,0.61,2480.4,1513.044,967.356,0.38999999999999996,2032-03,2032
1675,2031-12-23,East,Office Supplies,Corporate,Monitor,9,1709,0.2,0.74,12304.800000000001,9105.552000000001,3199.2479999999996,0.25999999999999995,2031-12,2031
1676,2026-06-06,West,Office Supplies,Corporate,Laptop,8,332,0.29,0.7,1885.76,1320.032,565.7280000000001,0.30000000000000004,2026-06,2026
1677,2033-11-25,South,Technology,Corporate,Chair,2,890,0.12,0.57,1566.4,892.848,673.5520000000001,0.43000000000000005,2033-11,2033
1678,2035-10-18,West,Technology,Home Office,Monitor,7,1153,0.2,0.63,6456.8,4067.784,2389.016,0.37,2035-10,2035
1679,2028-10-23,West,Office Supplies,Corporate,Paper,6,466,0.09,0.49,2544.36,1246.7364,1297.6236000000001,0.51,2028-10,2028
1680,2035-05-28,North,Office Supplies,Corporate,Paper,7,1949,0.08,0.57,12551.560000000001,7154.3892000000005,5397.170800000001,0.43,2035-05,2035
1681,2028-11-20,North,Technology,Home Office,Desk,4,1730,0.17,0.67,5743.599999999999,3848.212,1895.3879999999995,0.32999999999999996,2028-11,2028
1682,2036-04-21,South,Technology,Home Office,Storage,5,1943,0.29,0.64,6897.65,4414.496,2483.1539999999995,0.35999999999999993,2036-04,2036
1683,2026-08-22,West,Office Supplies,Home Office,Printer,6,155,0.14,0.6,799.8,479.87999999999994,319.92,0.4,2026-08,2026
1684,2026-09-20,North,Office Supplies,Consumer,Desk,9,109,0.28,0.5,706.3199999999999,353.15999999999997,353.15999999999997,0.5,2026-09,2026
1685,2029-10-18,North,Office Supplies,Consumer,Chair,2,246,0.27,0.69,359.15999999999997,247.82039999999995,111.33960000000002,0.31000000000000005,2029-10,2029
1686,2035-06-09,West,Technology,Corporate,Paper,9,463,0.08,0.53,3833.6400000000003,2031.8292000000004,1801.8108,0.47,2035-06,2035
1687,2028-07-10,South,Office Supplies,Corporate,Printer,1,1722,0.12,0.7,1515.36,1060.752,454.60799999999995,0.3,2028-07,2028
1688,2026-08-24,South,Furniture,Corporate,Monitor,4,352,0.19,0.63,1140.48,718.5024,421.97760000000005,0.37000000000000005,2026-08,2026
1689,2034-11-23,West,Technology,Consumer,Printer,5,1822,0.16,0.56,7652.4,4285.344,3367.0559999999996,0.43999999999999995,2034-11,2034
1690,2034-09-01,South,Office Supplies,Corporate,Printer,9,1039,0.03,0.46,9070.47,4172.4162,4898.0538,0.54,2034-09,2034
1691,2026-09-20,North,Technology,Corporate,Printer,6,1868,0.3,0.52,7845.599999999999,4079.712,3765.8879999999995,0.48,2026-09,2026
1692,2035-09-12,West,Furniture,Consumer,Paper,4,1376,0.23,0.72,4238.08,3051.4175999999998,1186.6624000000002,0.28,2035-09,2035
1693,2036-04-16,North,Technology,Home Office,Monitor,2,1566,0.13,0.7,2724.84,1907.388,817.4520000000002,0.30000000000000004,2036-04,2036
1694,2031-09-13,East,Office Supplies,Consumer,Desk,5,835,0.19,0.62,3381.75,2096.685,1285.065,0.38,2031-09,2031
1695,2028-10-29,East,Furniture,Corporate,Printer,8,439,0.03,0.59,3406.64,2009.9175999999998,1396.7224,0.41000000000000003,2028-10,2028
1696,2028-12-20,South,Furniture,Consumer,Desk,8,1639,0.15,0.64,11145.199999999999,7132.928,4012.271999999999,0.35999999999999993,2028-12,2028
1697,2036-05-24,East,Office Supplies,Home Office,Printer,6,1476,0.28,0.59,6376.32,3762.0287999999996,2614.2912,0.41000000000000003,2036-05,2036
1698,2023-05-18,North,Office Supplies,Home Office,Paper,1,723,0.27,0.64,527.79,337.7856,190.00439999999998,0.36,2023-05,2023
1699,2032-07-04,East,Office Supplies,Home Office,Printer,8,804,0.1,0.54,5788.8,3125.952,2662.848,0.45999999999999996,2032-07,2032
1700,2030-10-03,North,Technology,Home Office,Chair,4,1776,0.16,0.7,5967.36,4177.151999999999,1790.2080000000005,0.3000000000000001,2030-10,2030
1701,2032-10-19,South,Technology,Home Office,Desk,2,422,0.21,0.66,666.76,440.0616,226.6984,0.33999999999999997,2032-10,2032
1702,2031-04-20,South,Technology,Home Office,Storage,1,1263,0.1,0.55,1136.7,625.1850000000001,511.515,0.44999999999999996,2031-04,2031
1703,2034-05-27,North,Office Supplies,Corporate,Paper,7,960,0.02,0.7,6585.599999999999,4609.919999999999,1975.6800000000003,0.30000000000000004,2034-05,2034
1704,2030-02-06,East,Office Supplies,Corporate,Desk,2,1568,0.15,0.6,2665.6,1599.36,1066.24,0.4,2030-02,2030
1705,2034-10-10,South,Technology,Consumer,Paper,4,194,0.18,0.5,636.32,318.16,318.16,0.5,2034-10,2034
1706,2033-06-15,West,Furniture,Corporate,Phone,4,652,0.0,0.47,2608.0,1225.76,1382.24,0.53,2033-06,2033
1707,2034-05-01,South,Technology,Home Office,Monitor,1,1543,0.03,0.66,1496.71,987.8286,508.8814,0.33999999999999997,2034-05,2034
1708,2033-06-20,East,Furniture,Corporate,Storage,2,1637,0.06,0.71,3077.56,2185.0676,892.4924000000001,0.29000000000000004,2033-06,2033
1709,2034-01-25,West,Office Supplies,Consumer,Chair,1,889,0.1,0.69,800.1,552.069,248.03100000000006,0.31000000000000005,2034-01,2034
1710,2028-03-21,East,Office Supplies,Home Office,Desk,6,1273,0.16,0.65,6415.92,4170.348,2245.572,0.35000000000000003,2028-03,2028
1711,2025-01-30,North,Technology,Corporate,Chair,3,652,0.09,0.49,1779.96,872.1804,907.7796000000001,0.51,2025-01,2025
1712,2032-06-07,West,Technology,Corporate,Storage,1,1474,0.08,0.48,1356.0800000000002,650.9184,705.1616000000001,0.52,2032-06,2032
1713,2025-06-18,East,Office Supplies,Consumer,Chair,8,215,0.26,0.55,1272.8,700.0400000000001,572.7599999999999,0.4499999999999999,2025-06,2025
1714,2035-03-14,West,Technology,Home Office,Chair,4,731,0.04,0.71,2807.04,1992.9984,814.0416,0.29000000000000004,2035-03,2035
1715,2031-01-26,East,Office Supplies,Consumer,Laptop,7,1360,0.15,0.74,8092.0,5988.08,2103.92,0.26,2031-01,2031
1716,2027-09-16,West,Office Supplies,Home Office,Desk,2,369,0.29,0.52,523.98,272.4696,251.5104,0.48,2027-09,2027
1717,2023-10-08,East,Furniture,Home Office,Chair,6,960,0.19,0.68,4665.6,3172.6080000000006,1492.9919999999997,0.3199999999999999,2023-10,2023
1718,2031-12-11,North,Technology,Corporate,Laptop,6,390,0.22,0.62,1825.2,1131.624,693.576,0.38,2031-12,2031
1719,2028-03-02,West,Office Supplies,Consumer,Laptop,7,1557,0.13,0.46,9482.13,4361.7798,5120.350199999999,0.5399999999999999,2028-03,2028
1720,2031-12-11,West,Technology,Consumer,Paper,1,108,0.01,0.61,106.92,65.2212,41.698800000000006,0.39000000000000007,2031-12,2031
1721,2024-10-28,West,Furniture,Consumer,Printer,1,1874,0.19,0.69,1517.94,1047.3786,470.56140000000005,0.31,2024-10,2024
1722,2034-06-20,West,Furniture,Home Office,Printer,2,729,0.19,0.53,1180.98,625.9194,555.0606,0.47000000000000003,2034-06,2034
1723,2024-11-02,North,Technology,Consumer,Monitor,2,963,0.03,0.72,1868.22,1345.1184,523.1016,0.27999999999999997,2024-11,2024
1724,2028-05-23,West,Technology,Home Office,Storage,5,1950,0.14,0.52,8385.0,4360.2,4024.8,0.48000000000000004,2028-05,2028
1725,2034-05-19,South,Office Supplies,Consumer,Desk,1,1947,0.27,0.47,1421.31,668.0156999999999,753.2943,0.53,2034-05,2034
1726,2031-07-20,North,Furniture,Consumer,Printer,2,574,0.06,0.5,1079.12,539.56,539.56,0.5,2031-07,2031
1727,2035-11-13,South,Furniture,Corporate,Storage,6,1645,0.14,0.7,8488.2,5941.74,2546.460000000001,0.3000000000000001,2035-11,2035
1728,2036-01-30,West,Furniture,Consumer,Desk,3,636,0.14,0.58,1640.8799999999999,951.7103999999998,689.1696000000001,0.42000000000000004,2036-01,2036
1729,2033-09-05,East,Technology,Corporate,Storage,4,784,0.24,0.69,2383.36,1644.5184,738.8416000000002,0.31000000000000005,2033-09,2033
1730,2024-06-07,South,Office Supplies,Corporate,Monitor,1,1860,0.25,0.61,1395.0,850.9499999999999,544.0500000000001,0.39000000000000007,2024-06,2024
1731,2029-07-21,West,Technology,Home Office,Monitor,5,1134,0.23,0.59,4365.900000000001,2575.8810000000003,1790.0190000000002,0.41,2029-07,2029
1732,2031-07-15,South,Technology,Consumer,Laptop,4,712,0.11,0.69,2534.7200000000003,1748.9568,785.7632000000003,0.3100000000000001,2031-07,2031
1733,2030-02-06,West,Technology,Consumer,Laptop,8,876,0.02,0.58,6867.84,3983.3471999999997,2884.4928000000004,0.42000000000000004,2030-02,2030
1734,2028-05-22,West,Office Supplies,Consumer,Desk,3,1450,0.1,0.69,3915.0,2701.35,1213.65,0.31,2028-05,2028
1735,2027-10-20,West,Technology,Corporate,Storage,1,694,0.2,0.48,555.2,266.49600000000004,288.704,0.52,2027-10,2027
1736,2029-04-15,East,Furniture,Consumer,Storage,5,375,0.21,0.64,1481.25,948.0,533.25,0.36,2029-04,2029
1737,2029-03-11,South,Furniture,Home Office,Printer,1,469,0.29,0.66,332.99,219.7734,113.2166,0.33999999999999997,2029-03,2029
1738,2029-04-05,North,Furniture,Home Office,Printer,5,1613,0.14,0.72,6935.9,4993.848,1942.0519999999997,0.27999999999999997,2029-04,2029
1739,2034-07-04,North,Office Supplies,Consumer,Desk,9,444,0.19,0.52,3236.76,1683.1152000000002,1553.6448,0.48,2034-07,2034
1740,2030-11-18,North,Technology,Corporate,Phone,5,1896,0.16,0.63,7963.2,5016.816,2946.384,0.37,2030-11,2030
1741,2034-05-06,North,Office Supplies,Home Office,Printer,2,467,0.05,0.58,887.3,514.6339999999999,372.66600000000005,0.4200000000000001,2034-05,2034
1742,2032-12-23,West,Technology,Home Office,Chair,2,1856,0.14,0.56,3192.32,1787.6992000000002,1404.6208,0.43999999999999995,2032-12,2032
1743,2035-02-19,South,Furniture,Corporate,Printer,9,1434,0.16,0.48,10841.039999999999,5203.699199999999,5637.3408,0.52,2035-02,2035
1744,2028-08-17,South,Technology,Home Office,Phone,5,830,0.29,0.49,2946.5,1443.785,1502.715,0.51,2028-08,2028
1745,2035-12-04,East,Technology,Corporate,Storage,8,1724,0.11,0.7,12274.880000000001,8592.416000000001,3682.464,0.3,2035-12,2035
1746,2026-06-30,South,Technology,Home Office,Laptop,4,1608,0.29,0.67,4566.719999999999,3059.7023999999997,1507.0175999999997,0.32999999999999996,2026-06,2026
1747,2030-07-29,South,Office Supplies,Corporate,Paper,2,114,0.16,0.56,191.51999999999998,107.2512,84.26879999999998,0.43999999999999995,2030-07,2030
1748,2023-10-30,South,Technology,Home Office,Paper,4,857,0.07,0.7,3188.04,2231.6279999999997,956.4120000000003,0.3000000000000001,2023-10,2023
1749,2024-09-30,East,Technology,Consumer,Laptop,4,787,0.06,0.47,2959.12,1390.7864,1568.3336,0.53,2024-09,2024
1750,2023-02-25,North,Technology,Home Office,Storage,9,103,0.04,0.64,889.92,569.5488,320.37119999999993,0.35999999999999993,2023-02,2023
1751,2036-03-14,South,Office Supplies,Home Office,Laptop,6,1969,0.14,0.71,10160.039999999999,7213.628399999999,2946.4116000000004,0.29000000000000004,2036-03,2036
1752,2024-06-09,East,Office Supplies,Consumer,Printer,6,1499,0.01,0.7,8904.06,6232.842,2671.218,0.3,2024-06,2024
1753,2035-07-06,East,Office Supplies,Consumer,Monitor,5,1492,0.13,0.56,6490.2,3634.512,2855.6879999999996,0.43999999999999995,2035-07,2035
1754,2034-04-16,West,Technology,Consumer,Laptop,6,1588,0.3,0.67,6669.599999999999,4468.632,2200.968,0.33,2034-04,2034
1755,2028-10-26,East,Furniture,Consumer,Monitor,1,632,0.2,0.58,505.6,293.248,212.35200000000003,0.42000000000000004,2028-10,2028
1756,2032-01-01,North,Furniture,Corporate,Phone,5,1843,0.23,0.7,7095.55,4966.885,2128.665,0.3,2032-01,2032
1757,2023-12-31,South,Furniture,Corporate,Monitor,6,1085,0.04,0.61,6249.599999999999,3812.2559999999994,2437.344,0.39000000000000007,2023-12,2023
1758,2035-08-27,East,Technology,Home Office,Phone,8,1260,0.14,0.68,8668.8,5894.784,2774.0159999999996,0.32,2035-08,2035
1759,2036-08-18,North,Furniture,Home Office,Printer,4,933,0.09,0.47,3396.12,1596.1763999999998,1799.9436,0.53,2036-08,2036
1760,2027-07-05,East,Furniture,Home Office,Storage,5,462,0.27,0.63,1686.3,1062.369,623.931,0.37000000000000005,2027-07,2027
1761,2025-07-07,East,Furniture,Corporate,Chair,4,1339,0.05,0.62,5088.2,3154.6839999999997,1933.516,0.38,2025-07,2025
1762,2030-08-29,East,Technology,Home Office,Printer,7,1491,0.14,0.63,8975.82,5654.7666,3321.0534,0.37,2030-08,2030
1763,2027-03-12,East,Furniture,Home Office,Laptop,6,216,0.18,0.66,1062.72,701.3952,361.3248,0.33999999999999997,2027-03,2027
1764,2032-02-28,East,Furniture,Corporate,Printer,4,1302,0.15,0.73,4426.8,3231.564,1195.2360000000003,0.2700000000000001,2032-02,2032
1765,2028-03-21,North,Technology,Home Office,Paper,6,1369,0.25,0.69,6160.5,4250.745,1909.755,0.31,2028-03,2028
1766,2031-06-14,South,Office Supplies,Corporate,Paper,4,227,0.07,0.52,844.4399999999999,439.1088,405.33119999999997,0.48,2031-06,2031
1767,2035-07-17,South,Furniture,Corporate,Phone,8,1481,0.11,0.7,10544.72,7381.303999999999,3163.416,0.30000000000000004,2035-07,2035
1768,2028-09-06,South,Office Supplies,Consumer,Printer,3,177,0.24,0.49,403.56,197.74439999999998,205.81560000000002,0.51,2028-09,2028
1769,2024-12-14,South,Furniture,Consumer,Printer,8,840,0.16,0.64,5644.8,3612.672,2032.1280000000002,0.36000000000000004,2024-12,2024
1770,2025-11-28,North,Technology,Corporate,Chair,2,1416,0.12,0.71,2492.16,1769.4335999999998,722.7264,0.29000000000000004,2025-11,2025
1771,2028-05-30,West,Office Supplies,Corporate,Phone,6,873,0.01,0.48,5185.62,2489.0976,2696.5224,0.52,2028-05,2028
1772,2026-07-20,West,Office Supplies,Consumer,Desk,8,181,0.23,0.7,1114.96,780.472,334.48800000000006,0.30000000000000004,2026-07,2026
1773,2023-05-06,North,Office Supplies,Home Office,Desk,1,441,0.29,0.69,313.10999999999996,216.04589999999996,97.0641,0.31000000000000005,2023-05,2023
1774,2035-09-07,North,Office Supplies,Home Office,Phone,6,1461,0.19,0.6,7100.46,4260.276,2840.184,0.4,2035-09,2035
1775,2032-11-05,East,Furniture,Home Office,Desk,9,918,0.26,0.54,6113.88,3301.4952000000003,2812.3848,0.45999999999999996,2032-11,2032
1776,2031-12-28,East,Furniture,Corporate,Laptop,2,677,0.16,0.57,1137.36,648.2951999999999,489.0648,0.43000000000000005,2031-12,2031
1777,2027-05-23,East,Office Supplies,Consumer,Desk,1,195,0.07,0.74,181.35,134.19899999999998,47.15100000000001,0.26000000000000006,2027-05,2027
1778,2023-03-08,South,Furniture,Home Office,Paper,2,1268,0.0,0.51,2536.0,1293.3600000000001,1242.6399999999999,0.48999999999999994,2023-03,2023
1779,2023-08-21,East,Office Supplies,Consumer,Laptop,5,676,0.2,0.62,2704.0,1676.48,1027.52,0.38,2023-08,2023
1780,2028-11-26,West,Office Supplies,Consumer,Phone,6,620,0.15,0.47,3162.0,1486.1399999999999,1675.8600000000001,0.53,2028-11,2028
1781,2026-03-15,South,Technology,Corporate,Desk,1,1520,0.23,0.52,1170.4,608.6080000000001,561.792,0.48,2026-03,2026
1782,2028-11-28,East,Office Supplies,Home Office,Desk,7,1095,0.21,0.68,6055.35,4117.638000000001,1937.7119999999995,0.3199999999999999,2028-11,2028
1783,2034-07-08,South,Furniture,Consumer,Storage,4,456,0.3,0.54,1276.8,689.472,587.328,0.46,2034-07,2034
1784,2027-02-02,West,Office Supplies,Corporate,Monitor,9,285,0.15,0.75,2180.25,1635.1875,545.0625,0.25,2027-02,2027
1785,2035-12-02,East,Technology,Corporate,Laptop,6,1793,0.13,0.6,9359.46,5615.6759999999995,3743.7839999999997,0.4,2035-12,2035
1786,2033-12-21,West,Furniture,Corporate,Laptop,9,642,0.09,0.6,5257.9800000000005,3154.788,2103.1920000000005,0.4000000000000001,2033-12,2033
1787,2029-10-08,West,Technology,Home Office,Printer,1,250,0.14,0.46,215.0,98.9,116.1,0.5399999999999999,2029-10,2029
1788,2030-04-14,West,Technology,Home Office,Chair,4,1442,0.26,0.74,4268.32,3158.5568,1109.7631999999999,0.26,2030-04,2030
1789,2030-07-02,East,Office Supplies,Corporate,Paper,2,1877,0.01,0.5,3716.46,1858.23,1858.23,0.5,2030-07,2030
1790,2027-10-28,North,Technology,Home Office,Desk,6,1791,0.29,0.61,7629.66,4654.0926,2975.5674,0.39,2027-10,2027
1791,2032-08-15,East,Technology,Home Office,Storage,4,1182,0.3,0.57,3309.6,1886.4719999999998,1423.1280000000002,0.43000000000000005,2032-08,2032
1792,2028-05-29,West,Furniture,Consumer,Chair,9,109,0.18,0.57,804.4200000000001,458.5194,345.90060000000005,0.43000000000000005,2028-05,2028
1793,2029-06-20,East,Technology,Corporate,Monitor,3,956,0.1,0.64,2581.2000000000003,1651.9680000000003,929.232,0.35999999999999993,2029-06,2029
1794,2025-05-26,West,Office Supplies,Corporate,Monitor,1,1247,0.07,0.65,1159.7099999999998,753.8114999999999,405.8984999999999,0.35,2025-05,2025
1795,2033-06-09,North,Office Supplies,Home Office,Paper,1,455,0.08,0.5,418.6,209.3,209.3,0.5,2033-06,2033
1796,2032-06-10,South,Office Supplies,Corporate,Storage,9,1469,0.02,0.6,12956.58,7773.947999999999,5182.6320000000005,0.4,2032-06,2032
1797,2026-08-05,North,Technology,Corporate,Chair,9,893,0.14,0.69,6911.82,4769.1557999999995,2142.6642,0.31000000000000005,2026-08,2026
1798,2026-12-31,North,Furniture,Corporate,Paper,5,336,0.02,0.58,1646.3999999999999,954.9119999999998,691.488,0.4200000000000001,2026-12,2026
1799,2030-06-02,South,Office Supplies,Home Office,Paper,2,432,0.22,0.5,673.9200000000001,336.96000000000004,336.96000000000004,0.5,2030-06,2030
1800,2029-05-13,East,Technology,Home Office,Paper,9,116,0.11,0.54,929.16,501.7464,427.4136,0.45999999999999996,2029-05,2029
1801,2027-09-30,South,Office Supplies,Home Office,Paper,8,1547,0.06,0.51,11633.439999999999,5933.054399999999,5700.3856,0.49000000000000005,2027-09,2027
1802,2027-05-25,East,Office Supplies,Consumer,Desk,6,423,0.16,0.49,2131.92,1044.6408000000001,1087.2792,0.51,2027-05,2027
1803,2030-01-07,East,Furniture,Corporate,Monitor,7,122,0.29,0.56,606.3399999999999,339.55039999999997,266.78959999999995,0.44,2030-01,2030
1804,2032-05-14,West,Office Supplies,Consumer,Paper,6,1030,0.21,0.61,4882.2,2978.142,1904.058,0.39,2032-05,2032
1805,2032-08-18,West,Furniture,Home Office,Storage,5,558,0.15,0.47,2371.5,1114.605,1256.895,0.53,2032-08,2032
1806,2029-07-25,South,Technology,Consumer,Laptop,4,1583,0.23,0.63,4875.64,3071.6532,1803.9868000000001,0.37,2029-07,2029
1807,2033-03-24,North,Office Supplies,Corporate,Printer,7,620,0.22,0.75,3385.2000000000003,2538.9,846.3000000000002,0.25000000000000006,2033-03,2033
1808,2030-11-10,South,Technology,Corporate,Storage,4,818,0.27,0.74,2388.56,1767.5344,621.0255999999999,0.25999999999999995,2030-11,2030
1809,2026-03-06,East,Technology,Home Office,Phone,9,656,0.06,0.7,5549.759999999999,3884.8319999999994,1664.9279999999999,0.3,2026-03,2026
1810,2036-04-16,West,Technology,Home Office,Monitor,5,1544,0.26,0.53,5712.8,3027.784,2685.016,0.47,2036-04,2036
1811,2023-08-31,South,Office Supplies,Consumer,Paper,8,502,0.09,0.46,3654.56,1681.0976,1973.4624,0.5399999999999999,2023-08,2023
1812,2030-02-03,South,Furniture,Home Office,Monitor,6,1454,0.28,0.7,6281.28,4396.896,1884.384,0.3,2030-02,2030
1813,2025-11-29,West,Office Supplies,Consumer,Paper,4,556,0.08,0.47,2046.0800000000002,961.6576,1084.4224000000002,0.53,2025-11,2025
1814,2034-11-03,West,Technology,Corporate,Desk,3,1606,0.28,0.51,3468.96,1769.1696,1699.7904,0.49000000000000005,2034-11,2034
1815,2030-02-08,West,Furniture,Corporate,Desk,6,1621,0.29,0.61,6905.46,4212.3306,2693.1294,0.38999999999999996,2030-02,2030
1816,2025-07-08,East,Technology,Corporate,Phone,1,1150,0.04,0.5,1104.0,552.0,552.0,0.5,2025-07,2025
1817,2023-01-06,West,Furniture,Corporate,Monitor,2,496,0.29,0.7,704.3199999999999,493.02399999999994,211.296,0.3,2023-01,2023
1818,2024-04-12,North,Office Supplies,Corporate,Paper,7,1311,0.03,0.68,8901.69,6053.149200000001,2848.5407999999998,0.31999999999999995,2024-04,2024
1819,2034-06-02,South,Furniture,Consumer,Chair,4,239,0.07,0.68,889.0799999999999,604.5744,284.50559999999996,0.32,2034-06,2034
1820,2023-01-04,West,Office Supplies,Corporate,Printer,5,620,0.13,0.69,2697.0,1860.9299999999998,836.0700000000002,0.31000000000000005,2023-01,2023
1821,2024-10-07,West,Technology,Consumer,Chair,1,845,0.3,0.52,591.5,307.58,283.92,0.48000000000000004,2024-10,2024
1822,2023-04-28,East,Furniture,Corporate,Phone,2,191,0.15,0.67,324.7,217.549,107.15099999999998,0.32999999999999996,2023-04,2023
1823,2031-01-07,East,Technology,Consumer,Phone,4,176,0.17,0.56,584.3199999999999,327.2192,257.10079999999994,0.43999999999999995,2031-01,2031
1824,2029-12-26,South,Furniture,Consumer,Printer,8,951,0.21,0.65,6010.320000000001,3906.7080000000005,2103.612,0.35,2029-12,2029
1825,2034-09-29,North,Office Supplies,Consumer,Phone,4,1367,0.29,0.49,3882.2799999999997,1902.3171999999997,1979.9628,0.51,2034-09,2034
1826,2025-04-26,South,Furniture,Home Office,Phone,3,944,0.24,0.66,2152.32,1420.5312000000001,731.7888,0.33999999999999997,2025-04,2025
1827,2030-07-25,West,Furniture,Consumer,Monitor,3,766,0.07,0.74,2137.14,1581.4835999999998,555.6564000000001,0.26000000000000006,2030-07,2030
1828,2026-02-15,North,Office Supplies,Consumer,Storage,5,1853,0.09,0.46,8431.15,3878.329,4552.821,0.54,2026-02,2026
1829,2027-12-16,North,Office Supplies,Corporate,Paper,3,1058,0.03,0.48,3078.7799999999997,1477.8143999999998,1600.9656,0.52,2027-12,2027
1830,2024-12-24,North,Office Supplies,Consumer,Monitor,8,1088,0.19,0.49,7050.240000000001,3454.6176000000005,3595.6224,0.51,2024-12,2024
1831,2023-08-13,North,Furniture,Consumer,Printer,5,896,0.05,0.58,4256.0,2468.48,1787.52,0.42,2023-08,2023
1832,2035-09-02,South,Technology,Home Office,Desk,7,1785,0.08,0.54,11495.4,6207.5160000000005,5287.883999999999,0.4599999999999999,2035-09,2035
1833,2034-07-10,East,Furniture,Corporate,Chair,8,1964,0.27,0.69,11469.76,7914.1344,3555.6256000000003,0.31,2034-07,2034
1834,2035-09-29,East,Furniture,Home Office,Desk,5,187,0.1,0.59,841.5,496.48499999999996,345.01500000000004,0.41000000000000003,2035-09,2035
1835,2028-08-10,West,Technology,Home Office,Desk,8,1741,0.17,0.6,11560.24,6936.143999999999,4624.0960000000005,0.4,2028-08,2028
1836,2036-01-02,East,Office Supplies,Home Office,Storage,3,1014,0.12,0.67,2676.96,1793.5632,883.3968,0.33,2036-01,2036
1837,2035-02-02,East,Furniture,Consumer,Chair,7,1417,0.02,0.56,9720.619999999999,5443.5472,4277.072799999999,0.43999999999999995,2035-02,2035
1838,2027-04-23,East,Technology,Home Office,Desk,8,194,0.11,0.56,1381.28,773.5168000000001,607.7631999999999,0.4399999999999999,2027-04,2027
1839,2028-01-03,East,Office Supplies,Home Office,Paper,7,1376,0.12,0.68,8476.16,5763.7888,2712.3711999999996,0.31999999999999995,2028-01,2028
1840,2028-04-01,West,Office Supplies,Corporate,Printer,2,650,0.27,0.68,949.0,645.32,303.67999999999995,0.31999999999999995,2028-04,2028
1841,2034-08-05,South,Furniture,Corporate,Chair,8,498,0.1,0.45,3585.6,1613.52,1972.08,0.55,2034-08,2034
1842,2028-07-19,North,Office Supplies,Corporate,Laptop,6,866,0.11,0.49,4624.4400000000005,2265.9756,2358.4644000000003,0.51,2028-07,2028
1843,2033-04-02,East,Office Supplies,Corporate,Storage,3,1177,0.23,0.51,2718.87,1386.6236999999999,1332.2463,0.49000000000000005,2033-04,2033
1844,2025-06-20,South,Technology,Home Office,Paper,4,342,0.23,0.56,1053.3600000000001,589.8816000000002,463.47839999999997,0.4399999999999999,2025-06,2025
1845,2036-02-07,East,Technology,Corporate,Desk,7,1233,0.24,0.54,6559.56,3542.1624000000006,3017.3976,0.45999999999999996,2036-02,2036
1846,2028-08-01,East,Office Supplies,Consumer,Paper,3,1889,0.29,0.65,4023.5699999999997,2615.3205,1408.2495,0.35,2028-08,2028
1847,2023-01-10,North,Technology,Home Office,Paper,1,723,0.24,0.7,549.48,384.63599999999997,164.84400000000005,0.3000000000000001,2023-01,2023
1848,2023-09-18,North,Office Supplies,Corporate,Phone,6,1809,0.12,0.51,9551.52,4871.2752,4680.2448,0.49000000000000005,2023-09,2023
1849,2027-08-01,North,Furniture,Home Office,Chair,3,800,0.25,0.62,1800.0,1116.0,684.0,0.38,2027-08,2027
1850,2029-01-28,East,Technology,Corporate,Laptop,6,1344,0.15,0.56,6854.4,3838.464,3015.9359999999997,0.44,2029-01,2029
1851,2028-08-22,East,Office Supplies,Home Office,Phone,3,1884,0.08,0.6,5199.84,3119.904,2079.936,0.4,2028-08,2028
1852,2033-03-02,East,Office Supplies,Corporate,Paper,6,663,0.09,0.64,3619.98,2316.7872,1303.1927999999998,0.35999999999999993,2033-03,2033
1853,2027-06-08,North,Technology,Consumer,Laptop,4,261,0.07,0.72,970.92,699.0623999999999,271.85760000000005,0.2800000000000001,2027-06,2027
1854,2023-11-17,West,Technology,Corporate,Paper,4,134,0.04,0.51,514.56,262.4256,252.13439999999997,0.49,2023-11,2023
1855,2026-09-04,South,Furniture,Home Office,Desk,2,1065,0.06,0.48,2002.1999999999998,961.0559999999999,1041.1439999999998,0.5199999999999999,2026-09,2026
1856,2029-07-04,West,Office Supplies,Home Office,Paper,4,136,0.02,0.64,533.12,341.1968,191.9232,0.36,2029-07,2029
1857,2030-10-03,East,Furniture,Consumer,Phone,4,945,0.27,0.57,2759.4,1572.858,1186.5420000000001,0.43000000000000005,2030-10,2030
1858,2030-09-25,East,Furniture,Home Office,Desk,7,928,0.28,0.5,4677.12,2338.56,2338.56,0.5,2030-09,2030
1859,2028-06-17,West,Furniture,Consumer,Phone,5,722,0.18,0.49,2960.2000000000003,1450.498,1509.7020000000002,0.51,2028-06,2028
1860,2031-02-06,East,Technology,Home Office,Chair,8,1493,0.25,0.62,8958.0,5553.96,3404.04,0.38,2031-02,2031
1861,2028-07-31,South,Furniture,Home Office,Paper,7,1300,0.06,0.54,8554.0,4619.16,3934.84,0.46,2028-07,2028
1862,2032-07-22,East,Technology,Consumer,Monitor,9,620,0.27,0.75,4073.4,3055.05,1018.3499999999999,0.24999999999999997,2032-07,2032
1863,2033-01-25,South,Technology,Home Office,Printer,8,1398,0.15,0.57,9506.4,5418.647999999999,4087.7520000000004,0.43000000000000005,2033-01,2033
1864,2026-01-23,West,Furniture,Home Office,Monitor,9,1756,0.02,0.51,15487.92,7898.8392,7589.0808,0.49,2026-01,2026
1865,2027-05-24,West,Furniture,Consumer,Printer,1,204,0.04,0.64,195.84,125.33760000000001,70.5024,0.36,2027-05,2027
1866,2034-01-10,East,Office Supplies,Corporate,Monitor,3,255,0.09,0.52,696.15,361.998,334.152,0.48,2034-01,2034
1867,2023-08-24,South,Furniture,Consumer,Laptop,5,435,0.01,0.6,2153.25,1291.95,861.3,0.39999999999999997,2023-08,2023
1868,2028-05-23,East,Office Supplies,Home Office,Storage,9,1149,0.09,0.59,9410.31,5552.082899999999,3858.2271,0.41000000000000003,2028-05,2028
1869,2035-02-16,North,Furniture,Corporate,Phone,8,395,0.02,0.59,3096.7999999999997,1827.1119999999999,1269.6879999999999,0.41,2035-02,2035
1870,2028-03-23,North,Furniture,Corporate,Desk,7,1660,0.07,0.69,10806.599999999999,7456.553999999998,3350.0460000000003,0.31000000000000005,2028-03,2028
1871,2024-01-11,North,Furniture,Corporate,Storage,2,1478,0.08,0.51,2719.52,1386.9552,1332.5647999999999,0.48999999999999994,2024-01,2024
1872,2032-08-31,North,Furniture,Consumer,Chair,6,985,0.3,0.72,4137.0,2978.64,1158.3600000000001,0.28,2032-08,2032
1873,2030-03-20,East,Office Supplies,Corporate,Chair,4,168,0.07,0.69,624.9599999999999,431.22239999999994,193.7376,0.31,2030-03,2030
1874,2027-04-20,North,Office Supplies,Corporate,Chair,5,1450,0.07,0.55,6742.5,3708.3750000000005,3034.1249999999995,0.44999999999999996,2027-04,2027
1875,2030-01-04,South,Furniture,Corporate,Printer,5,250,0.21,0.5,987.5,493.75,493.75,0.5,2030-01,2030
1876,2032-04-14,West,Furniture,Home Office,Desk,4,956,0.26,0.53,2829.7599999999998,1499.7728,1329.9871999999998,0.47,2032-04,2032
1877,2031-02-13,West,Office Supplies,Consumer,Chair,4,676,0.12,0.55,2379.52,1308.736,1070.7839999999999,0.44999999999999996,2031-02,2031
1878,2032-12-22,North,Technology,Consumer,Chair,4,761,0.26,0.62,2252.56,1396.5872,855.9728,0.38,2032-12,2032
1879,2033-07-17,North,Technology,Home Office,Monitor,2,1443,0.1,0.46,2597.4,1194.804,1402.596,0.54,2033-07,2033
1880,2025-05-22,North,Technology,Corporate,Laptop,1,856,0.06,0.72,804.64,579.3408,225.29920000000004,0.2800000000000001,2025-05,2025
1881,2026-06-06,East,Office Supplies,Home Office,Phone,2,551,0.1,0.48,991.8000000000001,476.064,515.7360000000001,0.52,2026-06,2026
1882,2026-08-07,West,Office Supplies,Home Office,Phone,7,669,0.18,0.53,3840.0600000000004,2035.2318000000002,1804.8282000000002,0.47,2026-08,2026
1883,2036-03-13,North,Technology,Corporate,Paper,1,1791,0.11,0.48,1593.99,765.1152,828.8748,0.52,2036-03,2036
1884,2030-12-08,South,Technology,Corporate,Phone,6,1235,0.2,0.53,5928.0,3141.84,2786.16,0.47,2030-12,2030
1885,2023-03-19,North,Furniture,Consumer,Storage,4,734,0.07,0.7,2730.48,1911.3359999999998,819.1440000000002,0.3000000000000001,2023-03,2023
1886,2030-03-06,West,Office Supplies,Corporate,Monitor,2,1585,0.21,0.63,2504.3,1577.709,926.5910000000001,0.37,2030-03,2030
1887,2034-07-29,North,Office Supplies,Home Office,Monitor,3,1988,0.1,0.52,5367.6,2791.1520000000005,2576.448,0.4799999999999999,2034-07,2034
1888,2024-08-23,West,Technology,Home Office,Laptop,7,461,0.14,0.71,2775.22,1970.4061999999997,804.8138000000001,0.2900000000000001,2024-08,2024
1889,2025-12-01,North,Technology,Corporate,Printer,6,302,0.17,0.69,1503.96,1037.7323999999999,466.22760000000017,0.3100000000000001,2025-12,2025
1890,2028-11-06,South,Office Supplies,Consumer,Storage,6,586,0.21,0.68,2777.6400000000003,1888.7952000000002,888.8448000000001,0.32,2028-11,2028
1891,2029-09-15,North,Furniture,Home Office,Laptop,8,1603,0.07,0.7,11926.32,8348.423999999999,3577.8960000000006,0.30000000000000004,2029-09,2029
1892,2029-06-01,South,Technology,Corporate,Chair,8,103,0.25,0.64,618.0,395.52,222.48000000000002,0.36000000000000004,2029-06,2029
1893,2028-02-07,South,Office Supplies,Consumer,Desk,6,1252,0.22,0.6,5859.360000000001,3515.6160000000004,2343.744,0.39999999999999997,2028-02,2028
1894,2026-08-11,North,Office Supplies,Consumer,Storage,1,1149,0.07,0.56,1068.57,598.3992000000001,470.1707999999999,0.4399999999999999,2026-08,2026
1895,2035-11-25,South,Furniture,Home Office,Storage,7,900,0.29,0.52,4473.0,2325.96,2147.04,0.48,2035-11,2035
1896,2032-11-06,East,Furniture,Home Office,Chair,8,1076,0.2,0.62,6886.400000000001,4269.568,2616.8320000000003,0.38,2032-11,2032
1897,2033-04-20,North,Technology,Consumer,Chair,5,126,0.14,0.72,541.8,390.09599999999995,151.704,0.28,2033-04,2033
1898,2035-10-15,North,Technology,Consumer,Desk,4,1165,0.05,0.63,4427.0,2789.01,1637.9899999999998,0.36999999999999994,2035-10,2035
1899,2028-12-30,South,Technology,Consumer,Phone,7,1064,0.16,0.73,6256.32,4567.1136,1689.2064,0.27,2028-12,2028
1900,2025-09-19,South,Office Supplies,Corporate,Storage,6,1706,0.05,0.56,9724.199999999999,5445.552,4278.647999999999,0.43999999999999995,2025-09,2025
1901,2030-06-05,North,Technology,Home Office,Laptop,6,163,0.13,0.66,850.86,561.5676000000001,289.29239999999993,0.3399999999999999,2030-06,2030
1902,2029-01-01,East,Office Supplies,Consumer,Printer,3,1148,0.12,0.64,3030.72,1939.6607999999999,1091.0592,0.36,2029-01,2029
1903,2026-06-02,South,Technology,Home Office,Chair,4,171,0.22,0.65,533.52,346.788,186.73199999999997,0.35,2026-06,2026
1904,2031-05-13,South,Furniture,Home Office,Chair,5,1605,0.06,0.64,7543.5,4827.84,2715.66,0.36,2031-05,2031
1905,2035-08-04,West,Furniture,Home Office,Printer,9,1996,0.25,0.52,13473.0,7005.96,6467.04,0.48,2035-08,2035
1906,2034-01-16,East,Office Supplies,Consumer,Laptop,8,999,0.1,0.49,7192.8,3524.472,3668.328,0.51,2034-01,2034
1907,2028-06-20,East,Furniture,Corporate,Paper,3,367,0.13,0.74,957.87,708.8238,249.0462,0.26,2028-06,2028
1908,2036-06-17,North,Office Supplies,Consumer,Chair,6,1949,0.23,0.46,9004.380000000001,4142.014800000001,4862.3652,0.5399999999999999,2036-06,2036
1909,2033-02-04,East,Office Supplies,Home Office,Printer,1,194,0.19,0.59,157.14000000000001,92.71260000000001,64.4274,0.41,2033-02,2033
1910,2028-11-21,North,Furniture,Consumer,Monitor,3,494,0.09,0.58,1348.6200000000001,782.1996,566.4204000000001,0.42000000000000004,2028-11,2028
1911,2034-01-01,West,Office Supplies,Consumer,Chair,7,968,0.12,0.56,5962.88,3339.2128000000002,2623.6672,0.43999999999999995,2034-01,2034
1912,2031-07-08,East,Furniture,Home Office,Phone,7,463,0.09,0.68,2949.31,2005.5308,943.7792,0.32,2031-07,2031
1913,2028-05-24,South,Technology,Home Office,Phone,2,1438,0.18,0.67,2358.32,1580.0744000000002,778.2456,0.32999999999999996,2028-05,2028
1914,2023-07-17,West,Technology,Consumer,Chair,3,216,0.1,0.72,583.2,419.904,163.29600000000005,0.2800000000000001,2023-07,2023
1915,2030-03-11,North,Furniture,Consumer,Monitor,7,263,0.22,0.57,1435.98,818.5085999999999,617.4714000000001,0.4300000000000001,2030-03,2030
1916,2026-04-17,West,Furniture,Consumer,Chair,6,976,0.17,0.62,4860.48,3013.4975999999997,1846.9823999999999,0.38,2026-04,2026
1917,2028-07-28,North,Furniture,Consumer,Paper,7,889,0.04,0.72,5974.08,4301.3376,1672.7424,0.28,2028-07,2028
1918,2024-04-22,West,Furniture,Corporate,Paper,9,676,0.09,0.75,5536.4400000000005,4152.33,1384.1100000000006,0.25000000000000006,2024-04,2024
1919,2026-06-08,North,Technology,Consumer,Phone,8,405,0.07,0.74,3013.2,2229.768,783.4319999999998,0.25999999999999995,2026-06,2026
1920,2025-07-11,East,Office Supplies,Corporate,Paper,6,871,0.12,0.67,4598.88,3081.2496,1517.6304,0.33,2025-07,2025
1921,2024-02-24,South,Office Supplies,Home Office,Monitor,4,1863,0.15,0.49,6334.2,3103.758,3230.442,0.51,2024-02,2024
1922,2029-01-13,North,Technology,Corporate,Paper,9,299,0.15,0.46,2287.35,1052.181,1235.1689999999999,0.5399999999999999,2029-01,2029
1923,2030-02-10,West,Office Supplies,Home Office,Chair,7,1855,0.23,0.7,9998.45,6998.915,2999.5350000000008,0.30000000000000004,2030-02,2030
1924,2026-01-25,North,Technology,Corporate,Monitor,5,279,0.06,0.7,1311.3,917.9099999999999,393.3900000000001,0.3000000000000001,2026-01,2026
1925,2031-05-27,North,Office Supplies,Home Office,Laptop,2,457,0.28,0.67,658.0799999999999,440.9136,217.16639999999995,0.32999999999999996,2031-05,2031
1926,2025-08-08,North,Furniture,Consumer,Laptop,9,839,0.1,0.53,6795.900000000001,3601.8270000000007,3194.073,0.4699999999999999,2025-08,2025
1927,2029-05-25,West,Furniture,Corporate,Desk,7,1375,0.09,0.64,8758.75,5605.6,3153.1499999999996,0.35999999999999993,2029-05,2029
1928,2029-02-21,South,Furniture,Corporate,Laptop,9,1422,0.21,0.54,10110.42,5459.6268,4650.7932,0.46,2029-02,2029
1929,2030-03-30,East,Technology,Home Office,Storage,9,1996,0.24,0.59,13652.64,8055.057599999999,5597.5824,0.41000000000000003,2030-03,2030
1930,2028-02-01,South,Technology,Home Office,Monitor,5,529,0.11,0.56,2354.05,1318.2680000000003,1035.782,0.43999999999999995,2028-02,2028
1931,2035-08-18,North,Office Supplies,Corporate,Storage,7,1127,0.22,0.72,6153.42,4430.462399999999,1722.9576000000006,0.2800000000000001,2035-08,2035
1932,2028-02-09,West,Office Supplies,Home Office,Storage,5,752,0.27,0.52,2744.7999999999997,1427.2959999999998,1317.504,0.48000000000000004,2028-02,2028
1933,2030-12-22,South,Office Supplies,Consumer,Chair,3,777,0.23,0.62,1794.8700000000001,1112.8194,682.0506,0.38,2030-12,2030
1934,2030-10-24,North,Technology,Corporate,Chair,8,353,0.01,0.56,2795.7599999999998,1565.6256,1230.1343999999997,0.43999999999999995,2030-10,2030
1935,2036-06-11,East,Office Supplies,Consumer,Printer,8,1040,0.25,0.65,6240.0,4056.0,2184.0,0.35,2036-06,2036
1936,2031-11-03,East,Furniture,Corporate,Monitor,9,1788,0.23,0.62,12390.84,7682.3208,4708.5192,0.37999999999999995,2031-11,2031
1937,2033-03-08,East,Office Supplies,Consumer,Storage,6,1702,0.2,0.73,8169.6,5963.808,2205.7920000000004,0.27,2033-03,2033
1938,2031-11-03,North,Furniture,Corporate,Storage,2,1690,0.23,0.48,2602.6,1249.2479999999998,1353.352,0.52,2031-11,2031
1939,2029-06-29,West,Technology,Home Office,Laptop,3,1219,0.29,0.52,2596.47,1350.1644,1246.3056,0.48,2029-06,2029
1940,2030-12-01,South,Furniture,Corporate,Phone,6,266,0.13,0.68,1388.52,944.1936000000001,444.3263999999999,0.31999999999999995,2030-12,2030
1941,2033-04-14,East,Furniture,Consumer,Monitor,1,1956,0.02,0.56,1916.8799999999999,1073.4528,843.4271999999999,0.43999999999999995,2033-04,2033
1942,2034-07-27,North,Furniture,Corporate,Phone,2,1454,0.14,0.5,2500.88,1250.44,1250.44,0.5,2034-07,2034
1943,2023-04-05,North,Technology,Consumer,Monitor,8,1064,0.01,0.6,8426.88,5056.128,3370.7519999999995,0.39999999999999997,2023-04,2023
1944,2030-04-28,South,Technology,Consumer,Monitor,8,953,0.09,0.65,6937.84,4509.5960000000005,2428.2439999999997,0.3499999999999999,2030-04,2030
1945,2028-05-09,East,Technology,Consumer,Desk,6,1185,0.18,0.46,5830.200000000001,2681.8920000000003,3148.3080000000004,0.54,2028-05,2028
1946,2025-03-04,North,Technology,Home Office,Printer,3,273,0.09,0.54,745.2900000000001,402.4566000000001,342.8334,0.4599999999999999,2025-03,2025
1947,2028-01-09,South,Office Supplies,Corporate,Phone,2,1376,0.21,0.69,2174.08,1500.1151999999997,673.9648000000002,0.3100000000000001,2028-01,2028
1948,2028-10-17,West,Technology,Consumer,Desk,6,1584,0.25,0.61,7128.0,4348.08,2779.92,0.39,2028-10,2028
1949,2034-03-30,West,Furniture,Home Office,Laptop,1,723,0.13,0.46,629.01,289.3446,339.6654,0.5399999999999999,2034-03,2034
1950,2032-02-08,West,Technology,Consumer,Printer,6,1338,0.27,0.53,5860.44,3106.0332,2754.4067999999997,0.47,2032-02,2032
1951,2030-12-29,East,Office Supplies,Corporate,Printer,9,1362,0.02,0.64,12012.84,7688.2176,4324.6224,0.36,2030-12,2030
1952,2030-02-10,South,Office Supplies,Home Office,Storage,7,514,0.25,0.51,2698.5,1376.2350000000001,1322.2649999999999,0.48999999999999994,2030-02,2030
1953,2031-10-11,South,Office Supplies,Consumer,Monitor,9,838,0.25,0.7,5656.5,3959.5499999999997,1696.9500000000003,0.30000000000000004,2031-10,2031
1954,2036-02-29,North,Furniture,Consumer,Paper,2,1865,0.1,0.65,3357.0,2182.05,1174.9499999999998,0.3499999999999999,2036-02,2036
1955,2025-03-25,North,Technology,Consumer,Monitor,5,1868,0.09,0.59,8499.4,5014.646,3484.754,0.41000000000000003,2025-03,2025
1956,2023-12-12,North,Technology,Corporate,Chair,9,774,0.09,0.72,6339.06,4564.1232,1774.9368000000004,0.28,2023-12,2023
1957,2029-06-07,South,Technology,Home Office,Monitor,7,225,0.24,0.57,1197.0,682.29,514.71,0.43000000000000005,2029-06,2029
1958,2023-12-29,North,Furniture,Home Office,Monitor,9,1040,0.25,0.52,7020.0,3650.4,3369.6,0.48,2023-12,2023
1959,2029-09-09,South,Furniture,Home Office,Monitor,6,352,0.1,0.65,1900.8,1235.52,665.28,0.35,2029-09,2029
1960,2029-03-15,South,Office Supplies,Consumer,Storage,7,1968,0.18,0.62,11296.320000000002,7003.718400000001,4292.601600000001,0.38,2029-03,2029
1961,2028-12-28,West,Office Supplies,Home Office,Laptop,5,1834,0.04,0.55,8803.199999999999,4841.76,3961.4399999999987,0.4499999999999999,2028-12,2028
1962,2031-03-25,North,Technology,Consumer,Monitor,6,296,0.14,0.55,1527.36,840.048,687.3119999999999,0.44999999999999996,2031-03,2031
1963,2031-12-26,West,Furniture,Corporate,Paper,1,1757,0.3,0.57,1229.8999999999999,701.0429999999999,528.857,0.43000000000000005,2031-12,2031
1964,2025-09-11,East,Furniture,Home Office,Storage,1,512,0.05,0.54,486.4,262.656,223.74399999999997,0.45999999999999996,2025-09,2025
1965,2027-06-28,East,Technology,Consumer,Paper,2,1579,0.28,0.66,2273.7599999999998,1500.6816,773.0783999999999,0.33999999999999997,2027-06,2027
1966,2025-04-07,East,Technology,Home Office,Printer,4,875,0.25,0.65,2625.0,1706.25,918.75,0.35,2025-04,2025
1967,2030-06-23,South,Office Supplies,Home Office,Storage,9,1177,0.29,0.58,7521.03,4362.197399999999,3158.8326000000006,0.4200000000000001,2030-06,2030
1968,2032-09-01,South,Office Supplies,Corporate,Monitor,7,1770,0.05,0.57,11770.5,6709.1849999999995,5061.3150000000005,0.43000000000000005,2032-09,2032
1969,2035-03-10,South,Office Supplies,Home Office,Desk,6,1462,0.06,0.56,8245.68,4617.580800000001,3628.0991999999997,0.43999999999999995,2035-03,2035
1970,2031-01-14,North,Technology,Corporate,Storage,1,1482,0.01,0.54,1467.18,792.2772000000001,674.9028,0.45999999999999996,2031-01,2031
1971,2033-08-12,West,Technology,Home Office,Phone,5,1274,0.22,0.48,4968.6,2384.928,2583.6720000000005,0.52,2033-08,2033
1972,2023-05-07,South,Office Supplies,Home Office,Laptop,4,1223,0.19,0.53,3962.5200000000004,2100.1356000000005,1862.3844,0.4699999999999999,2023-05,2023
1973,2031-09-13,West,Office Supplies,Home Office,Laptop,5,333,0.05,0.55,1581.75,869.9625000000001,711.7874999999999,0.44999999999999996,2031-09,2031
1974,2031-05-15,West,Furniture,Home Office,Printer,9,1667,0.24,0.61,11402.28,6955.3908,4446.8892000000005,0.39,2031-05,2031
1975,2024-08-26,West,Furniture,Home Office,Storage,3,1185,0.09,0.68,3235.05,2199.8340000000003,1035.216,0.31999999999999995,2024-08,2024
1976,2032-06-11,North,Office Supplies,Home Office,Paper,4,295,0.04,0.57,1132.8,645.6959999999999,487.10400000000004,0.43000000000000005,2032-06,2032
1977,2034-05-09,North,Office Supplies,Corporate,Paper,8,641,0.13,0.73,4461.36,3256.7927999999997,1204.5672,0.27,2034-05,2034
1978,2032-09-03,East,Furniture,Corporate,Printer,3,1878,0.03,0.7,5464.98,3825.4859999999994,1639.4940000000001,0.30000000000000004,2032-09,2032
1979,2032-03-21,East,Office Supplies,Consumer,Printer,3,1229,0.08,0.75,3392.04,2544.0299999999997,848.0100000000002,0.25000000000000006,2032-03,2032
1980,2032-03-22,West,Furniture,Home Office,Desk,9,394,0.11,0.71,3155.94,2240.7174,915.2226,0.29000000000000004,2032-03,2032
1981,2033-05-25,East,Furniture,Corporate,Chair,5,744,0.26,0.64,2752.8,1761.7920000000001,991.008,0.36,2033-05,2033
1982,2027-11-28,West,Furniture,Home Office,Printer,1,1574,0.24,0.63,1196.24,753.6312,442.6088,0.37,2027-11,2027
1983,2030-11-01,North,Technology,Home Office,Chair,7,1657,0.13,0.49,10091.13,4944.6537,5146.476299999999,0.51,2030-11,2030
1984,2032-07-08,North,Technology,Corporate,Paper,7,255,0.22,0.67,1392.3,932.841,459.45899999999995,0.32999999999999996,2032-07,2032
1985,2032-05-10,North,Office Supplies,Home Office,Chair,6,505,0.17,0.63,2514.9,1584.3870000000002,930.5129999999999,0.36999999999999994,2032-05,2032
1986,2027-07-04,South,Furniture,Corporate,Laptop,6,995,0.1,0.6,5373.0,3223.7999999999997,2149.2000000000003,0.4000000000000001,2027-07,2027
1987,2026-04-20,West,Technology,Corporate,Paper,3,825,0.22,0.66,1930.5,1274.13,656.3699999999999,0.33999999999999997,2026-04,2026
1988,2031-04-19,North,Office Supplies,Consumer,Phone,3,837,0.21,0.58,1983.69,1150.5402,833.1498000000001,0.42000000000000004,2031-04,2031
1989,2030-11-12,West,Office Supplies,Consumer,Paper,9,896,0.19,0.61,6531.84,3984.4224,2547.4176,0.39,2030-11,2030
1990,2031-05-31,East,Office Supplies,Consumer,Phone,1,1806,0.19,0.57,1462.8600000000001,833.8302,629.0298000000001,0.43000000000000005,2031-05,2031
1991,2028-01-29,East,Office Supplies,Consumer,Storage,7,653,0.2,0.67,3656.8,2450.0560000000005,1206.7439999999997,0.3299999999999999,2028-01,2028
1992,2034-01-04,North,Office Supplies,Home Office,Desk,7,1695,0.12,0.71,10441.2,7413.252,3027.9480000000003,0.29000000000000004,2034-01,2034
1993,2035-10-07,West,Furniture,Home Office,Desk,8,474,0.26,0.7,2806.08,1964.2559999999999,841.8240000000001,0.30000000000000004,2035-10,2035
1994,2030-06-01,North,Office Supplies,Consumer,Phone,6,1712,0.05,0.69,9758.4,6733.295999999999,3025.1040000000003,0.31000000000000005,2030-06,2030
1995,2032-08-03,East,Furniture,Corporate,Storage,8,554,0.27,0.45,3235.36,1455.912,1779.448,0.55,2032-08,2032
1996,2026-08-25,North,Technology,Corporate,Paper,1,301,0.1,0.72,270.90000000000003,195.04800000000003,75.852,0.27999999999999997,2026-08,2026
1997,2023-07-21,West,Office Supplies,Corporate,Monitor,1,1855,0.04,0.53,1780.8,943.8240000000001,836.9759999999999,0.47,2023-07,2023
1998,2032-08-08,East,Technology,Corporate,Phone,9,1575,0.18,0.72,11623.5,8368.92,3254.58,0.27999999999999997,2032-08,2032
1999,2034-07-14,South,Furniture,Home Office,Paper,4,1310,0.11,0.51,4663.6,2378.436,2285.164,0.49,2034-07,2034
2000,2024-07-28,East,Furniture,Corporate,Storage,3,1731,0.24,0.58,3946.68,2289.0744,1657.6055999999999,0.42,2024-07,2024
2001,2024-06-20,South,Technology,Corporate,Storage,6,953,0.13,0.67,4974.66,3333.0222,1641.6378,0.33,2024-06,2024
2002,2027-06-14,North,Office Supplies,Consumer,Storage,9,823,0.2,0.64,5925.6,3792.3840000000005,2133.216,0.36,2027-06,2027
2003,2028-10-23,North,Office Supplies,Corporate,Storage,4,1491,0.09,0.57,5427.24,3093.5267999999996,2333.7132,0.43000000000000005,2028-10,2028
2004,2024-01-21,West,Technology,Home Office,Laptop,9,439,0.06,0.65,3713.9399999999996,2414.0609999999997,1299.879,0.35000000000000003,2024-01,2024
2005,2031-12-26,South,Technology,Corporate,Paper,5,361,0.12,0.61,1588.4,968.924,619.4760000000001,0.39000000000000007,2031-12,2031
2006,2024-04-19,North,Technology,Corporate,Laptop,7,1964,0.18,0.53,11273.36,5974.880800000001,5298.4792,0.47,2024-04,2024
2007,2024-02-22,South,Office Supplies,Home Office,Phone,3,1712,0.2,0.64,4108.8,2629.632,1479.1680000000001,0.36,2024-02,2024
2008,2032-11-09,North,Office Supplies,Consumer,Storage,3,642,0.17,0.51,1598.58,815.2758,783.3041999999999,0.49,2032-11,2032
2009,2025-08-12,East,Office Supplies,Home Office,Printer,3,650,0.3,0.66,1365.0,900.9000000000001,464.0999999999999,0.3399999999999999,2025-08,2025
2010,2036-08-11,North,Technology,Consumer,Storage,8,1429,0.21,0.45,9031.28,4064.0760000000005,4967.204,0.5499999999999999,2036-08,2036
2011,2036-04-20,West,Office Supplies,Corporate,Printer,6,1969,0.28,0.61,8506.08,5188.708799999999,3317.3712000000005,0.39000000000000007,2036-04,2036
2012,2026-04-20,East,Furniture,Consumer,Laptop,9,1849,0.04,0.57,15975.359999999999,9105.955199999999,6869.4048,0.43000000000000005,2026-04,2026
2013,2036-01-12,West,Technology,Consumer,Storage,9,737,0.02,0.54,6500.34,3510.1836000000003,2990.1564,0.45999999999999996,2036-01,2036
2014,2034-04-13,East,Office Supplies,Consumer,Chair,8,264,0.09,0.6,1921.92,1153.152,768.768,0.4,2034-04,2034
2015,2028-06-13,South,Technology,Corporate,Phone,1,857,0.04,0.64,822.7199999999999,526.5408,296.1791999999999,0.35999999999999993,2028-06,2028
2016,2036-02-27,West,Furniture,Consumer,Storage,6,720,0.16,0.74,3628.7999999999997,2685.312,943.4879999999998,0.25999999999999995,2036-02,2036
2017,2032-10-12,North,Furniture,Consumer,Desk,4,1211,0.16,0.7,4068.96,2848.272,1220.688,0.30000000000000004,2032-10,2032
2018,2034-12-29,South,Technology,Corporate,Printer,4,1323,0.17,0.67,4392.36,2942.8812,1449.4787999999999,0.33,2034-12,2034
2019,2034-05-21,North,Technology,Home Office,Monitor,3,1394,0.22,0.59,3261.96,1924.5564,1337.4036,0.41000000000000003,2034-05,2034
2020,2036-01-10,East,Furniture,Home Office,Monitor,9,150,0.29,0.57,958.5,546.3449999999999,412.1550000000001,0.4300000000000001,2036-01,2036
2021,2030-06-06,East,Technology,Home Office,Storage,2,588,0.26,0.46,870.24,400.3104,469.9296,0.54,2030-06,2030
2022,2029-01-12,North,Furniture,Corporate,Paper,1,297,0.04,0.56,285.12,159.6672,125.4528,0.44,2029-01,2029
2023,2031-07-18,North,Furniture,Corporate,Chair,3,1146,0.1,0.7,3094.2000000000003,2165.94,928.2600000000002,0.30000000000000004,2031-07,2031
2024,2025-08-24,South,Office Supplies,Home Office,Printer,4,764,0.08,0.57,2811.52,1602.5664,1208.9536,0.43,2025-08,2025
2025,2036-07-15,North,Technology,Consumer,Chair,4,1346,0.05,0.59,5114.8,3017.732,2097.068,0.41000000000000003,2036-07,2036
2026,2032-05-25,West,Technology,Home Office,Monitor,6,1344,0.16,0.53,6773.759999999999,3590.0928,3183.6671999999994,0.47,2032-05,2032
2027,2024-11-19,West,Office Supplies,Corporate,Phone,1,762,0.17,0.53,632.4599999999999,335.2038,297.2561999999999,0.4699999999999999,2024-11,2024
2028,2034-08-14,North,Furniture,Consumer,Monitor,1,365,0.07,0.47,339.45,159.54149999999998,179.9085,0.53,2034-08,2034
2029,2033-02-18,West,Technology,Consumer,Phone,2,172,0.21,0.63,271.76,171.2088,100.5512,0.37,2033-02,2033
2030,2023-12-08,North,Office Supplies,Corporate,Phone,4,176,0.22,0.58,549.12,318.4896,230.6304,0.42000000000000004,2023-12,2023
2031,2027-09-21,South,Office Supplies,Consumer,Laptop,7,643,0.01,0.63,4455.99,2807.2736999999997,1648.7163,0.37000000000000005,2027-09,2027
2032,2035-02-09,West,Technology,Home Office,Monitor,6,980,0.12,0.61,5174.4,3156.3839999999996,2018.016,0.39000000000000007,2035-02,2035
2033,2027-11-28,West,Office Supplies,Corporate,Paper,9,534,0.27,0.69,3508.38,2420.7822,1087.5978,0.31,2027-11,2027
2034,2027-10-26,North,Furniture,Corporate,Monitor,7,1188,0.16,0.68,6985.44,4750.0992,2235.3408,0.32,2027-10,2027
2035,2031-10-18,West,Office Supplies,Corporate,Chair,5,456,0.1,0.68,2052.0,1395.3600000000001,656.6399999999999,0.31999999999999995,2031-10,2031
2036,2025-09-16,East,Furniture,Corporate,Storage,6,1035,0.08,0.6,5713.2,3427.9199999999996,2285.28,0.4,2025-09,2025
2037,2029-03-12,South,Furniture,Consumer,Desk,9,117,0.07,0.56,979.29,548.4024000000001,430.8875999999999,0.43999999999999995,2029-03,2029
2038,2029-10-18,South,Technology,Corporate,Desk,1,775,0.03,0.73,751.75,548.7775,202.97249999999997,0.26999999999999996,2029-10,2029
2039,2025-08-09,West,Office Supplies,Corporate,Paper,9,1922,0.25,0.47,12973.5,6097.545,6875.955,0.53,2025-08,2025
2040,2024-12-23,West,Furniture,Consumer,Phone,6,1689,0.03,0.5,9829.98,4914.99,4914.99,0.5,2024-12,2024
2041,2032-04-12,East,Furniture,Corporate,Paper,4,674,0.09,0.58,2453.36,1422.9488,1030.4112000000002,0.4200000000000001,2032-04,2032
2042,2028-09-10,East,Office Supplies,Consumer,Desk,5,1892,0.01,0.63,9365.4,5900.202,3465.1979999999994,0.36999999999999994,2028-09,2028
2043,2030-06-10,West,Furniture,Consumer,Paper,1,850,0.23,0.45,654.5,294.52500000000003,359.97499999999997,0.5499999999999999,2030-06,2030
2044,2029-05-21,West,Office Supplies,Corporate,Printer,7,1559,0.01,0.67,10803.87,7238.592900000001,3565.2771000000002,0.33,2029-05,2029
2045,2032-03-30,East,Technology,Home Office,Chair,8,1095,0.09,0.62,7971.6,4942.392,3029.2080000000005,0.38000000000000006,2032-03,2032
2046,2035-05-22,North,Furniture,Corporate,Chair,5,1564,0.17,0.6,6490.599999999999,3894.3599999999997,2596.24,0.4,2035-05,2035
2047,2027-02-09,East,Furniture,Home Office,Paper,2,1132,0.12,0.58,1992.32,1155.5456,836.7744,0.42000000000000004,2027-02,2027
2048,2023-10-13,North,Office Supplies,Consumer,Chair,8,1593,0.08,0.61,11724.480000000001,7151.9328000000005,4572.547200000001,0.39,2023-10,2023
2049,2032-07-27,South,Office Supplies,Home Office,Printer,7,731,0.08,0.5,4707.64,2353.82,2353.82,0.5,2032-07,2032
2050,2028-08-27,South,Office Supplies,Corporate,Storage,9,1471,0.24,0.48,10061.64,4829.5872,5232.0527999999995,0.52,2028-08,2028
2051,2025-02-07,East,Office Supplies,Corporate,Laptop,4,1725,0.29,0.54,4899.0,2645.46,2253.54,0.46,2025-02,2025
2052,2031-05-16,North,Furniture,Home Office,Printer,9,471,0.1,0.66,3815.1,2517.966,1297.134,0.34,2031-05,2031
2053,2034-09-29,East,Technology,Corporate,Chair,4,1069,0.01,0.63,4233.24,2666.9411999999998,1566.2988,0.37000000000000005,2034-09,2034
2054,2028-12-01,East,Technology,Home Office,Chair,3,1947,0.01,0.59,5782.59,3411.7281,2370.8619000000003,0.41000000000000003,2028-12,2028
2055,2032-01-07,North,Technology,Consumer,Monitor,3,1298,0.23,0.62,2998.38,1858.9956,1139.3844000000001,0.38000000000000006,2032-01,2032
2056,2025-08-04,East,Technology,Home Office,Chair,2,1638,0.17,0.62,2719.08,1685.8296,1033.2504,0.37999999999999995,2025-08,2025
2057,2036-06-27,South,Office Supplies,Home Office,Storage,3,1253,0.24,0.54,2856.84,1542.6936000000003,1314.1463999999999,0.4599999999999999,2036-06,2036
2058,2032-02-18,West,Furniture,Home Office,Desk,8,1689,0.21,0.48,10674.480000000001,5123.750400000001,5550.729600000001,0.52,2032-02,2032
2059,2034-05-13,West,Furniture,Home Office,Laptop,8,1416,0.27,0.72,8269.44,5953.9968,2315.4432000000006,0.2800000000000001,2034-05,2034
2060,2036-05-27,East,Furniture,Consumer,Printer,2,1819,0.27,0.63,2655.74,1673.1162,982.6237999999998,0.37,2036-05,2036
2061,2036-05-05,North,Office Supplies,Consumer,Paper,2,452,0.24,0.66,687.04,453.4464,233.59359999999998,0.33999999999999997,2036-05,2036
2062,2027-01-21,North,Furniture,Consumer,Chair,2,323,0.14,0.59,555.56,327.78039999999993,227.77960000000002,0.4100000000000001,2027-01,2027
2063,2028-03-16,South,Office Supplies,Home Office,Monitor,7,1647,0.09,0.68,10491.390000000001,7134.145200000002,3357.2447999999995,0.3199999999999999,2028-03,2028
2064,2032-06-13,North,Furniture,Consumer,Monitor,6,1053,0.15,0.63,5370.3,3383.289,1987.011,0.37,2032-06,2032
2065,2034-02-16,North,Technology,Corporate,Phone,1,1830,0.15,0.47,1555.5,731.0849999999999,824.4150000000001,0.53,2034-02,2034
2066,2023-02-24,South,Office Supplies,Consumer,Laptop,2,1882,0.18,0.72,3086.48,2222.2655999999997,864.2144000000003,0.2800000000000001,2023-02,2023
2067,2027-12-29,East,Furniture,Home Office,Monitor,1,1632,0.06,0.54,1534.08,828.4032,705.6768,0.46,2027-12,2027
2068,2032-06-24,West,Technology,Corporate,Phone,7,467,0.2,0.49,2615.2000000000003,1281.448,1333.7520000000002,0.51,2032-06,2032
2069,2031-06-07,South,Technology,Home Office,Laptop,6,1789,0.14,0.48,9231.24,4430.995199999999,4800.2448,0.52,2031-06,2031
2070,2025-04-12,East,Technology,Corporate,Chair,2,1713,0.19,0.67,2775.0600000000004,1859.2902000000004,915.7698,0.32999999999999996,2025-04,2025
2071,2035-01-26,South,Office Supplies,Home Office,Laptop,2,1775,0.07,0.66,3301.5,2178.9900000000002,1122.5099999999998,0.3399999999999999,2035-01,2035
2072,2030-09-07,East,Office Supplies,Home Office,Laptop,2,1623,0.13,0.66,2824.02,1863.8532,960.1668,0.33999999999999997,2030-09,2030
2073,2029-10-26,South,Furniture,Corporate,Paper,8,1213,0.06,0.72,9121.76,6567.6672,2554.0928000000004,0.28,2029-10,2029
2074,2023-11-24,East,Technology,Consumer,Chair,7,755,0.26,0.55,3910.9,2150.9950000000003,1759.9049999999997,0.4499999999999999,2023-11,2023
2075,2032-01-24,South,Furniture,Corporate,Storage,1,1195,0.15,0.62,1015.75,629.765,385.985,0.38,2032-01,2032
2076,2032-01-14,East,Furniture,Corporate,Monitor,4,532,0.07,0.64,1979.04,1266.5856,712.4543999999999,0.35999999999999993,2032-01,2032
2077,2033-01-23,South,Technology,Corporate,Phone,4,1812,0.01,0.74,7175.5199999999995,5309.8848,1865.6351999999997,0.25999999999999995,2033-01,2033
2078,2031-05-13,West,Furniture,Corporate,Paper,7,1471,0.2,0.54,8237.6,4448.304,3789.2960000000003,0.46,2031-05,2031
2079,2028-11-13,West,Office Supplies,Corporate,Paper,2,1386,0.06,0.74,2605.68,1928.2032,677.4767999999999,0.26,2028-11,2028
2080,2026-08-04,North,Furniture,Home Office,Storage,4,1394,0.3,0.49,3903.2,1912.568,1990.6319999999998,0.51,2026-08,2026
2081,2031-09-27,East,Technology,Home Office,Phone,1,608,0.16,0.68,510.71999999999997,347.2896,163.43039999999996,0.31999999999999995,2031-09,2031
2082,2029-12-13,South,Office Supplies,Consumer,Desk,4,607,0.09,0.64,2209.48,1414.0672,795.4128000000001,0.36000000000000004,2029-12,2029
2083,2033-11-27,East,Office Supplies,Consumer,Monitor,1,716,0.2,0.7,572.8000000000001,400.96000000000004,171.84000000000003,0.30000000000000004,2033-11,2033
2084,2035-06-14,West,Furniture,Corporate,Phone,2,519,0.08,0.46,954.96,439.2816,515.6784,0.54,2035-06,2035
2085,2023-06-14,East,Furniture,Consumer,Phone,2,1195,0.25,0.47,1792.5,842.4749999999999,950.0250000000001,0.53,2023-06,2023
2086,2034-09-17,South,Office Supplies,Consumer,Laptop,3,173,0.09,0.47,472.29,221.9763,250.3137,0.53,2034-09,2034
2087,2025-04-02,East,Furniture,Corporate,Desk,8,1778,0.3,0.63,9956.8,6272.784,3684.0159999999996,0.37,2025-04,2025
2088,2025-08-01,South,Technology,Home Office,Chair,6,1626,0.18,0.63,7999.920000000001,5039.949600000001,2959.9704,0.37,2025-08,2025
2089,2035-02-12,West,Furniture,Home Office,Chair,6,673,0.25,0.72,3028.5,2180.52,847.98,0.28,2035-02,2035
2090,2025-02-13,West,Furniture,Consumer,Printer,9,245,0.02,0.59,2160.9,1274.931,885.969,0.41000000000000003,2025-02,2025
2091,2029-01-07,West,Office Supplies,Home Office,Desk,8,145,0.1,0.47,1044.0,490.67999999999995,553.32,0.53,2029-01,2029
2092,2031-08-23,North,Furniture,Home Office,Laptop,2,1864,0.22,0.51,2907.84,1482.9984000000002,1424.8416,0.49,2031-08,2031
2093,2034-08-13,West,Furniture,Consumer,Printer,6,1228,0.2,0.45,5894.400000000001,2652.4800000000005,3241.92,0.5499999999999999,2034-08,2034
2094,2033-02-12,East,Furniture,Corporate,Printer,1,1232,0.06,0.68,1158.08,787.4944,370.5855999999999,0.3199999999999999,2033-02,2033
2095,2032-06-14,North,Technology,Consumer,Chair,9,1440,0.11,0.69,11534.4,7958.735999999999,3575.6640000000007,0.31000000000000005,2032-06,2032
2096,2025-07-03,West,Furniture,Consumer,Phone,4,220,0.08,0.75,809.6,607.2,202.39999999999998,0.24999999999999997,2025-07,2025
2097,2026-08-01,East,Technology,Consumer,Laptop,4,1622,0.18,0.57,5320.160000000001,3032.4912000000004,2287.6688000000004,0.43,2026-08,2026
2098,2034-06-09,East,Technology,Corporate,Paper,9,1166,0.1,0.46,9444.6,4344.5160000000005,5100.084,0.5399999999999999,2034-06,2034
2099,2024-05-28,East,Technology,Corporate,Paper,3,198,0.09,0.52,540.54,281.0808,259.45919999999995,0.4799999999999999,2024-05,2024
2100,2028-04-04,South,Technology,Corporate,Desk,5,805,0.06,0.63,3783.5,2383.605,1399.895,0.37,2028-04,2028
2101,2032-11-03,North,Office Supplies,Corporate,Printer,1,410,0.12,0.74,360.8,266.992,93.80799999999999,0.25999999999999995,2032-11,2032
2102,2036-04-03,East,Technology,Consumer,Laptop,6,1337,0.06,0.48,7540.679999999999,3619.5263999999997,3921.1535999999996,0.52,2036-04,2036
2103,2026-11-10,South,Furniture,Home Office,Chair,3,1586,0.29,0.49,3378.18,1655.3082,1722.8718,0.51,2026-11,2026
2104,2036-02-24,West,Technology,Consumer,Printer,1,1864,0.05,0.66,1770.8,1168.728,602.0719999999999,0.33999999999999997,2036-02,2036
2105,2035-07-03,East,Furniture,Corporate,Printer,6,522,0.27,0.65,2286.36,1486.1340000000002,800.2259999999999,0.3499999999999999,2035-07,2035
2106,2031-09-26,South,Technology,Home Office,Storage,2,1512,0.13,0.53,2630.88,1394.3664,1236.5136,0.47,2031-09,2031
2107,2035-04-19,East,Office Supplies,Consumer,Chair,8,1820,0.11,0.69,12958.4,8941.295999999998,4017.104000000001,0.3100000000000001,2035-04,2035
2108,2027-04-05,North,Technology,Home Office,Paper,2,1235,0.07,0.49,2297.1,1125.579,1171.521,0.51,2027-04,2027
2109,2025-03-15,North,Technology,Corporate,Storage,4,1982,0.19,0.73,6421.68,4687.8264,1733.8536000000004,0.27,2025-03,2025
2110,2026-07-03,West,Office Supplies,Home Office,Chair,3,371,0.21,0.51,879.2700000000001,448.4277000000001,430.8423,0.49,2026-07,2026
2111,2032-10-17,East,Technology,Home Office,Chair,9,924,0.14,0.47,7151.76,3361.3271999999997,3790.4328000000005,0.53,2032-10,2032
2112,2030-12-11,South,Furniture,Corporate,Storage,2,1225,0.02,0.55,2401.0,1320.5500000000002,1080.4499999999998,0.4499999999999999,2030-12,2030
2113,2026-10-19,West,Technology,Home Office,Paper,3,309,0.28,0.51,667.4399999999999,340.39439999999996,327.0456,0.49,2026-10,2026
2114,2035-11-02,East,Technology,Consumer,Monitor,7,838,0.29,0.61,4164.86,2540.5645999999997,1624.2954,0.39,2035-11,2035
2115,2030-07-24,West,Technology,Home Office,Laptop,4,892,0.13,0.66,3104.16,2048.7456,1055.4143999999997,0.3399999999999999,2030-07,2030
2116,2030-05-03,South,Office Supplies,Consumer,Laptop,6,1145,0.18,0.6,5633.400000000001,3380.0400000000004,2253.36,0.39999999999999997,2030-05,2030
2117,2028-10-07,West,Technology,Home Office,Monitor,3,859,0.14,0.65,2216.22,1440.543,775.6769999999999,0.35,2028-10,2028
2118,2034-07-25,West,Technology,Home Office,Laptop,1,258,0.1,0.56,232.20000000000002,130.032,102.168,0.44,2034-07,2034
2119,2036-03-24,West,Furniture,Corporate,Phone,6,840,0.02,0.46,4939.2,2272.032,2667.1679999999997,0.5399999999999999,2036-03,2036
2120,2030-07-31,East,Technology,Corporate,Printer,4,442,0.14,0.74,1520.48,1125.1552,395.3248000000001,0.26000000000000006,2030-07,2030
2121,2033-10-28,South,Technology,Consumer,Laptop,2,1523,0.25,0.7,2284.5,1599.1499999999999,685.3500000000001,0.30000000000000004,2033-10,2033
2122,2031-09-22,North,Technology,Corporate,Phone,7,1577,0.01,0.47,10928.61,5136.4467,5792.1633,0.53,2031-09,2031
2123,2031-12-25,East,Technology,Corporate,Printer,5,798,0.17,0.58,3311.7,1920.7859999999998,1390.914,0.42000000000000004,2031-12,2031
2124,2030-01-17,North,Furniture,Corporate,Laptop,6,1266,0.26,0.64,5621.04,3597.4656,2023.5744,0.36,2030-01,2030
2125,2035-08-22,North,Furniture,Corporate,Chair,6,1973,0.07,0.51,11009.34,5614.7634,5394.5766,0.49000000000000005,2035-08,2035
2126,2030-02-12,East,Office Supplies,Corporate,Monitor,9,1993,0.05,0.62,17040.149999999998,10564.892999999998,6475.257,0.38,2030-02,2030
2127,2034-01-16,East,Technology,Consumer,Desk,2,496,0.23,0.61,763.84,465.9424,297.8976,0.39,2034-01,2034
2128,2023-08-25,South,Office Supplies,Consumer,Laptop,6,635,0.08,0.51,3505.2000000000003,1787.6520000000003,1717.548,0.48999999999999994,2023-08,2023
2129,2026-07-28,South,Office Supplies,Corporate,Desk,9,240,0.06,0.49,2030.3999999999999,994.896,1035.504,0.51,2026-07,2026
2130,2032-05-23,West,Technology,Corporate,Laptop,4,1060,0.11,0.68,3773.6,2566.0480000000002,1207.5519999999997,0.3199999999999999,2032-05,2032
2131,2026-07-25,North,Furniture,Consumer,Chair,6,339,0.12,0.55,1789.92,984.4560000000001,805.4639999999999,0.44999999999999996,2026-07,2026
2132,2029-12-16,South,Furniture,Home Office,Monitor,7,391,0.26,0.52,2025.3799999999999,1053.1976,972.1823999999999,0.48,2029-12,2029
2133,2028-08-13,West,Technology,Consumer,Paper,1,916,0.19,0.67,741.96,497.11320000000006,244.84679999999997,0.32999999999999996,2028-08,2028
2134,2024-03-17,South,Technology,Home Office,Monitor,5,181,0.12,0.67,796.4,533.588,262.812,0.33,2024-03,2024
2135,2028-09-07,East,Furniture,Corporate,Desk,4,659,0.16,0.53,2214.24,1173.5472,1040.6927999999998,0.47,2028-09,2028
2136,2031-09-16,South,Technology,Corporate,Phone,2,1988,0.29,0.71,2822.96,2004.3016,818.6584,0.29,2031-09,2031
2137,2030-04-11,North,Technology,Consumer,Chair,2,969,0.03,0.66,1879.86,1240.7076,639.1524,0.33999999999999997,2030-04,2030
2138,2033-05-26,South,Technology,Corporate,Desk,2,270,0.06,0.55,507.59999999999997,279.18,228.41999999999996,0.44999999999999996,2033-05,2033
2139,2025-03-15,North,Furniture,Home Office,Desk,7,1897,0.29,0.58,9428.09,5468.2922,3959.7978000000003,0.42000000000000004,2025-03,2025
2140,2023-03-16,East,Office Supplies,Home Office,Storage,4,1076,0.29,0.67,3055.8399999999997,2047.4127999999998,1008.4271999999999,0.32999999999999996,2023-03,2023
2141,2028-12-15,North,Office Supplies,Consumer,Storage,6,679,0.05,0.51,3870.2999999999997,1973.8529999999998,1896.447,0.49,2028-12,2028
2142,2033-09-29,South,Technology,Home Office,Chair,7,625,0.04,0.59,4200.0,2478.0,1722.0,0.41,2033-09,2033
2143,2028-09-20,West,Furniture,Consumer,Chair,9,641,0.13,0.65,5019.03,3262.3695,1756.6605,0.35000000000000003,2028-09,2028
2144,2023-02-10,East,Technology,Consumer,Chair,2,209,0.01,0.61,413.82,252.43019999999999,161.3898,0.39,2023-02,2023
2145,2028-09-12,South,Furniture,Home Office,Printer,9,1335,0.2,0.63,9612.0,6055.56,3556.4399999999996,0.36999999999999994,2028-09,2028
2146,2035-10-28,East,Technology,Home Office,Phone,5,1899,0.02,0.61,9305.1,5676.111,3628.9890000000005,0.39,2035-10,2035
2147,2027-06-11,East,Furniture,Home Office,Laptop,6,1561,0.02,0.51,9178.68,4681.1268,4497.5532,0.49,2027-06,2027
2148,2023-12-08,South,Furniture,Home Office,Paper,6,421,0.15,0.57,2147.1,1223.8469999999998,923.2530000000002,0.4300000000000001,2023-12,2023
2149,2034-02-04,South,Office Supplies,Home Office,Storage,3,999,0.29,0.61,2127.87,1298.0006999999998,829.8693000000001,0.39000000000000007,2034-02,2034
2150,2028-09-05,West,Technology,Home Office,Monitor,7,813,0.13,0.68,4951.17,3366.7956000000004,1584.3743999999997,0.31999999999999995,2028-09,2028
2151,2024-10-07,East,Office Supplies,Home Office,Monitor,7,183,0.11,0.65,1140.09,741.0585,399.03149999999994,0.35,2024-10,2024
2152,2036-03-19,East,Office Supplies,Corporate,Desk,8,1055,0.3,0.58,5908.0,3426.64,2481.36,0.42000000000000004,2036-03,2036
2153,2034-09-03,South,Furniture,Consumer,Storage,5,475,0.16,0.74,1995.0,1476.3,518.7,0.26,2034-09,2034
2154,2024-09-01,North,Technology,Consumer,Laptop,2,1176,0.11,0.48,2093.28,1004.7744,1088.5056000000002,0.52,2024-09,2024
2155,2024-03-30,South,Furniture,Home Office,Chair,3,1990,0.12,0.51,5253.6,2679.3360000000002,2574.264,0.49,2024-03,2024
2156,2031-02-01,East,Furniture,Consumer,Monitor,9,1619,0.06,0.55,13696.74,7533.207,6163.532999999999,0.44999999999999996,2031-02,2031
2157,2027-09-05,South,Furniture,Home Office,Storage,6,1379,0.15,0.52,7032.9,3657.1079999999997,3375.792,0.48000000000000004,2027-09,2027
2158,2032-07-04,West,Technology,Corporate,Phone,8,685,0.13,0.64,4767.6,3051.264,1716.3360000000002,0.36000000000000004,2032-07,2032
2159,2031-02-17,North,Technology,Consumer,Phone,8,1343,0.08,0.46,9884.48,4546.8608,5337.619199999999,0.5399999999999999,2031-02,2031
2160,2031-04-17,South,Furniture,Consumer,Paper,5,1778,0.05,0.5,8445.5,4222.75,4222.75,0.5,2031-04,2031
2161,2036-02-19,West,Technology,Corporate,Printer,1,199,0.09,0.54,181.09,97.7886,83.3014,0.46,2036-02,2036
2162,2030-05-05,East,Furniture,Corporate,Storage,6,228,0.15,0.66,1162.8,767.448,395.352,0.33999999999999997,2030-05,2030
2163,2032-12-08,South,Technology,Corporate,Chair,7,1017,0.02,0.71,6976.62,4953.4002,2023.2197999999999,0.29,2032-12,2032
2164,2034-07-27,East,Technology,Consumer,Desk,9,318,0.05,0.69,2718.9,1876.041,842.8590000000002,0.31000000000000005,2034-07,2034
2165,2031-05-26,West,Office Supplies,Consumer,Paper,2,576,0.28,0.5,829.4399999999999,414.71999999999997,414.71999999999997,0.5,2031-05,2031
2166,2026-10-18,East,Furniture,Corporate,Paper,2,1906,0.16,0.62,3202.08,1985.2895999999998,1216.7904,0.38000000000000006,2026-10,2026
2167,2033-05-04,West,Office Supplies,Corporate,Printer,1,1581,0.02,0.46,1549.3799999999999,712.7148,836.6651999999999,0.54,2033-05,2033
2168,2030-11-06,West,Office Supplies,Corporate,Chair,5,121,0.21,0.54,477.95000000000005,258.093,219.85700000000003,0.46,2030-11,2030
2169,2036-02-10,West,Furniture,Corporate,Paper,2,1813,0.02,0.69,3553.48,2451.9012,1101.5788000000002,0.31000000000000005,2036-02,2036
2170,2032-03-17,South,Furniture,Corporate,Printer,3,659,0.22,0.59,1542.06,909.8154,632.2446,0.41000000000000003,2032-03,2032
2171,2036-05-21,East,Technology,Home Office,Storage,2,728,0.22,0.49,1135.68,556.4832,579.1968,0.51,2036-05,2036
2172,2034-04-17,East,Furniture,Corporate,Laptop,4,1118,0.2,0.58,3577.6000000000004,2075.0080000000003,1502.592,0.42,2034-04,2034
2173,2023-05-29,North,Office Supplies,Home Office,Paper,3,1452,0.22,0.51,3397.6800000000003,1732.8168000000003,1664.8632,0.48999999999999994,2023-05,2023
2174,2033-07-17,North,Office Supplies,Consumer,Monitor,9,1814,0.03,0.57,15836.22,9026.6454,6809.5746,0.43,2033-07,2033
2175,2028-08-20,North,Furniture,Consumer,Storage,2,1603,0.22,0.6,2500.6800000000003,1500.4080000000001,1000.2720000000002,0.4,2028-08,2028
2176,2026-02-10,North,Office Supplies,Home Office,Chair,7,1908,0.04,0.55,12821.76,7051.968000000001,5769.7919999999995,0.44999999999999996,2026-02,2026
2177,2023-07-06,East,Technology,Corporate,Desk,3,1997,0.1,0.73,5391.900000000001,3936.0870000000004,1455.813,0.27,2023-07,2023
2178,2030-10-25,West,Office Supplies,Consumer,Desk,8,438,0.28,0.62,2522.88,1564.1856,958.6944000000001,0.38,2030-10,2030
2179,2026-06-04,West,Technology,Corporate,Chair,4,1995,0.15,0.7,6783.0,4748.099999999999,2034.9000000000005,0.3000000000000001,2026-06,2026
2180,2026-08-26,South,Office Supplies,Corporate,Printer,4,1982,0.29,0.68,5628.88,3827.6384000000003,1801.2415999999998,0.31999999999999995,2026-08,2026
2181,2034-06-25,West,Technology,Home Office,Phone,9,278,0.03,0.65,2426.94,1577.5110000000002,849.4289999999999,0.3499999999999999,2034-06,2034
2182,2034-05-13,East,Technology,Consumer,Chair,3,520,0.14,0.6,1341.6,804.9599999999999,536.64,0.4,2034-05,2034
2183,2030-06-04,East,Furniture,Consumer,Monitor,7,1605,0.02,0.45,11010.3,4954.635,6055.664999999999,0.5499999999999999,2030-06,2030
2184,2036-04-15,East,Technology,Home Office,Paper,1,1106,0.19,0.63,895.86,564.3918,331.4682,0.37,2036-04,2036
2185,2035-04-29,South,Furniture,Corporate,Storage,7,148,0.02,0.56,1015.28,568.5568000000001,446.7231999999999,0.43999999999999995,2035-04,2035
2186,2027-11-21,North,Office Supplies,Corporate,Desk,2,1950,0.05,0.49,3705.0,1815.45,1889.55,0.51,2027-11,2027
2187,2025-01-20,West,Office Supplies,Consumer,Laptop,6,866,0.08,0.58,4780.320000000001,2772.5856000000003,2007.7344000000003,0.42,2025-01,2025
2188,2027-10-29,East,Office Supplies,Home Office,Desk,9,129,0.22,0.67,905.58,606.7386,298.8414,0.33,2027-10,2027
2189,2033-09-25,East,Technology,Home Office,Phone,6,184,0.05,0.74,1048.8,776.112,272.688,0.26,2033-09,2033
2190,2035-03-19,North,Office Supplies,Corporate,Paper,3,888,0.25,0.56,1998.0,1118.88,879.1199999999999,0.43999999999999995,2035-03,2035
2191,2024-04-26,East,Office Supplies,Corporate,Desk,1,1625,0.04,0.61,1560.0,951.6,608.4,0.38999999999999996,2024-04,2024
2192,2023-06-03,West,Furniture,Home Office,Phone,4,1669,0.01,0.71,6609.24,4692.560399999999,1916.6796000000004,0.2900000000000001,2023-06,2023
2193,2027-03-05,South,Furniture,Consumer,Paper,4,428,0.12,0.55,1506.56,828.6080000000001,677.9519999999999,0.44999999999999996,2027-03,2027
2194,2028-10-21,East,Office Supplies,Corporate,Monitor,8,709,0.29,0.49,4027.12,1973.2887999999998,2053.8312,0.51,2028-10,2028
2195,2029-06-01,West,Office Supplies,Home Office,Paper,7,533,0.03,0.53,3619.0699999999997,1918.1071,1700.9628999999998,0.47,2029-06,2029
2196,2026-05-25,East,Technology,Home Office,Chair,7,687,0.03,0.72,4664.73,3358.6055999999994,1306.1244000000002,0.2800000000000001,2026-05,2026
2197,2023-03-02,North,Technology,Home Office,Desk,7,1810,0.23,0.5,9755.9,4877.95,4877.95,0.5,2023-03,2023
2198,2025-07-27,East,Office Supplies,Consumer,Printer,2,1976,0.09,0.55,3596.32,1977.9760000000003,1618.3439999999998,0.44999999999999996,2025-07,2025
2199,2027-06-28,East,Furniture,Corporate,Storage,9,1372,0.22,0.59,9631.44,5682.5496,3948.8904,0.41,2027-06,2027
2200,2034-04-13,South,Office Supplies,Corporate,Printer,6,1975,0.06,0.7,11139.0,7797.299999999999,3341.7000000000007,0.30000000000000004,2034-04,2034
2201,2034-07-28,North,Technology,Corporate,Storage,2,1257,0.14,0.73,2162.04,1578.2892,583.7508,0.27,2034-07,2034
2202,2032-10-09,North,Furniture,Consumer,Desk,1,789,0.08,0.58,725.88,421.01039999999995,304.86960000000005,0.4200000000000001,2032-10,2032
2203,2026-06-06,South,Furniture,Corporate,Monitor,1,1488,0.14,0.73,1279.68,934.1664000000001,345.5136,0.26999999999999996,2026-06,2026
2204,2034-07-05,East,Technology,Corporate,Desk,1,1863,0.23,0.5,1434.51,717.255,717.255,0.5,2034-07,2034
2205,2023-06-21,West,Office Supplies,Corporate,Storage,4,1698,0.23,0.5,5229.84,2614.92,2614.92,0.5,2023-06,2023
2206,2026-12-29,North,Office Supplies,Corporate,Monitor,4,1903,0.15,0.73,6470.2,4723.246,1746.9539999999997,0.26999999999999996,2026-12,2026
2207,2032-09-19,North,Office Supplies,Consumer,Laptop,9,524,0.28,0.6,3395.52,2037.312,1358.208,0.4,2032-09,2032
2208,2034-06-29,East,Technology,Home Office,Monitor,1,1538,0.08,0.51,1414.96,721.6296,693.3304,0.49000000000000005,2034-06,2034
2209,2029-05-11,East,Furniture,Home Office,Desk,3,869,0.07,0.6,2424.5099999999998,1454.706,969.8039999999999,0.39999999999999997,2029-05,2029
2210,2027-06-25,North,Technology,Corporate,Laptop,3,1779,0.18,0.68,4376.34,2975.9112000000005,1400.4287999999997,0.3199999999999999,2027-06,2027
2211,2031-07-13,East,Office Supplies,Corporate,Laptop,8,611,0.19,0.7,3959.28,2771.496,1187.784,0.3,2031-07,2031
2212,2034-03-14,West,Technology,Corporate,Storage,2,1508,0.01,0.71,2985.84,2119.9464,865.8936000000003,0.2900000000000001,2034-03,2034
2213,2031-03-24,North,Furniture,Consumer,Laptop,6,1511,0.18,0.62,7434.120000000001,4609.1544,2824.9656000000004,0.38,2031-03,2031
2214,2023-11-26,West,Technology,Corporate,Laptop,4,1938,0.11,0.71,6899.28,4898.488799999999,2000.7912000000006,0.2900000000000001,2023-11,2023
2215,2032-12-19,West,Office Supplies,Consumer,Chair,6,1111,0.22,0.6,5199.4800000000005,3119.688,2079.7920000000004,0.4,2032-12,2032
2216,2033-08-30,East,Furniture,Corporate,Monitor,5,1572,0.24,0.63,5973.6,3763.3680000000004,2210.232,0.37,2033-08,2033
2217,2034-03-31,West,Technology,Corporate,Paper,9,663,0.17,0.68,4952.61,3367.7748,1584.8351999999995,0.31999999999999995,2034-03,2034
2218,2026-09-03,East,Technology,Home Office,Printer,9,402,0.0,0.58,3618.0,2098.44,1519.56,0.42,2026-09,2026
2219,2033-01-11,South,Furniture,Corporate,Laptop,1,198,0.19,0.47,160.38000000000002,75.3786,85.00140000000002,0.53,2033-01,2033
2220,2023-08-04,East,Furniture,Consumer,Paper,3,1429,0.22,0.56,3343.86,1872.5616000000002,1471.2984,0.43999999999999995,2023-08,2023
2221,2023-12-05,West,Office Supplies,Home Office,Printer,1,656,0.07,0.64,610.0799999999999,390.4512,219.62879999999996,0.36,2023-12,2023
2222,2034-02-14,South,Furniture,Consumer,Paper,6,141,0.14,0.51,727.56,371.05559999999997,356.5044,0.49,2034-02,2034
2223,2030-06-01,East,Office Supplies,Home Office,Laptop,3,1090,0.29,0.49,2321.7,1137.6329999999998,1184.067,0.51,2030-06,2030
2224,2031-08-19,West,Technology,Consumer,Printer,1,567,0.09,0.54,515.97,278.6238,237.3462,0.46,2031-08,2031
2225,2027-10-17,North,Office Supplies,Home Office,Desk,6,539,0.07,0.46,3007.62,1383.5052,1624.1147999999998,0.5399999999999999,2027-10,2027
2226,2029-08-18,North,Technology,Consumer,Desk,5,426,0.06,0.67,2002.1999999999998,1341.474,660.7259999999999,0.32999999999999996,2029-08,2029
2227,2024-12-10,East,Furniture,Consumer,Printer,8,668,0.17,0.53,4435.5199999999995,2350.8255999999997,2084.6944,0.47000000000000003,2024-12,2024
2228,2033-03-15,East,Technology,Corporate,Monitor,2,132,0.28,0.49,190.07999999999998,93.13919999999999,96.9408,0.51,2033-03,2033
2229,2032-12-21,North,Furniture,Home Office,Laptop,8,511,0.18,0.66,3352.1600000000003,2212.4256000000005,1139.7343999999998,0.3399999999999999,2032-12,2032
2230,2033-12-07,West,Technology,Home Office,Chair,5,1749,0.09,0.7,7957.95,5570.565,2387.385,0.30000000000000004,2033-12,2033
2231,2024-05-03,West,Technology,Corporate,Paper,8,911,0.19,0.46,5903.280000000001,2715.5088000000005,3187.7712,0.5399999999999999,2024-05,2024
2232,2023-02-16,West,Technology,Consumer,Monitor,4,1237,0.19,0.52,4007.88,2084.0976,1923.7824,0.48,2023-02,2023
2233,2032-03-13,East,Technology,Consumer,Printer,4,607,0.18,0.73,1990.9600000000003,1453.4008000000001,537.5592000000001,0.27,2032-03,2032
2234,2036-05-05,South,Office Supplies,Home Office,Monitor,4,155,0.05,0.57,589.0,335.72999999999996,253.27000000000004,0.43000000000000005,2036-05,2036
2235,2036-02-28,South,Technology,Consumer,Paper,6,1679,0.19,0.73,8159.9400000000005,5956.7562,2203.1838000000007,0.2700000000000001,2036-02,2036
2236,2024-02-05,South,Office Supplies,Home Office,Phone,4,1847,0.13,0.53,6427.56,3406.6068000000005,3020.9532,0.47,2024-02,2024
2237,2033-12-04,South,Furniture,Home Office,Chair,9,1475,0.01,0.52,13142.25,6833.97,6308.28,0.48,2033-12,2033
2238,2031-08-24,South,Furniture,Consumer,Paper,9,1452,0.16,0.51,10977.119999999999,5598.3312,5378.788799999999,0.49,2031-08,2031
2239,2034-11-24,East,Office Supplies,Consumer,Phone,3,645,0.3,0.48,1354.5,650.16,704.34,0.52,2034-11,2034
2240,2024-01-26,East,Furniture,Consumer,Paper,7,1393,0.1,0.72,8775.9,6318.647999999999,2457.2520000000004,0.2800000000000001,2024-01,2024
2241,2033-07-20,South,Furniture,Corporate,Paper,5,295,0.29,0.74,1047.25,774.965,272.28499999999997,0.25999999999999995,2033-07,2033
2242,2035-02-17,East,Technology,Home Office,Printer,9,512,0.03,0.74,4469.76,3307.6224,1162.1376,0.26,2035-02,2035
2243,2024-09-20,East,Technology,Consumer,Laptop,2,736,0.22,0.71,1148.16,815.1936000000001,332.9664,0.29,2024-09,2024
2244,2034-08-03,South,Technology,Corporate,Monitor,3,1202,0.03,0.7,3497.8199999999997,2448.4739999999997,1049.346,0.30000000000000004,2034-08,2034
2245,2031-01-09,West,Office Supplies,Consumer,Monitor,5,1890,0.08,0.65,8694.0,5651.1,3042.8999999999996,0.35,2031-01,2031
2246,2027-03-02,East,Office Supplies,Home Office,Phone,5,1780,0.17,0.7,7387.0,5170.9,2216.1000000000004,0.30000000000000004,2027-03,2027
2247,2025-04-06,West,Furniture,Corporate,Monitor,7,1206,0.18,0.51,6922.4400000000005,3530.4444000000003,3391.9956,0.49,2025-04,2025
2248,2036-03-15,East,Technology,Home Office,Printer,8,841,0.23,0.57,5180.56,2952.9192,2227.6408000000006,0.4300000000000001,2036-03,2036
2249,2027-02-09,East,Office Supplies,Consumer,Chair,8,236,0.18,0.64,1548.16,990.8224000000001,557.3376,0.35999999999999993,2027-02,2027
2250,2032-01-08,South,Office Supplies,Consumer,Laptop,1,638,0.18,0.71,523.1600000000001,371.44360000000006,151.71640000000002,0.29,2032-01,2032
2251,2029-08-16,East,Technology,Consumer,Phone,1,788,0.27,0.65,575.24,373.906,201.334,0.35,2029-08,2029
2252,2025-07-23,North,Office Supplies,Corporate,Monitor,3,818,0.14,0.7,2110.44,1477.308,633.1320000000001,0.30000000000000004,2025-07,2025
2253,2031-05-01,North,Technology,Corporate,Printer,1,1032,0.07,0.59,959.76,566.2583999999999,393.50160000000005,0.4100000000000001,2031-05,2031
2254,2035-04-25,South,Furniture,Corporate,Laptop,1,405,0.05,0.67,384.75,257.7825,126.96749999999997,0.3299999999999999,2035-04,2035
2255,2027-01-06,West,Furniture,Corporate,Laptop,8,1434,0.12,0.74,10095.36,7470.566400000001,2624.7936,0.26,2027-01,2027
2256,2032-10-01,West,Furniture,Consumer,Desk,1,487,0.21,0.5,384.73,192.365,192.365,0.5,2032-10,2032
2257,2024-09-06,West,Technology,Consumer,Laptop,9,824,0.01,0.73,7341.84,5359.5432,1982.2968,0.27,2024-09,2024
2258,2026-03-28,North,Office Supplies,Consumer,Paper,2,1989,0.04,0.61,3818.8799999999997,2329.5168,1489.3631999999998,0.38999999999999996,2026-03,2026
2259,2031-10-29,West,Furniture,Corporate,Printer,9,1014,0.03,0.64,8852.22,5665.4208,3186.7991999999995,0.36,2031-10,2031
2260,2030-04-21,West,Furniture,Corporate,Chair,7,648,0.18,0.71,3719.5200000000004,2640.8592000000003,1078.6608,0.29,2030-04,2030
2261,2023-05-11,South,Furniture,Consumer,Storage,9,605,0.07,0.57,5063.849999999999,2886.3944999999994,2177.4555,0.43000000000000005,2023-05,2023
2262,2031-03-03,West,Office Supplies,Consumer,Desk,3,487,0.05,0.58,1387.95,805.011,582.9390000000001,0.42000000000000004,2031-03,2031
2263,2034-09-18,North,Office Supplies,Corporate,Printer,1,392,0.18,0.61,321.44,196.0784,125.36160000000001,0.39,2034-09,2034
2264,2035-03-18,North,Technology,Home Office,Printer,1,278,0.23,0.46,214.06,98.4676,115.5924,0.54,2035-03,2035
2265,2023-02-08,North,Furniture,Consumer,Printer,6,771,0.1,0.6,4163.400000000001,2498.0400000000004,1665.3600000000001,0.39999999999999997,2023-02,2023
2266,2033-11-03,South,Office Supplies,Consumer,Phone,7,1552,0.17,0.54,9017.119999999999,4869.2447999999995,4147.8751999999995,0.46,2033-11,2033
2267,2032-10-27,South,Technology,Consumer,Monitor,9,1647,0.03,0.73,14378.31,10496.166299999999,3882.1437000000005,0.2700000000000001,2032-10,2032
2268,2025-07-09,East,Furniture,Corporate,Phone,6,1804,0.28,0.48,7793.28,3740.7744,4052.5056,0.52,2025-07,2025
2269,2030-08-01,West,Office Supplies,Consumer,Paper,5,1435,0.1,0.59,6457.5,3809.9249999999997,2647.5750000000003,0.41000000000000003,2030-08,2030
2270,2034-04-04,South,Office Supplies,Consumer,Chair,2,179,0.3,0.73,250.6,182.938,67.662,0.27,2034-04,2034
2271,2024-05-07,North,Technology,Consumer,Paper,2,1137,0.29,0.72,1614.54,1162.4687999999999,452.0712000000001,0.2800000000000001,2024-05,2024
2272,2026-02-05,North,Furniture,Consumer,Printer,8,1177,0.23,0.66,7250.320000000001,4785.211200000001,2465.1088,0.33999999999999997,2026-02,2026
2273,2032-08-22,South,Furniture,Consumer,Monitor,1,546,0.01,0.63,540.54,340.54019999999997,199.9998,0.37,2032-08,2032
2274,2023-11-07,South,Office Supplies,Home Office,Paper,8,865,0.16,0.53,5812.8,3080.784,2732.016,0.47,2023-11,2023
2275,2025-01-08,South,Furniture,Home Office,Phone,7,1188,0.03,0.56,8066.5199999999995,4517.251200000001,3549.268799999999,0.4399999999999999,2025-01,2025
2276,2031-11-16,East,Technology,Consumer,Phone,7,1495,0.27,0.48,7639.45,3666.9359999999997,3972.514,0.52,2031-11,2031
2277,2024-06-29,North,Office Supplies,Consumer,Phone,5,602,0.24,0.69,2287.6,1578.4439999999997,709.1560000000002,0.3100000000000001,2024-06,2024
2278,2029-09-27,East,Office Supplies,Consumer,Chair,3,669,0.29,0.55,1424.97,783.7335,641.2365,0.44999999999999996,2029-09,2029
2279,2034-11-25,East,Technology,Consumer,Chair,7,195,0.18,0.65,1119.3000000000002,727.5450000000002,391.755,0.3499999999999999,2034-11,2034
2280,2036-04-16,West,Office Supplies,Corporate,Printer,7,1656,0.16,0.56,9737.279999999999,5452.8768,4284.403199999999,0.43999999999999995,2036-04,2036
2281,2027-12-10,North,Furniture,Corporate,Desk,7,1383,0.16,0.59,8132.04,4797.9036,3334.1364000000003,0.41000000000000003,2027-12,2027
2282,2031-10-18,North,Furniture,Corporate,Paper,2,684,0.12,0.62,1203.84,746.3807999999999,457.4592,0.38000000000000006,2031-10,2031
2283,2033-06-07,South,Office Supplies,Home Office,Printer,3,347,0.14,0.69,895.26,617.7293999999999,277.53060000000005,0.31000000000000005,2033-06,2033
2284,2025-03-24,South,Technology,Consumer,Phone,3,226,0.19,0.51,549.1800000000001,280.08180000000004,269.0982,0.49,2025-03,2025
2285,2034-04-17,West,Technology,Corporate,Storage,4,598,0.28,0.57,1722.24,981.6768,740.5632,0.43000000000000005,2034-04,2034
2286,2028-07-25,East,Furniture,Consumer,Paper,9,145,0.18,0.49,1070.1000000000001,524.349,545.7510000000001,0.51,2028-07,2028
2287,2035-07-09,South,Technology,Consumer,Monitor,1,1081,0.26,0.47,799.9399999999999,375.9718,423.96819999999997,0.53,2035-07,2035
2288,2035-01-31,South,Office Supplies,Home Office,Phone,7,367,0.26,0.63,1901.06,1197.6678,703.3922,0.37,2035-01,2035
2289,2023-09-02,North,Office Supplies,Home Office,Laptop,7,1763,0.16,0.51,10366.44,5286.8844,5079.555600000001,0.49000000000000005,2023-09,2023
2290,2036-04-05,North,Furniture,Corporate,Storage,4,1665,0.1,0.47,5994.0,2817.18,3176.82,0.53,2036-04,2036
2291,2036-02-14,South,Furniture,Corporate,Storage,1,193,0.19,0.72,156.33,112.55760000000001,43.772400000000005,0.28,2036-02,2036
2292,2023-09-29,North,Furniture,Home Office,Monitor,3,835,0.13,0.61,2179.35,1329.4035,849.9465,0.39,2023-09,2023
2293,2032-08-12,West,Technology,Home Office,Printer,5,1439,0.02,0.49,7051.099999999999,3455.0389999999998,3596.0609999999997,0.51,2032-08,2032
2294,2027-11-07,South,Office Supplies,Consumer,Phone,2,711,0.11,0.47,1265.58,594.8226,670.7574,0.53,2027-11,2027
2295,2026-06-16,North,Office Supplies,Consumer,Phone,7,170,0.3,0.49,833.0,408.17,424.83,0.51,2026-06,2026
2296,2029-08-21,West,Office Supplies,Corporate,Desk,7,692,0.01,0.59,4795.56,2829.3804,1966.1796000000004,0.41000000000000003,2029-08,2029
2297,2034-12-10,North,Furniture,Corporate,Laptop,5,548,0.21,0.65,2164.6,1406.99,757.6099999999999,0.35,2034-12,2034
2298,2025-07-09,North,Office Supplies,Home Office,Printer,6,1490,0.25,0.64,6705.0,4291.2,2413.8,0.36000000000000004,2025-07,2025
2299,2032-05-23,North,Technology,Corporate,Chair,1,1935,0.19,0.49,1567.3500000000001,768.0015000000001,799.3485000000001,0.51,2032-05,2032
2300,2035-02-22,South,Technology,Consumer,Printer,4,719,0.17,0.64,2387.08,1527.7312,859.3488,0.36,2035-02,2035
2301,2035-04-12,East,Office Supplies,Home Office,Paper,4,713,0.21,0.57,2253.08,1284.2556,968.8244,0.43,2035-04,2035
2302,2030-03-09,North,Furniture,Consumer,Paper,8,1533,0.13,0.59,10669.68,6295.1112,4374.5688,0.41,2030-03,2030
2303,2033-04-18,West,Office Supplies,Home Office,Storage,2,190,0.03,0.69,368.59999999999997,254.33399999999995,114.26600000000002,0.3100000000000001,2033-04,2033
2304,2028-08-12,South,Technology,Home Office,Printer,1,1632,0.29,0.55,1158.72,637.296,521.424,0.44999999999999996,2028-08,2028
2305,2032-08-01,South,Technology,Consumer,Desk,7,976,0.13,0.49,5943.84,2912.4816,3031.3584,0.51,2032-08,2032
2306,2026-03-11,West,Technology,Corporate,Printer,6,627,0.2,0.71,3009.6000000000004,2136.8160000000003,872.7840000000001,0.29,2026-03,2026
2307,2024-01-11,North,Office Supplies,Corporate,Desk,5,1233,0.16,0.51,5178.599999999999,2641.086,2537.5139999999997,0.49,2024-01,2024
2308,2028-07-26,East,Technology,Corporate,Storage,8,874,0.02,0.54,6852.16,3700.1664,3151.9936,0.45999999999999996,2028-07,2028
2309,2023-05-26,North,Furniture,Corporate,Desk,2,771,0.29,0.66,1094.82,722.5812,372.23879999999997,0.33999999999999997,2023-05,2023
2310,2035-01-06,West,Office Supplies,Consumer,Monitor,2,864,0.24,0.66,1313.28,866.7648,446.51519999999994,0.33999999999999997,2035-01,2035
2311,2024-03-07,South,Office Supplies,Home Office,Monitor,9,1212,0.04,0.69,10471.68,7225.459199999999,3246.220800000001,0.3100000000000001,2024-03,2024
2312,2024-12-05,East,Technology,Consumer,Paper,1,1730,0.29,0.51,1228.3,626.433,601.867,0.49,2024-12,2024
2313,2030-03-17,South,Technology,Corporate,Phone,6,1395,0.22,0.56,6528.6,3656.0160000000005,2872.584,0.43999999999999995,2030-03,2030
2314,2035-04-22,West,Furniture,Corporate,Chair,3,1370,0.14,0.49,3534.6,1731.954,1802.646,0.51,2035-04,2035
2315,2025-08-21,North,Office Supplies,Consumer,Storage,5,460,0.18,0.61,1886.0000000000002,1150.46,735.5400000000002,0.39000000000000007,2025-08,2025
2316,2029-02-12,East,Technology,Home Office,Paper,8,477,0.03,0.54,3701.52,1998.8208000000002,1702.6991999999998,0.45999999999999996,2029-02,2029
2317,2028-08-03,South,Furniture,Consumer,Desk,7,1329,0.17,0.66,7721.49,5096.1834,2625.3066,0.33999999999999997,2028-08,2028
2318,2028-01-03,South,Technology,Consumer,Laptop,4,444,0.02,0.45,1740.48,783.216,957.264,0.55,2028-01,2028
2319,2028-10-09,South,Office Supplies,Consumer,Storage,8,1953,0.16,0.47,13124.16,6168.3552,6955.8048,0.53,2028-10,2028
2320,2034-02-20,North,Technology,Home Office,Laptop,2,897,0.17,0.58,1489.02,863.6315999999999,625.3884,0.42000000000000004,2034-02,2034
2321,2025-07-27,East,Office Supplies,Consumer,Chair,7,1883,0.26,0.74,9753.94,7217.9156,2536.0244000000002,0.26,2025-07,2025
2322,2036-02-27,North,Technology,Consumer,Desk,5,554,0.22,0.72,2160.6,1555.6319999999998,604.9680000000001,0.28,2036-02,2036
2323,2025-03-17,North,Office Supplies,Corporate,Storage,6,1007,0.07,0.75,5619.0599999999995,4214.295,1404.7649999999994,0.24999999999999992,2025-03,2025
2324,2027-01-03,North,Furniture,Consumer,Storage,3,166,0.27,0.58,363.53999999999996,210.85319999999996,152.6868,0.42000000000000004,2027-01,2027
2325,2032-05-08,West,Office Supplies,Corporate,Chair,7,1086,0.17,0.46,6309.66,2902.4436,3407.2164,0.5399999999999999,2032-05,2032
2326,2023-01-11,West,Furniture,Corporate,Phone,7,1681,0.18,0.54,9648.94,5210.427600000001,4438.5124,0.4599999999999999,2023-01,2023
2327,2028-02-12,West,Office Supplies,Corporate,Laptop,2,1078,0.05,0.65,2048.2,1331.33,716.8699999999999,0.35,2028-02,2028
2328,2036-04-29,East,Furniture,Home Office,Storage,1,142,0.26,0.49,105.08,51.4892,53.5908,0.51,2036-04,2036
2329,2025-06-03,North,Technology,Corporate,Printer,2,328,0.28,0.54,472.32,255.05280000000002,217.26719999999997,0.45999999999999996,2025-06,2025
2330,2032-10-04,North,Office Supplies,Consumer,Laptop,8,1936,0.23,0.47,11925.76,5605.1071999999995,6320.652800000001,0.53,2032-10,2032
2331,2026-10-21,West,Technology,Consumer,Paper,3,1567,0.28,0.59,3384.72,1996.9847999999997,1387.7352,0.41000000000000003,2026-10,2026
2332,2032-04-24,North,Furniture,Corporate,Desk,4,333,0.09,0.51,1212.1200000000001,618.1812000000001,593.9388,0.49,2032-04,2032
2333,2034-10-31,North,Office Supplies,Corporate,Chair,8,1322,0.26,0.48,7826.24,3756.5951999999997,4069.6448,0.52,2034-10,2034
2334,2025-04-04,South,Office Supplies,Consumer,Paper,3,596,0.15,0.57,1519.8,866.286,653.514,0.43,2025-04,2025
2335,2029-03-15,North,Technology,Corporate,Laptop,6,947,0.05,0.56,5397.9,3022.824,2375.0759999999996,0.43999999999999995,2029-03,2029
2336,2025-07-25,South,Office Supplies,Home Office,Printer,2,1155,0.2,0.61,1848.0,1127.28,720.72,0.39,2025-07,2025
2337,2030-09-01,North,Office Supplies,Corporate,Monitor,3,1387,0.21,0.67,3287.19,2202.4173,1084.7727,0.33,2030-09,2030
2338,2029-12-28,East,Technology,Home Office,Printer,1,212,0.09,0.48,192.92000000000002,92.6016,100.31840000000001,0.52,2029-12,2029
2339,2033-07-12,West,Office Supplies,Home Office,Paper,9,1072,0.01,0.69,9551.52,6590.5488,2960.971200000001,0.31000000000000005,2033-07,2033
2340,2027-12-02,South,Technology,Home Office,Chair,4,1953,0.06,0.46,7343.28,3377.9088,3965.3711999999996,0.5399999999999999,2027-12,2027
2341,2023-02-23,West,Technology,Corporate,Paper,6,558,0.12,0.58,2946.2400000000002,1708.8192,1237.4208000000003,0.4200000000000001,2023-02,2023
2342,2024-12-27,South,Technology,Home Office,Chair,7,1399,0.05,0.63,9303.35,5861.110500000001,3442.2394999999997,0.36999999999999994,2024-12,2024
2343,2030-06-29,South,Technology,Home Office,Monitor,2,1269,0.06,0.74,2385.72,1765.4327999999998,620.2872,0.26,2030-06,2030
2344,2031-09-06,South,Technology,Corporate,Laptop,8,1480,0.12,0.62,10419.2,6459.904,3959.2960000000003,0.38,2031-09,2031
2345,2028-03-28,East,Furniture,Home Office,Desk,9,105,0.29,0.5,670.9499999999999,335.47499999999997,335.47499999999997,0.5,2028-03,2028
2346,2027-05-16,North,Furniture,Corporate,Phone,2,1463,0.23,0.61,2253.02,1374.3422,878.6777999999999,0.38999999999999996,2027-05,2027
2347,2028-03-29,South,Technology,Consumer,Printer,5,1091,0.1,0.57,4909.5,2798.415,2111.085,0.43,2028-03,2028
2348,2029-10-02,East,Furniture,Home Office,Chair,2,593,0.29,0.59,842.06,496.81539999999995,345.2446,0.41000000000000003,2029-10,2029
2349,2030-06-30,South,Furniture,Corporate,Phone,5,1231,0.19,0.51,4985.55,2542.6305,2442.9195,0.49,2030-06,2030
2350,2025-04-29,North,Office Supplies,Consumer,Paper,7,1895,0.14,0.6,11407.9,6844.74,4563.16,0.4,2025-04,2025
2351,2028-10-10,South,Technology,Home Office,Phone,6,170,0.14,0.5,877.1999999999999,438.59999999999997,438.59999999999997,0.5,2028-10,2028
2352,2023-01-03,East,Furniture,Home Office,Phone,4,1038,0.12,0.67,3653.76,2448.0192,1205.7408,0.33,2023-01,2023
2353,2034-08-26,North,Office Supplies,Corporate,Desk,2,1463,0.07,0.63,2721.18,1714.3434,1006.8365999999999,0.37,2034-08,2034
2354,2034-02-21,East,Office Supplies,Consumer,Chair,7,773,0.12,0.47,4761.68,2237.9896,2523.6904000000004,0.53,2034-02,2034
2355,2036-05-08,North,Technology,Corporate,Paper,9,1223,0.16,0.72,9245.88,6657.033599999999,2588.8464000000004,0.2800000000000001,2036-05,2036
2356,2025-06-11,North,Technology,Home Office,Printer,1,1450,0.16,0.63,1218.0,767.34,450.65999999999997,0.37,2025-06,2025
2357,2028-07-23,West,Office Supplies,Home Office,Chair,3,1156,0.23,0.54,2670.36,1441.9944000000003,1228.3655999999999,0.4599999999999999,2028-07,2028
2358,2031-08-27,West,Technology,Home Office,Laptop,7,242,0.11,0.46,1507.66,693.5236000000001,814.1364,0.5399999999999999,2031-08,2031
2359,2029-07-04,West,Technology,Home Office,Paper,9,1367,0.22,0.64,9596.34,6141.6576000000005,3454.6823999999997,0.36,2029-07,2029
2360,2035-10-20,North,Office Supplies,Consumer,Printer,5,835,0.17,0.56,3465.25,1940.5400000000002,1524.7099999999998,0.43999999999999995,2035-10,2035
2361,2028-04-17,South,Office Supplies,Consumer,Paper,7,825,0.29,0.72,4100.25,2952.18,1148.0700000000002,0.28,2028-04,2028
2362,2026-10-12,East,Technology,Corporate,Chair,7,1755,0.12,0.46,10810.8,4972.968,5837.831999999999,0.54,2026-10,2026
2363,2033-01-29,East,Furniture,Corporate,Printer,4,1803,0.27,0.46,5264.76,2421.7896,2842.9704,0.54,2033-01,2033
2364,2026-07-14,East,Technology,Corporate,Laptop,5,1984,0.25,0.73,7440.0,5431.2,2008.8000000000002,0.27,2026-07,2026
2365,2027-06-29,West,Furniture,Home Office,Storage,2,316,0.19,0.74,511.92,378.8208,133.0992,0.26,2027-06,2027
2366,2030-05-06,North,Office Supplies,Corporate,Printer,8,533,0.2,0.46,3411.2000000000003,1569.1520000000003,1842.048,0.5399999999999999,2030-05,2030
2367,2025-09-14,West,Furniture,Consumer,Storage,1,1990,0.03,0.66,1930.3,1273.998,656.3019999999999,0.33999999999999997,2025-09,2025
2368,2026-05-03,South,Office Supplies,Corporate,Phone,2,933,0.29,0.52,1324.86,688.9272,635.9327999999999,0.48,2026-05,2026
2369,2026-09-17,North,Technology,Corporate,Monitor,3,1852,0.03,0.66,5389.32,3556.9512,1832.3687999999997,0.33999999999999997,2026-09,2026
2370,2034-09-05,East,Technology,Consumer,Paper,7,1177,0.17,0.71,6838.37,4855.2427,1983.1273,0.29000000000000004,2034-09,2034
2371,2035-08-22,West,Office Supplies,Consumer,Desk,6,819,0.1,0.48,4422.6,2122.848,2299.7520000000004,0.52,2035-08,2035
2372,2034-04-28,West,Office Supplies,Home Office,Laptop,7,1041,0.13,0.52,6339.69,3296.6387999999997,3043.0512,0.48000000000000004,2034-04,2034
2373,2027-04-10,South,Office Supplies,Consumer,Printer,5,1715,0.18,0.46,7031.500000000001,3234.4900000000007,3797.01,0.5399999999999999,2027-04,2027
2374,2026-11-19,South,Technology,Consumer,Laptop,4,1006,0.27,0.46,2937.52,1351.2592,1586.2608,0.54,2026-11,2026
2375,2025-08-12,West,Technology,Corporate,Phone,7,1094,0.14,0.46,6585.88,3029.5048,3556.3752,0.54,2025-08,2025
2376,2025-09-10,South,Furniture,Consumer,Storage,3,1274,0.3,0.69,2675.3999999999996,1846.0259999999996,829.374,0.31000000000000005,2025-09,2025
2377,2025-09-01,East,Office Supplies,Home Office,Desk,7,154,0.18,0.54,883.96,477.33840000000004,406.6216,0.45999999999999996,2025-09,2025
2378,2034-04-26,South,Furniture,Corporate,Laptop,2,1640,0.05,0.6,3116.0,1869.6,1246.4,0.4,2034-04,2034
2379,2033-11-16,South,Technology,Home Office,Storage,8,1571,0.06,0.69,11813.92,8151.604799999999,3662.315200000001,0.31000000000000005,2033-11,2033
2380,2025-07-02,West,Furniture,Consumer,Phone,6,1158,0.21,0.6,5488.92,3293.352,2195.568,0.4,2025-07,2025
2381,2035-06-16,West,Furniture,Home Office,Phone,3,960,0.02,0.58,2822.4,1636.992,1185.4080000000001,0.42000000000000004,2035-06,2035
2382,2023-02-06,North,Technology,Home Office,Phone,3,1106,0.14,0.45,2853.48,1284.066,1569.414,0.55,2023-02,2023
2383,2032-04-10,North,Technology,Consumer,Paper,5,1242,0.04,0.62,5961.599999999999,3696.1919999999996,2265.408,0.38,2032-04,2032
2384,2027-09-08,West,Office Supplies,Consumer,Monitor,3,1320,0.13,0.49,3445.2,1688.148,1757.052,0.51,2027-09,2027
2385,2031-04-09,South,Furniture,Corporate,Paper,6,665,0.22,0.68,3112.2000000000003,2116.2960000000003,995.904,0.31999999999999995,2031-04,2031
2386,2025-03-06,South,Technology,Corporate,Storage,2,870,0.14,0.53,1496.3999999999999,793.092,703.3079999999999,0.47,2025-03,2025
2387,2034-01-19,North,Technology,Corporate,Printer,8,1897,0.05,0.65,14417.199999999999,9371.18,5046.019999999999,0.3499999999999999,2034-01,2034
2388,2035-11-02,North,Furniture,Consumer,Chair,9,1978,0.08,0.64,16377.84,10481.8176,5896.0224,0.36,2035-11,2035
2389,2031-07-09,North,Technology,Home Office,Laptop,7,977,0.11,0.64,6086.71,3895.4944,2191.2156,0.36,2031-07,2031
2390,2026-08-17,East,Office Supplies,Home Office,Monitor,3,923,0.02,0.53,2713.62,1438.2186,1275.4014,0.47000000000000003,2026-08,2026
2391,2023-11-14,East,Office Supplies,Corporate,Chair,4,613,0.18,0.53,2010.64,1065.6392,945.0008,0.47,2023-11,2023
2392,2029-07-24,North,Furniture,Corporate,Phone,2,1717,0.18,0.71,2815.88,1999.2748,816.6052000000002,0.29000000000000004,2029-07,2029
2393,2028-12-02,South,Office Supplies,Consumer,Chair,9,961,0.02,0.45,8476.02,3814.2090000000003,4661.811,0.5499999999999999,2028-12,2028
2394,2030-07-08,North,Technology,Home Office,Storage,5,521,0.12,0.5,2292.4,1146.2,1146.2,0.5,2030-07,2030
2395,2027-05-11,East,Technology,Corporate,Paper,2,616,0.12,0.63,1084.16,683.0208,401.1392000000001,0.37000000000000005,2027-05,2027
2396,2031-07-09,South,Technology,Consumer,Phone,6,1809,0.1,0.7,9768.6,6838.0199999999995,2930.580000000001,0.3000000000000001,2031-07,2031
2397,2033-10-05,East,Technology,Corporate,Paper,7,1262,0.17,0.56,7332.219999999999,4106.0432,3226.1767999999993,0.43999999999999995,2033-10,2033
2398,2028-06-19,South,Furniture,Consumer,Monitor,2,804,0.1,0.65,1447.2,940.6800000000001,506.52,0.35,2028-06,2028
2399,2026-08-05,East,Office Supplies,Home Office,Phone,1,1773,0.12,0.62,1560.24,967.3488,592.8912,0.38,2026-08,2026
2400,2026-07-09,South,Office Supplies,Consumer,Desk,7,908,0.24,0.47,4830.56,2270.3632000000002,2560.1968,0.53,2026-07,2026
2401,2034-10-21,South,Technology,Corporate,Desk,1,1751,0.05,0.64,1663.4499999999998,1064.608,598.8419999999999,0.36,2034-10,2034
2402,2029-07-11,South,Furniture,Corporate,Monitor,3,143,0.19,0.69,347.49,239.76809999999998,107.72190000000003,0.3100000000000001,2029-07,2029
2403,2031-11-14,South,Technology,Home Office,Storage,4,957,0.15,0.75,3253.7999999999997,2440.35,813.4499999999998,0.24999999999999997,2031-11,2031
2404,2028-11-09,West,Technology,Home Office,Storage,2,900,0.09,0.46,1638.0,753.48,884.52,0.54,2028-11,2028
2405,2027-09-01,East,Furniture,Corporate,Chair,7,318,0.22,0.65,1736.28,1128.582,607.6979999999999,0.3499999999999999,2027-09,2027
2406,2023-12-29,East,Furniture,Corporate,Monitor,5,667,0.17,0.57,2768.0499999999997,1577.7884999999997,1190.2615,0.43000000000000005,2023-12,2023
2407,2030-02-17,West,Technology,Corporate,Paper,1,1877,0.14,0.45,1614.22,726.399,887.821,0.55,2030-02,2030
2408,2027-09-13,South,Office Supplies,Home Office,Laptop,8,1007,0.2,0.63,6444.8,4060.224,2384.576,0.37,2027-09,2027
2409,2035-03-10,South,Technology,Corporate,Monitor,7,357,0.24,0.49,1899.24,930.6276,968.6124,0.51,2035-03,2035
2410,2034-09-26,East,Office Supplies,Home Office,Chair,4,1636,0.29,0.56,4646.24,2601.8944,2044.3455999999996,0.43999999999999995,2034-09,2034
2411,2033-03-27,West,Office Supplies,Corporate,Storage,2,1060,0.19,0.53,1717.2,910.1160000000001,807.084,0.47,2033-03,2033
2412,2029-10-05,South,Furniture,Consumer,Laptop,7,1500,0.26,0.56,7770.0,4351.200000000001,3418.7999999999993,0.4399999999999999,2029-10,2029
2413,2036-02-17,South,Furniture,Consumer,Monitor,2,992,0.0,0.6,1984.0,1190.3999999999999,793.6000000000001,0.4000000000000001,2036-02,2036
2414,2024-07-10,South,Technology,Corporate,Chair,6,388,0.16,0.56,1955.52,1095.0912,860.4287999999999,0.43999999999999995,2024-07,2024
2415,2025-04-05,North,Office Supplies,Consumer,Printer,1,1593,0.06,0.62,1497.4199999999998,928.4003999999999,569.0196,0.38,2025-04,2025
2416,2030-09-09,West,Office Supplies,Home Office,Paper,7,1071,0.03,0.52,7272.09,3781.4868,3490.6032,0.48,2030-09,2030
2417,2035-05-19,South,Technology,Consumer,Printer,7,202,0.16,0.64,1187.76,760.1664,427.59360000000004,0.36000000000000004,2035-05,2035
2418,2030-06-12,North,Technology,Consumer,Paper,4,903,0.22,0.71,2817.36,2000.3256,817.0344000000002,0.2900000000000001,2030-06,2030
2419,2032-08-09,West,Technology,Home Office,Laptop,4,1272,0.12,0.52,4477.44,2328.2688,2149.1711999999998,0.48,2032-08,2032
2420,2033-03-30,South,Furniture,Consumer,Desk,5,1207,0.2,0.6,4828.0,2896.7999999999997,1931.2000000000003,0.4000000000000001,2033-03,2033
2421,2027-04-24,East,Technology,Consumer,Paper,2,1149,0.15,0.64,1953.3,1250.112,703.1879999999999,0.35999999999999993,2027-04,2027
2422,2033-12-12,North,Technology,Corporate,Laptop,9,1298,0.13,0.62,10163.34,6301.2708,3862.0692,0.38,2033-12,2033
2423,2028-10-30,North,Office Supplies,Home Office,Chair,4,1858,0.09,0.56,6763.12,3787.3472,2975.7727999999997,0.43999999999999995,2028-10,2028
2424,2029-07-31,South,Technology,Home Office,Phone,9,1764,0.11,0.64,14129.64,9042.9696,5086.670399999999,0.35999999999999993,2029-07,2029
2425,2032-02-12,South,Office Supplies,Corporate,Printer,3,1545,0.1,0.46,4171.5,1918.89,2252.6099999999997,0.5399999999999999,2032-02,2032
2426,2024-08-11,North,Office Supplies,Corporate,Phone,9,1777,0.19,0.56,12954.330000000002,7254.424800000002,5699.9052,0.43999999999999995,2024-08,2024
2427,2028-07-05,East,Furniture,Consumer,Printer,1,1469,0.03,0.61,1424.93,869.2073,555.7227,0.39,2028-07,2028
2428,2027-03-28,East,Technology,Consumer,Chair,7,401,0.03,0.46,2722.79,1252.4834,1470.3066,0.5399999999999999,2027-03,2027
2429,2023-10-22,West,Technology,Consumer,Printer,4,1421,0.2,0.6,4547.2,2728.3199999999997,1818.88,0.4,2023-10,2023
2430,2028-06-08,South,Office Supplies,Corporate,Laptop,7,1258,0.16,0.65,7397.04,4808.076,2588.964,0.35,2028-06,2028
2431,2031-07-15,East,Furniture,Home Office,Phone,6,1178,0.13,0.68,6149.16,4181.428800000001,1967.7311999999993,0.3199999999999999,2031-07,2031
2432,2027-08-18,West,Furniture,Consumer,Storage,4,155,0.05,0.48,589.0,282.71999999999997,306.28000000000003,0.52,2027-08,2027
2433,2026-02-10,East,Technology,Corporate,Phone,4,1114,0.12,0.75,3921.28,2940.96,980.3200000000002,0.25000000000000006,2026-02,2026
2434,2028-08-26,South,Office Supplies,Home Office,Chair,8,473,0.24,0.63,2875.84,1811.7792000000002,1064.0608,0.37,2028-08,2028
2435,2035-03-14,West,Technology,Corporate,Storage,7,1711,0.27,0.56,8743.21,4896.1976,3847.0123999999987,0.4399999999999999,2035-03,2035
2436,2036-02-17,West,Technology,Consumer,Phone,4,930,0.21,0.52,2938.8,1528.1760000000002,1410.624,0.48,2036-02,2036
2437,2035-06-10,West,Technology,Corporate,Paper,6,1019,0.02,0.62,5991.72,3714.8664000000003,2276.8536,0.37999999999999995,2035-06,2035
2438,2036-01-23,East,Technology,Corporate,Monitor,6,1462,0.2,0.71,7017.6,4982.496,2035.1040000000003,0.29000000000000004,2036-01,2036
2439,2025-10-04,South,Office Supplies,Corporate,Paper,1,556,0.07,0.61,517.0799999999999,315.4188,201.66119999999995,0.38999999999999996,2025-10,2025
2440,2029-11-19,West,Furniture,Corporate,Chair,2,1478,0.09,0.65,2689.96,1748.4740000000002,941.4859999999999,0.3499999999999999,2029-11,2029
2441,2032-08-27,North,Technology,Home Office,Monitor,4,231,0.06,0.56,868.56,486.3936,382.16639999999995,0.43999999999999995,2032-08,2032
2442,2035-10-26,South,Technology,Consumer,Desk,6,592,0.23,0.57,2735.04,1558.9727999999998,1176.0672000000002,0.43000000000000005,2035-10,2035
2443,2026-06-01,North,Technology,Home Office,Laptop,6,1677,0.19,0.54,8150.22,4401.1188,3749.1012,0.46,2026-06,2026
2444,2033-09-07,North,Technology,Corporate,Paper,1,1987,0.18,0.66,1629.3400000000001,1075.3644000000002,553.9756,0.33999999999999997,2033-09,2033
2445,2026-12-06,West,Furniture,Corporate,Printer,8,209,0.2,0.56,1337.6000000000001,749.0560000000002,588.544,0.43999999999999995,2026-12,2026
2446,2024-07-25,West,Furniture,Consumer,Monitor,2,681,0.07,0.51,1266.6599999999999,645.9966,620.6633999999999,0.49,2024-07,2024
2447,2029-07-10,East,Furniture,Consumer,Printer,5,895,0.13,0.56,3893.25,2180.2200000000003,1713.0299999999997,0.43999999999999995,2029-07,2029
2448,2026-05-30,East,Furniture,Home Office,Printer,4,1249,0.19,0.71,4046.76,2873.1996,1173.5604000000003,0.29000000000000004,2026-05,2026
2449,2028-09-15,East,Technology,Home Office,Desk,5,1983,0.19,0.67,8031.150000000001,5380.870500000001,2650.2794999999996,0.32999999999999996,2028-09,2028
2450,2023-10-05,South,Office Supplies,Consumer,Laptop,5,1419,0.24,0.55,5392.2,2965.71,2426.49,0.44999999999999996,2023-10,2023
2451,2028-03-02,East,Furniture,Home Office,Phone,8,1302,0.09,0.72,9478.56,6824.5632,2653.9968,0.28,2028-03,2028
2452,2035-07-16,North,Furniture,Corporate,Monitor,7,909,0.23,0.47,4899.51,2302.7697,2596.7403000000004,0.53,2035-07,2035
2453,2026-06-19,East,Technology,Corporate,Phone,9,985,0.13,0.46,7712.55,3547.773,4164.777,0.54,2026-06,2026
2454,2036-03-19,West,Technology,Consumer,Paper,1,1320,0.2,0.49,1056.0,517.4399999999999,538.5600000000001,0.51,2036-03,2036
2455,2025-11-06,East,Technology,Home Office,Laptop,6,872,0.14,0.48,4499.5199999999995,2159.7695999999996,2339.7504,0.52,2025-11,2025
2456,2025-07-06,South,Technology,Corporate,Storage,6,1224,0.28,0.48,5287.679999999999,2538.0863999999997,2749.5935999999997,0.52,2025-07,2025
2457,2025-06-04,South,Office Supplies,Consumer,Laptop,2,1036,0.05,0.65,1968.3999999999999,1279.46,688.9399999999998,0.3499999999999999,2025-06,2025
2458,2030-07-15,North,Office Supplies,Home Office,Printer,8,672,0.2,0.63,4300.8,2709.5040000000004,1591.2959999999998,0.36999999999999994,2030-07,2030
2459,2023-01-22,South,Furniture,Corporate,Phone,6,1306,0.17,0.64,6503.88,4162.483200000001,2341.3967999999995,0.35999999999999993,2023-01,2023
2460,2035-07-06,East,Office Supplies,Home Office,Laptop,9,908,0.05,0.66,7763.4,5123.844,2639.5559999999996,0.33999999999999997,2035-07,2035
2461,2031-09-27,West,Furniture,Home Office,Phone,5,978,0.02,0.68,4792.2,3258.696,1533.504,0.32,2031-09,2031
2462,2029-06-11,South,Furniture,Home Office,Laptop,7,1132,0.24,0.51,6022.24,3071.3424,2950.8976,0.49,2029-06,2029
2463,2036-02-21,North,Office Supplies,Consumer,Chair,6,512,0.05,0.64,2918.3999999999996,1867.7759999999998,1050.6239999999998,0.36,2036-02,2036
2464,2024-11-17,East,Furniture,Corporate,Paper,5,1841,0.06,0.62,8652.699999999999,5364.673999999999,3288.026,0.38,2024-11,2024
2465,2023-10-12,North,Technology,Consumer,Monitor,6,929,0.29,0.73,3957.54,2889.0042,1068.5358,0.27,2023-10,2023
2466,2036-03-04,South,Furniture,Corporate,Printer,4,665,0.22,0.52,2074.8,1078.8960000000002,995.904,0.48,2036-03,2036
2467,2033-04-05,South,Technology,Corporate,Laptop,3,1815,0.08,0.47,5009.400000000001,2354.418,2654.9820000000004,0.53,2033-04,2033
2468,2025-02-01,North,Office Supplies,Consumer,Desk,1,203,0.18,0.65,166.46,108.19900000000001,58.260999999999996,0.35,2025-02,2025
2469,2029-08-25,East,Office Supplies,Consumer,Laptop,1,1249,0.16,0.67,1049.1599999999999,702.9372,346.2227999999999,0.32999999999999996,2029-08,2029
2470,2029-11-12,South,Furniture,Corporate,Chair,6,1669,0.25,0.53,7510.5,3980.565,3529.935,0.47,2029-11,2029
2471,2023-01-29,West,Technology,Corporate,Paper,9,776,0.22,0.62,5447.52,3377.4624000000003,2070.0576,0.38,2023-01,2023
2472,2025-06-25,South,Furniture,Corporate,Desk,8,1044,0.25,0.47,6264.0,2944.08,3319.92,0.53,2025-06,2025
2473,2031-07-02,East,Office Supplies,Home Office,Desk,2,1933,0.06,0.74,3634.04,2689.1896,944.8503999999998,0.25999999999999995,2031-07,2031
2474,2033-12-13,South,Furniture,Corporate,Paper,9,369,0.19,0.48,2690.01,1291.2048,1398.8052000000002,0.52,2033-12,2033
2475,2031-03-14,North,Furniture,Consumer,Laptop,8,565,0.01,0.47,4474.8,2103.156,2371.6440000000002,0.53,2031-03,2031
2476,2029-11-11,South,Technology,Consumer,Chair,9,900,0.02,0.46,7938.0,3651.48,4286.52,0.54,2029-11,2029
2477,2035-10-10,South,Office Supplies,Consumer,Desk,4,1241,0.21,0.58,3921.5600000000004,2274.5048,1647.0552000000002,0.42000000000000004,2035-10,2035
2478,2032-11-18,East,Furniture,Corporate,Monitor,9,1989,0.01,0.48,17721.99,8506.5552,9215.4348,0.52,2032-11,2032
2479,2032-09-23,North,Technology,Corporate,Printer,2,1215,0.17,0.67,2016.8999999999999,1351.323,665.5769999999998,0.3299999999999999,2032-09,2032
2480,2026-12-24,East,Furniture,Home Office,Storage,1,1735,0.25,0.72,1301.25,936.9,364.35,0.28,2026-12,2026
2481,2036-03-26,South,Technology,Home Office,Printer,9,1104,0.11,0.53,8843.04,4686.811200000001,4156.2288,0.4699999999999999,2036-03,2036
2482,2032-03-10,West,Technology,Consumer,Phone,8,1608,0.01,0.64,12735.36,8150.630400000001,4584.7296,0.35999999999999993,2032-03,2032
2483,2024-05-30,South,Furniture,Home Office,Phone,7,1210,0.21,0.46,6691.3,3077.998,3613.302,0.54,2024-05,2024
2484,2023-02-08,East,Office Supplies,Home Office,Chair,8,333,0.28,0.57,1918.08,1093.3056,824.7744,0.43000000000000005,2023-02,2023
2485,2032-02-25,West,Office Supplies,Consumer,Desk,1,1012,0.22,0.54,789.36,426.25440000000003,363.1056,0.45999999999999996,2032-02,2032
2486,2025-06-05,East,Technology,Corporate,Printer,9,1247,0.17,0.52,9315.09,4843.8468,4471.2432,0.48,2025-06,2025
2487,2030-10-15,East,Office Supplies,Home Office,Printer,9,1326,0.07,0.64,11098.619999999999,7103.1168,3995.503199999999,0.36,2030-10,2030
2488,2029-01-13,North,Technology,Corporate,Storage,9,1155,0.0,0.49,10395.0,5093.55,5301.45,0.51,2029-01,2029
2489,2026-01-03,West,Office Supplies,Consumer,Chair,6,456,0.21,0.71,2161.44,1534.6224,626.8176000000001,0.29000000000000004,2026-01,2026
2490,2027-12-29,South,Furniture,Consumer,Monitor,4,1586,0.07,0.65,5899.919999999999,3834.9479999999994,2064.9719999999998,0.35000000000000003,2027-12,2027
2491,2031-10-07,East,Office Supplies,Home Office,Desk,2,1063,0.26,0.66,1573.24,1038.3384,534.9015999999999,0.33999999999999997,2031-10,2031
2492,2031-08-22,South,Technology,Consumer,Chair,4,1674,0.14,0.73,5758.5599999999995,4203.748799999999,1554.8112,0.27,2031-08,2031
2493,2031-06-21,North,Technology,Consumer,Laptop,7,193,0.16,0.73,1134.84,828.4331999999999,306.4068,0.27,2031-06,2031
2494,2032-08-31,North,Office Supplies,Consumer,Printer,1,1645,0.23,0.62,1266.65,785.3230000000001,481.327,0.37999999999999995,2032-08,2032
2495,2033-05-06,West,Furniture,Home Office,Chair,9,1850,0.23,0.6,12820.5,7692.299999999999,5128.200000000001,0.4000000000000001,2033-05,2033
2496,2030-12-06,North,Technology,Home Office,Chair,3,1531,0.19,0.55,3720.3300000000004,2046.1815000000004,1674.1485,0.44999999999999996,2030-12,2030
2497,2032-06-15,North,Technology,Home Office,Storage,4,1223,0.28,0.66,3522.24,2324.6784,1197.5616,0.34,2032-06,2032
2498,2032-08-12,South,Technology,Consumer,Monitor,5,343,0.29,0.61,1217.6499999999999,742.7665,474.8834999999999,0.38999999999999996,2032-08,2032
2499,2025-09-15,North,Technology,Corporate,Laptop,3,157,0.28,0.73,339.12,247.5576,91.5624,0.26999999999999996,2025-09,2025
2500,2034-04-09,North,Technology,Consumer,Phone,4,1064,0.25,0.52,3192.0,1659.8400000000001,1532.1599999999999,0.4799999999999999,2034-04,2034
2501,2036-08-04,East,Furniture,Home Office,Printer,5,1480,0.21,0.54,5846.0,3156.84,2689.16,0.45999999999999996,2036-08,2036
2502,2034-01-09,North,Office Supplies,Corporate,Storage,1,1614,0.2,0.54,1291.2,697.248,593.952,0.45999999999999996,2034-01,2034
2503,2034-06-11,East,Furniture,Corporate,Monitor,9,419,0.03,0.69,3657.87,2523.9302999999995,1133.9397000000004,0.3100000000000001,2034-06,2034
2504,2027-08-10,North,Furniture,Home Office,Monitor,4,1142,0.08,0.48,4202.56,2017.2288,2185.3312000000005,0.5200000000000001,2027-08,2027
2505,2035-10-10,North,Technology,Corporate,Chair,9,456,0.0,0.59,4104.0,2421.3599999999997,1682.6400000000003,0.4100000000000001,2035-10,2035
2506,2033-11-07,West,Furniture,Corporate,Printer,4,216,0.04,0.58,829.4399999999999,481.07519999999994,348.3648,0.42000000000000004,2033-11,2033
2507,2025-07-22,West,Technology,Home Office,Paper,1,1259,0.13,0.47,1095.33,514.8050999999999,580.5249,0.53,2025-07,2025
2508,2032-11-07,East,Furniture,Corporate,Phone,5,1962,0.04,0.57,9417.6,5368.032,4049.568,0.43,2032-11,2032
2509,2031-11-08,North,Technology,Corporate,Paper,9,395,0.27,0.6,2595.15,1557.09,1038.0600000000002,0.4000000000000001,2031-11,2031
2510,2028-06-03,South,Technology,Home Office,Paper,3,624,0.24,0.47,1422.72,668.6784,754.0416,0.53,2028-06,2028
2511,2028-01-30,West,Furniture,Corporate,Paper,5,1224,0.02,0.6,5997.599999999999,3598.5599999999995,2399.04,0.4,2028-01,2028
2512,2031-05-15,South,Furniture,Corporate,Monitor,3,1503,0.07,0.74,4193.37,3103.0938,1090.2761999999998,0.25999999999999995,2031-05,2031
2513,2025-03-03,West,Office Supplies,Corporate,Chair,3,1278,0.25,0.74,2875.5,2127.87,747.6300000000001,0.26000000000000006,2025-03,2025
2514,2025-03-02,West,Office Supplies,Corporate,Monitor,1,1717,0.24,0.61,1304.92,796.0012,508.91880000000003,0.39,2025-03,2025
2515,2027-12-15,North,Office Supplies,Home Office,Laptop,2,1723,0.28,0.6,2481.12,1488.6719999999998,992.4480000000001,0.4000000000000001,2027-12,2027
2516,2029-03-05,West,Furniture,Consumer,Monitor,2,1228,0.3,0.54,1719.1999999999998,928.3679999999999,790.8319999999999,0.45999999999999996,2029-03,2029
2517,2032-11-19,South,Furniture,Consumer,Printer,9,1765,0.29,0.75,11278.349999999999,8458.762499999999,2819.5874999999996,0.25,2032-11,2032
2518,2027-05-27,West,Technology,Corporate,Monitor,7,1907,0.12,0.53,11747.12,6225.973600000001,5521.1464,0.4699999999999999,2027-05,2027
2519,2025-09-11,East,Office Supplies,Home Office,Monitor,8,1649,0.08,0.59,12136.640000000001,7160.6176000000005,4976.022400000001,0.41000000000000003,2025-09,2025
2520,2033-01-24,North,Technology,Home Office,Paper,2,1251,0.23,0.45,1926.54,866.943,1059.597,0.55,2033-01,2033
2521,2032-04-03,North,Technology,Corporate,Storage,9,500,0.09,0.55,4095.0,2252.25,1842.75,0.45,2032-04,2032
2522,2024-06-03,East,Technology,Consumer,Laptop,3,1695,0.24,0.47,3864.6,1816.3619999999999,2048.2380000000003,0.5300000000000001,2024-06,2024
2523,2024-08-13,East,Technology,Corporate,Phone,2,838,0.16,0.67,1407.84,943.2528,464.58719999999994,0.32999999999999996,2024-08,2024
2524,2025-11-16,East,Office Supplies,Home Office,Phone,1,628,0.24,0.62,477.28000000000003,295.91360000000003,181.3664,0.37999999999999995,2025-11,2025
2525,2032-12-12,West,Technology,Home Office,Printer,9,656,0.08,0.62,5431.68,3367.6416000000004,2064.0384,0.37999999999999995,2032-12,2032
2526,2035-03-03,North,Furniture,Consumer,Phone,8,649,0.15,0.54,4413.2,2383.128,2030.0719999999997,0.45999999999999996,2035-03,2035
2527,2025-08-17,East,Furniture,Home Office,Desk,4,1247,0.17,0.69,4140.04,2856.6276,1283.4124000000002,0.31000000000000005,2025-08,2025
2528,2024-11-23,West,Furniture,Home Office,Storage,7,459,0.28,0.45,2313.36,1041.0120000000002,1272.348,0.5499999999999999,2024-11,2024
2529,2033-09-04,East,Office Supplies,Home Office,Printer,3,163,0.08,0.55,449.88,247.43400000000003,202.44599999999997,0.44999999999999996,2033-09,2033
2530,2035-04-01,South,Technology,Consumer,Monitor,3,864,0.28,0.65,1866.24,1213.056,653.184,0.35,2035-04,2035
2531,2031-01-25,South,Office Supplies,Home Office,Desk,4,873,0.24,0.72,2653.92,1910.8224,743.0976,0.28,2031-01,2031
2532,2024-06-10,North,Technology,Corporate,Phone,2,723,0.22,0.52,1127.88,586.4976,541.3824000000001,0.48000000000000004,2024-06,2024
2533,2031-10-30,West,Office Supplies,Consumer,Monitor,4,201,0.24,0.61,611.04,372.7344,238.30559999999997,0.38999999999999996,2031-10,2031
2534,2029-03-03,South,Office Supplies,Corporate,Printer,3,660,0.18,0.61,1623.6000000000001,990.3960000000001,633.2040000000001,0.39,2029-03,2029
2535,2032-02-27,South,Technology,Corporate,Paper,8,1400,0.07,0.71,10416.0,7395.36,3020.6400000000003,0.29000000000000004,2032-02,2032
2536,2033-11-09,West,Office Supplies,Consumer,Desk,2,1350,0.06,0.47,2538.0,1192.86,1345.14,0.53,2033-11,2033
2537,2028-02-19,East,Technology,Corporate,Phone,9,1146,0.26,0.58,7632.36,4426.7688,3205.5912,0.42,2028-02,2028
2538,2027-10-30,West,Furniture,Consumer,Chair,3,943,0.22,0.5,2206.62,1103.31,1103.31,0.5,2027-10,2027
2539,2024-06-04,East,Furniture,Corporate,Chair,4,1820,0.06,0.46,6843.2,3147.872,3695.328,0.54,2024-06,2024
2540,2025-10-13,South,Furniture,Consumer,Laptop,3,1187,0.18,0.49,2920.0200000000004,1430.8098000000002,1489.2102000000002,0.51,2025-10,2025
2541,2023-04-27,South,Office Supplies,Home Office,Chair,3,1280,0.13,0.74,3340.8,2472.192,868.6080000000002,0.26000000000000006,2023-04,2023
2542,2029-08-30,South,Furniture,Home Office,Paper,8,1918,0.05,0.51,14576.8,7434.168,7142.632,0.49,2029-08,2029
2543,2024-08-06,North,Technology,Corporate,Desk,8,1513,0.16,0.73,10167.359999999999,7422.172799999999,2745.1871999999994,0.26999999999999996,2024-08,2024
2544,2024-01-30,North,Furniture,Home Office,Paper,6,1272,0.08,0.51,7021.4400000000005,3580.9344,3440.5056000000004,0.49000000000000005,2024-01,2024
2545,2033-05-16,North,Furniture,Consumer,Storage,4,938,0.03,0.73,3639.44,2656.7912,982.6487999999999,0.26999999999999996,2033-05,2033
2546,2030-07-31,West,Office Supplies,Corporate,Chair,1,1486,0.14,0.65,1277.96,830.6740000000001,447.28599999999994,0.3499999999999999,2030-07,2030
2547,2034-05-30,South,Technology,Home Office,Printer,4,780,0.18,0.48,2558.4,1228.032,1330.3680000000002,0.52,2034-05,2034
2548,2033-07-27,South,Office Supplies,Home Office,Printer,8,1587,0.01,0.62,12569.039999999999,7792.804799999999,4776.2352,0.38000000000000006,2033-07,2033
2549,2023-10-01,West,Office Supplies,Corporate,Printer,6,744,0.12,0.55,3928.32,2160.5760000000005,1767.7439999999997,0.4499999999999999,2023-10,2023
2550,2028-07-06,North,Technology,Home Office,Chair,2,498,0.08,0.56,916.32,513.1392000000001,403.1808,0.43999999999999995,2028-07,2028
2551,2035-02-20,West,Office Supplies,Home Office,Monitor,3,504,0.01,0.58,1496.8799999999999,868.1903999999998,628.6896,0.42000000000000004,2035-02,2035
2552,2026-10-21,North,Technology,Corporate,Paper,7,925,0.04,0.58,6216.0,3605.2799999999997,2610.7200000000003,0.42000000000000004,2026-10,2026
2553,2032-10-06,South,Furniture,Home Office,Chair,4,1255,0.04,0.65,4819.2,3132.48,1686.7199999999998,0.35,2032-10,2032
2554,2035-11-16,East,Technology,Home Office,Laptop,4,1320,0.05,0.68,5016.0,3410.88,1605.12,0.31999999999999995,2035-11,2035
2555,2023-06-15,North,Technology,Home Office,Storage,5,746,0.24,0.55,2834.8,1559.1400000000003,1275.6599999999999,0.4499999999999999,2023-06,2023
2556,2027-04-17,South,Technology,Home Office,Monitor,8,134,0.13,0.73,932.64,680.8272,251.81280000000004,0.27,2027-04,2027
2557,2024-12-29,South,Office Supplies,Corporate,Storage,7,519,0.04,0.73,3487.68,2546.0063999999998,941.6736000000001,0.27,2024-12,2024
2558,2028-08-05,East,Technology,Consumer,Monitor,9,476,0.03,0.46,4155.48,1911.5207999999998,2243.9592,0.54,2028-08,2028
2559,2034-06-29,South,Technology,Consumer,Monitor,5,1522,0.09,0.45,6925.1,3116.295,3808.8050000000003,0.55,2034-06,2034
2560,2032-07-28,South,Technology,Home Office,Phone,1,319,0.24,0.58,242.44,140.6152,101.82480000000001,0.42000000000000004,2032-07,2032
2561,2025-02-17,North,Furniture,Home Office,Laptop,4,796,0.11,0.63,2833.76,1785.2688,1048.4912000000002,0.37000000000000005,2025-02,2025
2562,2023-08-02,North,Technology,Consumer,Desk,6,1640,0.05,0.53,9348.0,4954.4400000000005,4393.5599999999995,0.4699999999999999,2023-08,2023
2563,2033-04-20,East,Office Supplies,Home Office,Printer,6,1706,0.12,0.53,9007.68,4774.0704000000005,4233.6096,0.47,2033-04,2033
2564,2027-04-26,East,Technology,Consumer,Chair,9,441,0.17,0.65,3294.27,2141.2755,1152.9944999999998,0.3499999999999999,2027-04,2027
2565,2029-09-14,South,Technology,Corporate,Phone,5,852,0.01,0.63,4217.4,2656.962,1560.4379999999996,0.36999999999999994,2029-09,2029
2566,2031-01-15,North,Furniture,Corporate,Phone,5,1986,0.19,0.5,8043.3,4021.65,4021.65,0.5,2031-01,2031
2567,2031-07-15,East,Technology,Corporate,Monitor,6,515,0.12,0.72,2719.2,1957.8239999999998,761.376,0.28,2031-07,2031
2568,2024-08-14,East,Office Supplies,Corporate,Chair,6,1579,0.0,0.65,9474.0,6158.1,3315.8999999999996,0.35,2024-08,2024
2569,2030-06-13,West,Technology,Corporate,Laptop,3,1420,0.2,0.56,3408.0,1908.4800000000002,1499.5199999999998,0.43999999999999995,2030-06,2030
2570,2024-12-14,East,Office Supplies,Corporate,Phone,6,1037,0.21,0.66,4915.38,3244.1508000000003,1671.2291999999998,0.33999999999999997,2024-12,2024
2571,2025-07-24,South,Furniture,Consumer,Storage,8,1454,0.19,0.48,9421.92,4522.5216,4899.3984,0.52,2025-07,2025
2572,2034-11-16,North,Technology,Home Office,Laptop,6,1828,0.1,0.59,9871.2,5824.008,4047.192000000001,0.4100000000000001,2034-11,2034
2573,2023-01-02,East,Furniture,Consumer,Chair,5,1106,0.16,0.5,4645.2,2322.6,2322.6,0.5,2023-01,2023
2574,2030-10-19,West,Technology,Corporate,Monitor,3,779,0.12,0.46,2056.56,946.0176,1110.5423999999998,0.5399999999999999,2030-10,2030
2575,2034-01-27,North,Office Supplies,Home Office,Laptop,1,1462,0.21,0.55,1154.98,635.239,519.741,0.44999999999999996,2034-01,2034
2576,2028-05-03,East,Furniture,Home Office,Monitor,5,847,0.18,0.5,3472.7000000000003,1736.3500000000001,1736.3500000000001,0.5,2028-05,2028
2577,2025-07-06,West,Technology,Corporate,Storage,6,905,0.02,0.64,5321.4,3405.696,1915.7039999999997,0.36,2025-07,2025
2578,2031-09-10,East,Office Supplies,Corporate,Printer,6,1421,0.19,0.65,6906.06,4488.939,2417.121,0.35,2031-09,2031
2579,2029-02-19,North,Furniture,Corporate,Monitor,6,1883,0.21,0.49,8925.42,4373.4558,4551.9642,0.51,2029-02,2029
2580,2023-03-31,North,Technology,Corporate,Monitor,3,1800,0.11,0.46,4806.0,2210.76,2595.24,0.5399999999999999,2023-03,2023
2581,2027-09-06,North,Furniture,Corporate,Paper,4,411,0.26,0.69,1216.56,839.4264,377.1336,0.31,2027-09,2027
2582,2028-12-09,South,Technology,Corporate,Chair,3,1706,0.25,0.45,3838.5,1727.325,2111.175,0.55,2028-12,2028
2583,2034-08-09,East,Office Supplies,Home Office,Storage,2,1866,0.05,0.55,3545.3999999999996,1949.97,1595.4299999999996,0.44999999999999996,2034-08,2034
2584,2031-04-30,South,Office Supplies,Corporate,Chair,8,154,0.27,0.6,899.36,539.616,359.744,0.4,2031-04,2031
2585,2023-04-16,North,Furniture,Corporate,Storage,7,793,0.13,0.7,4829.37,3380.5589999999997,1448.8110000000001,0.30000000000000004,2023-04,2023
2586,2025-06-05,West,Furniture,Home Office,Storage,8,633,0.22,0.7,3949.92,2764.944,1184.976,0.30000000000000004,2025-06,2025
2587,2024-03-03,East,Technology,Consumer,Phone,6,1918,0.24,0.67,8746.08,5859.8736,2886.2064,0.33,2024-03,2024
2588,2028-03-10,South,Office Supplies,Corporate,Phone,7,204,0.15,0.52,1213.8,631.176,582.6239999999999,0.4799999999999999,2028-03,2028
2589,2023-11-13,East,Technology,Home Office,Phone,1,1298,0.12,0.67,1142.24,765.3008000000001,376.9391999999999,0.3299999999999999,2023-11,2023
2590,2024-09-26,West,Office Supplies,Home Office,Printer,5,393,0.27,0.52,1434.45,745.9140000000001,688.536,0.4799999999999999,2024-09,2024
2591,2028-04-09,South,Furniture,Consumer,Printer,4,979,0.07,0.51,3641.8799999999997,1857.3587999999997,1784.5212,0.49000000000000005,2028-04,2028
2592,2028-08-18,North,Technology,Corporate,Storage,3,650,0.08,0.61,1794.0,1094.34,699.6600000000001,0.39000000000000007,2028-08,2028
2593,2031-08-11,South,Technology,Corporate,Desk,2,1010,0.11,0.65,1797.8,1168.57,629.23,0.35000000000000003,2031-08,2031
2594,2029-03-20,East,Office Supplies,Corporate,Chair,9,474,0.26,0.47,3156.84,1483.7148,1673.1252000000002,0.53,2029-03,2029
2595,2026-12-10,East,Office Supplies,Home Office,Phone,8,549,0.28,0.47,3162.24,1486.2527999999998,1675.9872,0.53,2026-12,2026
2596,2024-07-06,East,Office Supplies,Corporate,Chair,2,1568,0.07,0.69,2916.48,2012.3711999999998,904.1088000000002,0.31000000000000005,2024-07,2024
2597,2024-12-16,East,Furniture,Corporate,Monitor,6,1183,0.26,0.71,5252.5199999999995,3729.2891999999993,1523.2308000000003,0.2900000000000001,2024-12,2024
2598,2033-09-16,North,Technology,Corporate,Storage,3,1515,0.08,0.63,4181.400000000001,2634.282,1547.1180000000004,0.37000000000000005,2033-09,2033
2599,2027-09-10,South,Office Supplies,Corporate,Laptop,3,911,0.29,0.58,1940.4299999999998,1125.4493999999997,814.9806000000001,0.4200000000000001,2027-09,2027
2600,2032-04-12,North,Furniture,Consumer,Storage,5,1934,0.18,0.7,7929.400000000001,5550.58,2378.8200000000006,0.30000000000000004,2032-04,2032
2601,2026-01-12,North,Office Supplies,Consumer,Printer,7,489,0.0,0.67,3423.0,2293.4100000000003,1129.5899999999997,0.3299999999999999,2026-01,2026
2602,2034-07-08,North,Technology,Consumer,Desk,7,1335,0.01,0.62,9251.55,5735.960999999999,3515.589,0.38,2034-07,2034
2603,2023-09-08,East,Office Supplies,Corporate,Laptop,1,766,0.04,0.55,735.36,404.44800000000004,330.912,0.44999999999999996,2023-09,2023
2604,2029-08-27,East,Technology,Corporate,Chair,7,1808,0.06,0.51,11896.64,6067.2864,5829.3535999999995,0.49,2029-08,2029
2605,2028-08-16,East,Furniture,Home Office,Printer,7,1658,0.23,0.58,8936.62,5183.2396,3753.380400000001,0.42000000000000004,2028-08,2028
2606,2024-04-03,South,Furniture,Home Office,Phone,6,1363,0.07,0.54,7605.539999999999,4106.991599999999,3498.5483999999997,0.46,2024-04,2024
2607,2023-07-27,West,Office Supplies,Home Office,Laptop,6,1611,0.29,0.55,6862.86,3774.5730000000003,3088.2869999999994,0.4499999999999999,2023-07,2023
2608,2025-06-18,East,Technology,Corporate,Printer,2,1844,0.19,0.6,2987.28,1792.3680000000002,1194.912,0.39999999999999997,2025-06,2025
2609,2032-06-23,South,Technology,Consumer,Chair,3,1245,0.21,0.5,2950.65,1475.325,1475.325,0.5,2032-06,2032
2610,2032-04-08,East,Technology,Consumer,Storage,3,1376,0.07,0.69,3839.04,2648.9375999999997,1190.1024000000002,0.31000000000000005,2032-04,2032
2611,2023-01-22,East,Office Supplies,Consumer,Chair,3,240,0.27,0.49,525.6,257.544,268.05600000000004,0.51,2023-01,2023
2612,2024-02-14,North,Technology,Corporate,Laptop,2,1575,0.2,0.59,2520.0,1486.8,1033.2,0.41000000000000003,2024-02,2024
2613,2025-06-13,North,Technology,Consumer,Paper,9,1975,0.26,0.67,13153.5,8812.845000000001,4340.654999999999,0.3299999999999999,2025-06,2025
2614,2024-05-29,North,Technology,Home Office,Laptop,6,973,0.29,0.6,4144.98,2486.988,1657.9919999999997,0.39999999999999997,2024-05,2024
2615,2036-06-05,South,Technology,Home Office,Storage,2,1955,0.04,0.56,3753.6,2102.016,1651.5839999999998,0.43999999999999995,2036-06,2036
2616,2036-08-09,West,Office Supplies,Consumer,Laptop,3,1276,0.03,0.59,3713.16,2190.7644,1522.3955999999998,0.41,2036-08,2036
2617,2034-04-02,West,Office Supplies,Home Office,Desk,6,1849,0.24,0.7,8431.44,5902.008,2529.4320000000007,0.30000000000000004,2034-04,2034
2618,2028-11-04,South,Technology,Consumer,Phone,4,1431,0.26,0.75,4235.76,3176.82,1058.94,0.25,2028-11,2028
2619,2032-11-04,East,Technology,Consumer,Printer,7,1683,0.18,0.64,9660.42,6182.6688,3477.7511999999997,0.36,2032-11,2032
2620,2031-02-04,South,Furniture,Home Office,Storage,6,1440,0.11,0.69,7689.6,5305.824,2383.7760000000007,0.3100000000000001,2031-02,2031
2621,2027-04-10,East,Furniture,Home Office,Chair,6,1652,0.2,0.45,7929.6,3568.32,4361.280000000001,0.55,2027-04,2027
2622,2026-06-20,South,Technology,Home Office,Chair,3,1419,0.09,0.71,3873.8700000000003,2750.4477,1123.4223000000002,0.29000000000000004,2026-06,2026
2623,2028-12-09,South,Technology,Home Office,Phone,8,942,0.07,0.74,7008.48,5186.2752,1822.2047999999995,0.25999999999999995,2028-12,2028
2624,2032-12-17,South,Furniture,Consumer,Laptop,9,1468,0.15,0.62,11230.199999999999,6962.723999999999,4267.476,0.38,2032-12,2032
2625,2025-01-19,West,Furniture,Home Office,Laptop,6,1704,0.06,0.68,9610.56,6535.1808,3075.3791999999994,0.31999999999999995,2025-01,2025
2626,2032-05-20,North,Technology,Home Office,Chair,2,696,0.15,0.6,1183.2,709.92,473.2800000000001,0.4000000000000001,2032-05,2032
2627,2036-02-02,South,Office Supplies,Corporate,Phone,1,1405,0.29,0.54,997.55,538.677,458.87299999999993,0.45999999999999996,2036-02,2036
2628,2028-04-11,West,Office Supplies,Home Office,Chair,3,1331,0.25,0.71,2994.75,2126.2725,868.4775,0.29,2028-04,2028
2629,2033-06-01,North,Technology,Home Office,Laptop,3,1051,0.28,0.63,2270.16,1430.2007999999998,839.9592,0.37000000000000005,2033-06,2033
2630,2033-02-19,North,Technology,Consumer,Storage,8,651,0.24,0.62,3958.08,2454.0096,1504.0704,0.38,2033-02,2033
2631,2029-06-14,South,Furniture,Consumer,Printer,5,1219,0.11,0.65,5424.55,3525.9575000000004,1898.5924999999997,0.3499999999999999,2029-06,2029
2632,2036-02-12,East,Furniture,Corporate,Laptop,1,1575,0.24,0.71,1197.0,849.87,347.13,0.29,2036-02,2036
2633,2029-05-24,East,Office Supplies,Home Office,Storage,4,1885,0.28,0.67,5428.8,3637.2960000000003,1791.504,0.32999999999999996,2029-05,2029
2634,2023-11-03,East,Technology,Home Office,Printer,7,472,0.28,0.51,2378.88,1213.2288,1165.6512,0.49,2023-11,2023
2635,2033-01-13,South,Furniture,Home Office,Monitor,5,747,0.2,0.59,2988.0,1762.9199999999998,1225.0800000000002,0.41000000000000003,2033-01,2033
2636,2028-06-12,East,Office Supplies,Home Office,Desk,6,1196,0.06,0.74,6745.44,4991.625599999999,1753.8144000000002,0.26000000000000006,2028-06,2028
2637,2024-10-23,West,Office Supplies,Home Office,Phone,4,1936,0.01,0.62,7666.5599999999995,4753.267199999999,2913.2928,0.38000000000000006,2024-10,2024
2638,2035-09-19,West,Office Supplies,Home Office,Storage,2,1908,0.04,0.73,3663.3599999999997,2674.2527999999998,989.1071999999999,0.27,2035-09,2035
2639,2023-11-08,West,Furniture,Corporate,Desk,9,1804,0.29,0.69,11527.56,7954.016399999999,3573.543600000001,0.3100000000000001,2023-11,2023
2640,2030-12-30,West,Furniture,Home Office,Laptop,2,432,0.14,0.65,743.04,482.976,260.06399999999996,0.35,2030-12,2030
2641,2025-12-18,North,Technology,Home Office,Monitor,2,492,0.26,0.55,728.16,400.488,327.67199999999997,0.44999999999999996,2025-12,2025
2642,2031-02-19,West,Technology,Home Office,Phone,2,1833,0.14,0.54,3152.7599999999998,1702.4904,1450.2695999999999,0.45999999999999996,2031-02,2031
2643,2025-01-24,East,Office Supplies,Corporate,Storage,1,1982,0.2,0.64,1585.6000000000001,1014.7840000000001,570.816,0.36,2025-01,2025
2644,2034-04-23,South,Office Supplies,Home Office,Monitor,3,1229,0.01,0.58,3650.13,2117.0753999999997,1533.0546000000004,0.4200000000000001,2034-04,2034
2645,2035-06-07,East,Furniture,Corporate,Paper,6,1224,0.07,0.69,6829.919999999999,4712.644799999999,2117.2752,0.31000000000000005,2035-06,2035
2646,2023-12-19,West,Furniture,Consumer,Laptop,7,1482,0.13,0.68,9025.38,6137.2584,2888.1215999999995,0.31999999999999995,2023-12,2023
2647,2025-06-21,North,Technology,Home Office,Phone,1,1870,0.19,0.54,1514.7,817.9380000000001,696.762,0.45999999999999996,2025-06,2025
2648,2033-08-24,West,Technology,Corporate,Paper,5,1915,0.05,0.66,9096.25,6003.525000000001,3092.7249999999995,0.3399999999999999,2033-08,2033
2649,2023-06-08,South,Technology,Consumer,Phone,5,1452,0.23,0.6,5590.2,3354.12,2236.08,0.4,2023-06,2023
2650,2028-05-31,East,Furniture,Corporate,Laptop,1,1741,0.11,0.55,1549.49,852.2195,697.2705,0.44999999999999996,2028-05,2028
2651,2025-08-14,South,Office Supplies,Corporate,Laptop,4,494,0.25,0.57,1482.0,844.7399999999999,637.2600000000001,0.43000000000000005,2025-08,2025
2652,2028-09-02,South,Technology,Consumer,Monitor,1,134,0.03,0.72,129.98,93.58559999999999,36.394400000000005,0.2800000000000001,2028-09,2028
2653,2024-02-08,South,Technology,Home Office,Monitor,1,256,0.2,0.56,204.8,114.68800000000002,90.112,0.43999999999999995,2024-02,2024
2654,2035-08-17,East,Furniture,Home Office,Storage,7,1003,0.09,0.54,6389.110000000001,3450.1194000000005,2938.9906,0.45999999999999996,2035-08,2035
2655,2030-08-11,West,Technology,Corporate,Phone,7,1396,0.24,0.56,7426.72,4158.9632,3267.7568,0.44,2030-08,2030
2656,2026-10-19,South,Office Supplies,Consumer,Storage,3,1066,0.12,0.51,2814.2400000000002,1435.2624,1378.9776000000002,0.49,2026-10,2026
2657,2032-06-15,East,Furniture,Home Office,Monitor,7,495,0.2,0.61,2772.0,1690.92,1081.08,0.38999999999999996,2032-06,2032
2658,2025-08-13,North,Technology,Corporate,Phone,3,1875,0.28,0.49,4050.0,1984.5,2065.5,0.51,2025-08,2025
2659,2027-09-09,East,Technology,Consumer,Storage,2,306,0.01,0.7,605.88,424.116,181.764,0.30000000000000004,2027-09,2027
2660,2035-11-17,North,Furniture,Corporate,Laptop,4,1880,0.0,0.52,7520.0,3910.4,3609.6,0.48,2035-11,2035
2661,2026-06-27,East,Furniture,Consumer,Laptop,3,1728,0.23,0.63,3991.6800000000003,2514.7584,1476.9216000000001,0.37,2026-06,2026
2662,2033-06-08,West,Technology,Home Office,Paper,7,720,0.19,0.49,4082.4,2000.376,2082.0240000000003,0.5100000000000001,2033-06,2033
2663,2030-03-10,South,Office Supplies,Home Office,Chair,1,1429,0.09,0.74,1300.39,962.2886000000001,338.1014,0.26,2030-03,2030
2664,2029-07-10,West,Furniture,Corporate,Monitor,6,1749,0.15,0.59,8919.9,5262.740999999999,3657.1590000000006,0.4100000000000001,2029-07,2029
2665,2026-12-12,East,Office Supplies,Home Office,Storage,2,1659,0.01,0.7,3284.82,2299.374,985.4460000000004,0.3000000000000001,2026-12,2026
2666,2031-02-27,South,Technology,Home Office,Chair,8,904,0.06,0.68,6798.08,4622.6944,2175.3855999999996,0.31999999999999995,2031-02,2031
2667,2027-12-03,North,Office Supplies,Consumer,Chair,5,561,0.13,0.66,2440.35,1610.631,829.7189999999998,0.3399999999999999,2027-12,2027
2668,2035-01-08,East,Technology,Home Office,Desk,3,351,0.25,0.7,789.75,552.8249999999999,236.92500000000007,0.3000000000000001,2035-01,2035
2669,2033-12-23,South,Technology,Consumer,Phone,7,1390,0.14,0.48,8367.8,4016.5439999999994,4351.255999999999,0.52,2033-12,2033
2670,2036-04-12,North,Technology,Consumer,Printer,2,966,0.18,0.65,1584.24,1029.756,554.4839999999999,0.3499999999999999,2036-04,2036
2671,2026-10-26,North,Technology,Corporate,Desk,5,308,0.26,0.53,1139.6,603.9879999999999,535.612,0.47000000000000003,2026-10,2026
2672,2034-09-21,West,Office Supplies,Consumer,Monitor,8,1054,0.09,0.69,7673.12,5294.452799999999,2378.667200000001,0.3100000000000001,2034-09,2034
2673,2026-06-23,East,Technology,Home Office,Paper,1,1690,0.21,0.74,1335.1000000000001,987.974,347.1260000000001,0.26000000000000006,2026-06,2026
2674,2035-12-16,North,Technology,Consumer,Phone,1,638,0.26,0.72,472.12,339.9264,132.1936,0.28,2035-12,2035
2675,2033-03-03,South,Office Supplies,Consumer,Printer,3,934,0.06,0.48,2633.8799999999997,1264.2623999999998,1369.6175999999998,0.52,2033-03,2033
2676,2024-06-13,North,Furniture,Corporate,Chair,3,602,0.11,0.56,1607.34,900.1104,707.2295999999999,0.43999999999999995,2024-06,2024
2677,2032-12-02,North,Office Supplies,Home Office,Paper,7,1055,0.29,0.56,5243.349999999999,2936.276,2307.0739999999996,0.43999999999999995,2032-12,2032
2678,2031-02-06,West,Office Supplies,Home Office,Printer,6,613,0.29,0.49,2611.3799999999997,1279.5761999999997,1331.8038,0.51,2031-02,2031
2679,2030-12-24,West,Office Supplies,Home Office,Laptop,7,679,0.07,0.48,4420.29,2121.7392,2298.5508,0.52,2030-12,2030
2680,2036-05-21,South,Technology,Consumer,Monitor,4,1271,0.02,0.57,4982.32,2839.9223999999995,2142.3976000000002,0.43000000000000005,2036-05,2036
2681,2032-10-31,West,Technology,Home Office,Paper,2,1954,0.08,0.75,3595.36,2696.52,898.8400000000001,0.25000000000000006,2032-10,2032
2682,2028-11-17,North,Technology,Home Office,Laptop,2,939,0.12,0.62,1652.64,1024.6368,628.0032000000001,0.38000000000000006,2028-11,2028
2683,2035-07-10,North,Furniture,Consumer,Storage,1,1765,0.13,0.64,1535.55,982.752,552.798,0.36,2035-07,2035
2684,2032-03-23,West,Technology,Corporate,Paper,9,1085,0.19,0.59,7909.650000000001,4666.6935,3242.9565000000002,0.41,2032-03,2032
2685,2025-07-28,North,Furniture,Corporate,Paper,7,182,0.27,0.65,930.02,604.513,325.50699999999995,0.35,2025-07,2025
2686,2024-06-09,North,Technology,Consumer,Phone,3,1165,0.1,0.74,3145.5,2327.67,817.8299999999999,0.25999999999999995,2024-06,2024
2687,2023-01-02,South,Office Supplies,Corporate,Desk,2,255,0.25,0.63,382.5,240.975,141.525,0.37,2023-01,2023
2688,2024-01-10,West,Technology,Corporate,Monitor,3,1792,0.03,0.47,5214.72,2450.9184,2763.8016000000002,0.53,2024-01,2024
2689,2029-05-29,North,Furniture,Corporate,Chair,7,552,0.01,0.6,3825.36,2295.216,1530.1440000000002,0.4,2029-05,2029
2690,2033-12-19,West,Furniture,Home Office,Monitor,5,1742,0.15,0.75,7403.5,5552.625,1850.875,0.25,2033-12,2033
2691,2031-05-11,South,Technology,Corporate,Phone,3,1407,0.02,0.57,4136.58,2357.8505999999998,1778.7294000000002,0.43000000000000005,2031-05,2031
2692,2035-09-23,West,Office Supplies,Home Office,Paper,9,1311,0.12,0.63,10383.12,6541.365600000001,3841.7544,0.36999999999999994,2035-09,2035
2693,2029-06-23,North,Technology,Corporate,Chair,2,716,0.27,0.48,1045.36,501.77279999999996,543.5871999999999,0.52,2029-06,2029
2694,2027-03-06,West,Technology,Home Office,Laptop,7,723,0.07,0.49,4706.73,2306.2976999999996,2400.4323,0.51,2027-03,2027
2695,2035-04-04,North,Technology,Consumer,Monitor,6,1597,0.21,0.71,7569.780000000001,5374.5438,2195.2362000000003,0.29000000000000004,2035-04,2035
2696,2027-07-05,North,Office Supplies,Consumer,Desk,6,606,0.09,0.54,3308.76,1786.7304000000001,1522.0296,0.45999999999999996,2027-07,2027
2697,2023-01-14,North,Furniture,Corporate,Desk,7,1256,0.01,0.54,8704.08,4700.2032,4003.8768,0.46,2023-01,2023
2698,2035-08-05,South,Office Supplies,Home Office,Laptop,6,1394,0.17,0.57,6942.12,3957.0083999999997,2985.1116,0.43000000000000005,2035-08,2035
2699,2029-03-28,West,Furniture,Consumer,Printer,2,721,0.25,0.74,1081.5,800.31,281.19000000000005,0.26000000000000006,2029-03,2029
2700,2031-08-22,South,Furniture,Consumer,Desk,5,1196,0.12,0.48,5262.4,2525.9519999999998,2736.448,0.52,2031-08,2031
2701,2023-05-10,West,Furniture,Consumer,Printer,3,1559,0.19,0.7,3788.3700000000003,2651.859,1136.5110000000004,0.3000000000000001,2023-05,2023
2702,2033-06-11,South,Office Supplies,Consumer,Chair,9,1981,0.27,0.55,13015.17,7158.343500000001,5856.826499999999,0.44999999999999996,2033-06,2033
2703,2036-07-04,East,Technology,Corporate,Desk,8,392,0.24,0.7,2383.36,1668.352,715.008,0.3,2036-07,2036
2704,2031-10-22,North,Technology,Home Office,Storage,2,754,0.06,0.75,1417.52,1063.1399999999999,354.3800000000001,0.25000000000000006,2031-10,2031
2705,2031-01-17,North,Technology,Consumer,Paper,1,1036,0.22,0.55,808.08,444.4440000000001,363.63599999999997,0.44999999999999996,2031-01,2031
2706,2033-10-03,South,Technology,Corporate,Laptop,4,1895,0.15,0.49,6443.0,3157.07,3285.93,0.51,2033-10,2033
2707,2028-08-02,East,Technology,Consumer,Paper,4,856,0.22,0.49,2670.7200000000003,1308.6528,1362.0672000000002,0.51,2028-08,2028
2708,2023-01-28,North,Office Supplies,Consumer,Paper,2,1560,0.15,0.68,2652.0,1803.3600000000001,848.6399999999999,0.31999999999999995,2023-01,2023
2709,2028-10-14,West,Office Supplies,Consumer,Monitor,7,1095,0.04,0.49,7358.4,3605.6159999999995,3752.784,0.51,2028-10,2028
2710,2026-06-06,South,Office Supplies,Consumer,Printer,3,1975,0.17,0.53,4917.75,2606.4075000000003,2311.3424999999997,0.47,2026-06,2026
2711,2034-12-05,North,Office Supplies,Corporate,Storage,7,766,0.15,0.51,4557.7,2324.427,2233.2729999999997,0.48999999999999994,2034-12,2034
2712,2028-08-08,North,Office Supplies,Home Office,Chair,7,1784,0.16,0.56,10489.92,5874.355200000001,4615.564799999999,0.43999999999999995,2028-08,2028
2713,2035-06-22,South,Office Supplies,Corporate,Chair,1,159,0.26,0.47,117.66,55.3002,62.3598,0.53,2035-06,2035
2714,2034-01-06,South,Office Supplies,Corporate,Desk,6,1721,0.27,0.71,7537.98,5351.965799999999,2186.0142000000005,0.2900000000000001,2034-01,2034
2715,2035-01-14,West,Technology,Corporate,Desk,4,1827,0.14,0.71,6284.88,4462.2648,1822.6152000000002,0.29000000000000004,2035-01,2035
2716,2032-03-28,West,Furniture,Consumer,Storage,8,426,0.14,0.57,2930.88,1670.6016,1260.2784000000001,0.43000000000000005,2032-03,2032
2717,2032-06-28,North,Office Supplies,Home Office,Phone,8,1305,0.15,0.63,8874.0,5590.62,3283.38,0.37,2032-06,2032
2718,2031-06-09,North,Furniture,Consumer,Phone,3,898,0.16,0.64,2262.96,1448.2944,814.6656,0.36,2031-06,2031
2719,2033-05-06,South,Office Supplies,Corporate,Desk,4,884,0.29,0.67,2510.56,1682.0752,828.4848,0.32999999999999996,2033-05,2033
2720,2024-09-21,North,Office Supplies,Consumer,Phone,1,866,0.19,0.61,701.46,427.8906,273.56940000000003,0.39,2024-09,2024
2721,2023-09-27,North,Technology,Home Office,Laptop,2,1557,0.08,0.6,2864.88,1718.928,1145.952,0.39999999999999997,2023-09,2023
2722,2030-03-24,South,Furniture,Home Office,Storage,7,618,0.16,0.64,3633.8399999999997,2325.6576,1308.1823999999997,0.35999999999999993,2030-03,2030
2723,2028-06-16,North,Technology,Consumer,Laptop,7,737,0.19,0.66,4178.79,2758.0014,1420.7885999999999,0.33999999999999997,2028-06,2028
2724,2030-12-01,North,Technology,Corporate,Phone,9,182,0.19,0.55,1326.7800000000002,729.7290000000002,597.051,0.44999999999999996,2030-12,2030
2725,2036-07-28,East,Furniture,Consumer,Desk,9,127,0.18,0.55,937.2600000000001,515.493,421.76700000000005,0.45,2036-07,2036
2726,2032-05-25,West,Technology,Corporate,Paper,9,365,0.05,0.53,3120.75,1653.9975000000002,1466.7524999999998,0.4699999999999999,2032-05,2032
2727,2026-07-04,South,Office Supplies,Home Office,Paper,6,1406,0.01,0.61,8351.64,5094.5004,3257.1395999999995,0.38999999999999996,2026-07,2026
2728,2029-06-18,East,Office Supplies,Consumer,Laptop,8,496,0.1,0.56,3571.2000000000003,1999.8720000000003,1571.328,0.43999999999999995,2029-06,2029
2729,2024-07-29,West,Office Supplies,Home Office,Chair,9,1061,0.13,0.61,8307.63,5067.654299999999,3239.9757,0.39,2024-07,2024
2730,2026-07-31,West,Office Supplies,Corporate,Monitor,7,862,0.02,0.57,5913.32,3370.5923999999995,2542.7276,0.43000000000000005,2026-07,2026
2731,2031-09-28,West,Office Supplies,Corporate,Paper,4,1079,0.24,0.7,3280.16,2296.1119999999996,984.0480000000002,0.3000000000000001,2031-09,2031
2732,2031-09-14,East,Technology,Consumer,Paper,4,1823,0.1,0.47,6562.8,3084.516,3478.284,0.53,2031-09,2031
2733,2030-06-27,East,Technology,Consumer,Desk,6,1506,0.27,0.62,6596.28,4089.6935999999996,2506.5864,0.38000000000000006,2030-06,2030
2734,2029-01-21,West,Office Supplies,Consumer,Storage,4,910,0.05,0.62,3458.0,2143.96,1314.04,0.38,2029-01,2029
2735,2029-06-10,North,Office Supplies,Home Office,Printer,7,680,0.02,0.57,4664.8,2658.9359999999997,2005.8640000000005,0.4300000000000001,2029-06,2029
2736,2032-10-08,North,Technology,Corporate,Printer,8,1442,0.14,0.58,9920.96,5754.156799999999,4166.8032,0.42000000000000004,2032-10,2032
2737,2027-07-14,East,Furniture,Corporate,Desk,8,1961,0.06,0.69,14746.72,10175.236799999999,4571.483200000001,0.31000000000000005,2027-07,2027
2738,2027-04-29,East,Technology,Home Office,Phone,8,710,0.28,0.53,4089.6,2167.4880000000003,1922.1119999999996,0.4699999999999999,2027-04,2027
2739,2029-01-12,East,Technology,Consumer,Paper,2,292,0.0,0.71,584.0,414.64,169.36,0.29000000000000004,2029-01,2029
2740,2026-10-22,West,Technology,Consumer,Paper,2,326,0.12,0.72,573.76,413.1072,160.6528,0.28,2026-10,2026
2741,2027-10-09,North,Technology,Home Office,Laptop,2,550,0.28,0.65,792.0,514.8000000000001,277.19999999999993,0.3499999999999999,2027-10,2027
2742,2028-04-09,East,Technology,Corporate,Laptop,2,1305,0.12,0.68,2296.8,1561.8240000000003,734.9759999999999,0.31999999999999995,2028-04,2028
2743,2024-09-11,East,Furniture,Corporate,Desk,4,1031,0.03,0.63,4000.2799999999997,2520.1764,1480.1036,0.37,2024-09,2024
2744,2026-06-28,South,Office Supplies,Corporate,Chair,5,1450,0.09,0.61,6597.5,4024.475,2573.025,0.39,2026-06,2026
2745,2025-08-14,West,Office Supplies,Corporate,Storage,4,1728,0.15,0.74,5875.2,4347.648,1527.5519999999997,0.25999999999999995,2025-08,2025
2746,2028-04-23,South,Furniture,Home Office,Phone,5,754,0.06,0.53,3543.7999999999997,1878.214,1665.5859999999998,0.47,2028-04,2028
2747,2033-10-28,North,Office Supplies,Corporate,Paper,4,302,0.14,0.5,1038.8799999999999,519.4399999999999,519.4399999999999,0.5,2033-10,2033
2748,2029-07-09,South,Office Supplies,Home Office,Chair,7,501,0.25,0.54,2630.25,1420.335,1209.915,0.45999999999999996,2029-07,2029
2749,2025-08-26,South,Office Supplies,Consumer,Desk,1,1767,0.26,0.63,1307.58,823.7754,483.80459999999994,0.37,2025-08,2025
2750,2026-08-09,South,Furniture,Home Office,Desk,1,571,0.01,0.51,565.29,288.29789999999997,276.9921,0.49000000000000005,2026-08,2026
2751,2025-11-09,West,Furniture,Corporate,Paper,2,1902,0.05,0.72,3613.7999999999997,2601.9359999999997,1011.864,0.28,2025-11,2025
2752,2023-10-09,North,Office Supplies,Consumer,Chair,1,1769,0.08,0.57,1627.48,927.6636,699.8164,0.43000000000000005,2023-10,2023
2753,2030-10-15,South,Office Supplies,Home Office,Printer,3,989,0.18,0.7,2432.94,1703.058,729.8820000000001,0.30000000000000004,2030-10,2030
2754,2025-11-24,West,Office Supplies,Home Office,Desk,6,278,0.11,0.52,1484.52,771.9504000000001,712.5695999999999,0.4799999999999999,2025-11,2025
2755,2034-10-03,North,Technology,Home Office,Storage,6,1821,0.25,0.54,8194.5,4425.030000000001,3769.4699999999993,0.4599999999999999,2034-10,2034
2756,2029-12-07,East,Technology,Consumer,Monitor,1,1141,0.22,0.47,889.98,418.2906,471.68940000000003,0.53,2029-12,2029
2757,2033-06-25,South,Technology,Home Office,Phone,6,562,0.03,0.53,3270.8399999999997,1733.5452,1537.2947999999997,0.4699999999999999,2033-06,2033
2758,2025-10-05,North,Furniture,Corporate,Chair,5,934,0.19,0.6,3782.7000000000003,2269.62,1513.0800000000004,0.4000000000000001,2025-10,2025
2759,2026-05-14,South,Office Supplies,Consumer,Printer,7,708,0.03,0.73,4807.32,3509.3435999999997,1297.9764,0.27,2026-05,2026
2760,2025-11-01,East,Furniture,Consumer,Chair,6,1669,0.08,0.57,9212.880000000001,5251.3416,3961.5384000000013,0.4300000000000001,2025-11,2025
2761,2035-07-22,North,Furniture,Home Office,Printer,7,1025,0.05,0.64,6816.25,4362.4,2453.8500000000004,0.36000000000000004,2035-07,2035
2762,2023-10-03,West,Furniture,Corporate,Printer,2,1526,0.05,0.58,2899.4,1681.652,1217.748,0.42,2023-10,2023
2763,2030-07-03,North,Office Supplies,Consumer,Storage,1,1516,0.18,0.46,1243.1200000000001,571.8352000000001,671.2848,0.5399999999999999,2030-07,2030
2764,2029-04-08,West,Technology,Home Office,Phone,7,1035,0.17,0.6,6013.349999999999,3608.0099999999998,2405.3399999999997,0.39999999999999997,2029-04,2029
2765,2026-05-24,North,Office Supplies,Corporate,Desk,9,399,0.05,0.47,3411.45,1603.3814999999997,1808.0685,0.53,2026-05,2026
2766,2023-05-06,West,Office Supplies,Home Office,Printer,2,450,0.3,0.72,630.0,453.59999999999997,176.40000000000003,0.28,2023-05,2023
2767,2034-02-17,East,Furniture,Home Office,Desk,7,286,0.13,0.68,1741.74,1184.3832,557.3568,0.32,2034-02,2034
2768,2034-10-22,East,Furniture,Consumer,Phone,3,1470,0.03,0.56,4277.7,2395.512,1882.1879999999996,0.43999999999999995,2034-10,2034
2769,2033-08-04,East,Furniture,Consumer,Desk,6,722,0.04,0.64,4158.72,2661.5808,1497.1392,0.36,2033-08,2033
2770,2026-04-23,North,Technology,Home Office,Paper,3,1532,0.18,0.48,3768.7200000000003,1808.9856,1959.7344000000003,0.52,2026-04,2026
2771,2031-11-24,East,Technology,Consumer,Storage,5,1882,0.29,0.66,6681.099999999999,4409.526,2271.5739999999996,0.33999999999999997,2031-11,2031
2772,2025-07-07,South,Technology,Consumer,Storage,2,170,0.17,0.7,282.2,197.54,84.66,0.3,2025-07,2025
2773,2033-09-28,East,Office Supplies,Corporate,Laptop,8,1944,0.28,0.7,11197.439999999999,7838.207999999999,3359.232,0.30000000000000004,2033-09,2033
2774,2035-01-21,West,Furniture,Corporate,Storage,8,1450,0.13,0.54,10092.0,5449.68,4642.32,0.45999999999999996,2035-01,2035
2775,2028-05-23,West,Office Supplies,Home Office,Printer,7,1335,0.13,0.53,8130.15,4308.9795,3821.1704999999993,0.4699999999999999,2028-05,2028
2776,2030-08-25,West,Technology,Home Office,Phone,6,408,0.15,0.61,2080.7999999999997,1269.2879999999998,811.512,0.39,2030-08,2030
2777,2025-06-10,North,Furniture,Home Office,Storage,1,1231,0.21,0.74,972.49,719.6426,252.8474,0.26,2025-06,2025
2778,2035-03-29,South,Technology,Home Office,Chair,8,276,0.11,0.73,1965.1200000000001,1434.5376,530.5824,0.26999999999999996,2035-03,2035
2779,2028-07-26,East,Furniture,Corporate,Phone,1,526,0.26,0.56,389.24,217.97440000000003,171.26559999999998,0.43999999999999995,2028-07,2028
2780,2026-09-26,South,Furniture,Consumer,Printer,8,839,0.01,0.68,6644.88,4518.518400000001,2126.3615999999993,0.3199999999999999,2026-09,2026
2781,2023-05-09,South,Office Supplies,Corporate,Phone,2,630,0.13,0.73,1096.2,800.226,295.97400000000005,0.27,2023-05,2023
2782,2025-10-11,West,Office Supplies,Home Office,Storage,8,1957,0.15,0.53,13307.6,7053.028,6254.572,0.47,2025-10,2025
2783,2027-12-05,West,Technology,Home Office,Chair,4,517,0.18,0.7,1695.7600000000002,1187.0320000000002,508.72800000000007,0.3,2027-12,2027
2784,2035-08-18,West,Office Supplies,Corporate,Laptop,7,347,0.08,0.53,2234.6800000000003,1184.3804000000002,1050.2996,0.47,2035-08,2035
2785,2027-02-27,North,Office Supplies,Corporate,Printer,5,308,0.13,0.55,1339.8,736.89,602.91,0.45,2027-02,2027
2786,2034-06-13,South,Office Supplies,Home Office,Monitor,8,315,0.15,0.51,2142.0,1092.42,1049.58,0.49,2034-06,2034
2787,2026-04-13,South,Furniture,Consumer,Paper,6,812,0.21,0.6,3848.88,2309.328,1539.5520000000001,0.4,2026-04,2026
2788,2033-08-09,North,Office Supplies,Home Office,Printer,5,537,0.23,0.7,2067.4500000000003,1447.2150000000001,620.2350000000001,0.30000000000000004,2033-08,2033
2789,2029-10-10,North,Technology,Corporate,Phone,1,1892,0.22,0.61,1475.76,900.2135999999999,575.5464000000001,0.39000000000000007,2029-10,2029
2790,2032-07-17,North,Furniture,Home Office,Monitor,3,1741,0.1,0.49,4700.7,2303.343,2397.357,0.51,2032-07,2032
2791,2034-02-01,South,Furniture,Home Office,Monitor,9,410,0.3,0.53,2583.0,1368.99,1214.01,0.47,2034-02,2034
2792,2033-03-08,South,Office Supplies,Consumer,Desk,9,1906,0.25,0.62,12865.5,7976.61,4888.89,0.38,2033-03,2033
2793,2023-10-30,West,Furniture,Home Office,Monitor,5,482,0.08,0.62,2217.2000000000003,1374.6640000000002,842.5360000000001,0.38,2023-10,2023
2794,2033-10-27,West,Technology,Home Office,Desk,3,1080,0.06,0.62,3045.6,1888.272,1157.328,0.38,2033-10,2033
2795,2035-10-28,South,Technology,Home Office,Paper,6,1394,0.09,0.47,7611.240000000001,3577.2828,4033.9572000000007,0.53,2035-10,2035
2796,2025-09-13,West,Furniture,Corporate,Monitor,5,220,0.14,0.68,946.0,643.2800000000001,302.7199999999999,0.3199999999999999,2025-09,2025
2797,2028-02-07,North,Office Supplies,Corporate,Chair,1,506,0.26,0.72,374.44,269.5968,104.84320000000002,0.2800000000000001,2028-02,2028
2798,2035-02-27,East,Office Supplies,Consumer,Laptop,2,344,0.23,0.6,529.76,317.856,211.904,0.4,2035-02,2035
2799,2036-06-10,West,Furniture,Home Office,Laptop,5,165,0.26,0.67,610.5,409.035,201.46499999999997,0.32999999999999996,2036-06,2036
2800,2031-05-31,South,Technology,Corporate,Monitor,9,1041,0.08,0.72,8619.48,6206.025599999999,2413.4544000000005,0.2800000000000001,2031-05,2031
2801,2031-07-22,West,Furniture,Consumer,Phone,4,327,0.18,0.64,1072.5600000000002,686.4384000000001,386.12160000000006,0.36,2031-07,2031
2802,2026-08-20,West,Office Supplies,Home Office,Phone,9,981,0.08,0.65,8122.68,5279.742,2842.938,0.35,2026-08,2026
2803,2029-08-05,West,Office Supplies,Consumer,Desk,3,236,0.03,0.67,686.76,460.1292,226.63079999999997,0.32999999999999996,2029-08,2029
2804,2033-01-21,East,Furniture,Consumer,Storage,1,293,0.21,0.53,231.47,122.6791,108.7909,0.47,2033-01,2033
2805,2032-01-05,North,Technology,Consumer,Laptop,6,805,0.04,0.62,4636.8,2874.8160000000003,1761.984,0.37999999999999995,2032-01,2032
2806,2034-01-16,South,Furniture,Consumer,Storage,7,757,0.2,0.7,4239.2,2967.4399999999996,1271.7600000000002,0.30000000000000004,2034-01,2034
2807,2024-12-04,East,Technology,Consumer,Laptop,4,756,0.19,0.54,2449.44,1322.6976000000002,1126.7423999999999,0.4599999999999999,2024-12,2024
2808,2024-07-28,South,Technology,Consumer,Storage,5,1612,0.24,0.72,6125.6,4410.432,1715.1680000000006,0.2800000000000001,2024-07,2024
2809,2031-11-07,South,Furniture,Consumer,Storage,4,1707,0.04,0.64,6554.88,4195.1232,2359.7568,0.36,2031-11,2031
2810,2036-02-05,South,Furniture,Home Office,Laptop,3,1477,0.24,0.58,3367.56,1953.1847999999998,1414.3752000000002,0.42000000000000004,2036-02,2036
2811,2030-03-17,East,Technology,Home Office,Paper,1,1029,0.3,0.64,720.3,460.99199999999996,259.308,0.36,2030-03,2030
2812,2033-06-25,North,Technology,Consumer,Chair,6,1827,0.26,0.57,8111.88,4623.7716,3488.1084,0.43,2033-06,2033
2813,2031-11-05,South,Technology,Home Office,Chair,5,655,0.23,0.7,2521.75,1765.225,756.5250000000001,0.30000000000000004,2031-11,2031
2814,2024-05-03,North,Technology,Consumer,Phone,1,1280,0.2,0.59,1024.0,604.16,419.84000000000003,0.41000000000000003,2024-05,2024
2815,2026-09-09,North,Office Supplies,Home Office,Storage,5,1057,0.13,0.72,4597.95,3310.524,1287.426,0.27999999999999997,2026-09,2026
2816,2033-01-29,West,Furniture,Corporate,Storage,6,1599,0.22,0.6,7483.320000000001,4489.992,2993.3280000000004,0.4,2033-01,2033
2817,2031-09-09,East,Technology,Consumer,Paper,5,1139,0.22,0.65,4442.1,2887.3650000000002,1554.7350000000001,0.35,2031-09,2031
2818,2035-07-26,East,Furniture,Corporate,Storage,1,1201,0.19,0.75,972.8100000000001,729.6075000000001,243.2025,0.24999999999999997,2035-07,2035
2819,2027-07-26,West,Technology,Consumer,Paper,5,151,0.24,0.49,573.8,281.162,292.638,0.51,2027-07,2027
2820,2027-06-26,West,Furniture,Consumer,Storage,1,613,0.13,0.67,533.31,357.3177,175.99229999999994,0.3299999999999999,2027-06,2027
2821,2034-04-07,North,Furniture,Corporate,Storage,3,1627,0.04,0.49,4685.76,2296.0224000000003,2389.7376,0.51,2034-04,2034
2822,2032-09-23,South,Technology,Corporate,Paper,2,843,0.17,0.7,1399.3799999999999,979.5659999999998,419.8140000000001,0.3000000000000001,2032-09,2032
2823,2025-09-27,East,Technology,Corporate,Desk,1,1184,0.08,0.63,1089.28,686.2464,403.0336,0.37,2025-09,2025
2824,2025-04-30,South,Furniture,Consumer,Printer,4,1255,0.12,0.73,4417.6,3224.8480000000004,1192.752,0.26999999999999996,2025-04,2025
2825,2026-10-20,South,Furniture,Corporate,Storage,2,1505,0.01,0.71,2979.9,2115.729,864.1710000000003,0.2900000000000001,2026-10,2026
2826,2033-03-01,West,Furniture,Corporate,Desk,5,1687,0.11,0.47,7507.150000000001,3528.3605000000002,3978.7895000000003,0.53,2033-03,2033
2827,2026-09-29,South,Office Supplies,Home Office,Chair,1,1932,0.24,0.49,1468.32,719.4767999999999,748.8432,0.51,2026-09,2026
2828,2025-04-01,North,Technology,Home Office,Storage,1,791,0.16,0.63,664.4399999999999,418.5972,245.84279999999995,0.36999999999999994,2025-04,2025
2829,2024-03-30,West,Office Supplies,Corporate,Chair,4,642,0.0,0.61,2568.0,1566.48,1001.52,0.39,2024-03,2024
2830,2027-06-13,South,Office Supplies,Corporate,Phone,7,509,0.14,0.5,3064.18,1532.09,1532.09,0.5,2027-06,2027
2831,2030-08-04,West,Technology,Corporate,Printer,2,254,0.09,0.49,462.28000000000003,226.5172,235.76280000000003,0.51,2030-08,2030
2832,2033-03-15,North,Technology,Corporate,Laptop,2,732,0.14,0.62,1259.04,780.6048,478.4352,0.38,2033-03,2033
2833,2031-08-14,North,Office Supplies,Home Office,Printer,1,150,0.12,0.46,132.0,60.720000000000006,71.28,0.54,2031-08,2031
2834,2034-03-13,South,Technology,Consumer,Storage,5,1123,0.28,0.71,4042.7999999999997,2870.3879999999995,1172.4120000000003,0.2900000000000001,2034-03,2034
2835,2036-02-28,West,Furniture,Corporate,Storage,6,1093,0.01,0.69,6492.42,4479.7698,2012.6502,0.31,2036-02,2036
2836,2028-12-30,South,Furniture,Corporate,Paper,6,1218,0.21,0.69,5773.320000000001,3983.5908,1789.7292000000007,0.3100000000000001,2028-12,2028
2837,2025-07-05,South,Office Supplies,Home Office,Printer,2,1811,0.26,0.45,2680.2799999999997,1206.126,1474.1539999999998,0.5499999999999999,2025-07,2025
2838,2033-11-30,West,Office Supplies,Corporate,Printer,7,1646,0.29,0.46,8180.62,3763.0852,4417.534799999999,0.5399999999999999,2033-11,2033
2839,2030-11-15,South,Technology,Corporate,Phone,6,623,0.05,0.61,3551.1,2166.171,1384.929,0.39,2030-11,2030
2840,2026-12-11,North,Technology,Home Office,Monitor,8,454,0.16,0.75,3050.88,2288.16,762.7200000000003,0.25000000000000006,2026-12,2026
2841,2035-01-18,West,Office Supplies,Corporate,Chair,6,1168,0.01,0.55,6937.92,3815.856,3122.064,0.44999999999999996,2035-01,2035
2842,2025-01-05,West,Office Supplies,Corporate,Paper,9,901,0.15,0.55,6892.65,3790.9575,3101.6924999999997,0.44999999999999996,2025-01,2025
2843,2032-10-08,West,Furniture,Home Office,Laptop,2,1328,0.04,0.49,2549.7599999999998,1249.3824,1300.3775999999998,0.51,2032-10,2032
2844,2032-02-21,West,Furniture,Consumer,Paper,7,1854,0.25,0.65,9733.5,6326.775000000001,3406.7249999999995,0.3499999999999999,2032-02,2032
2845,2031-04-04,South,Technology,Corporate,Monitor,5,939,0.03,0.64,4554.15,2914.656,1639.4939999999997,0.36,2031-04,2031
2846,2030-11-29,South,Furniture,Corporate,Printer,1,1554,0.15,0.48,1320.8999999999999,634.0319999999999,686.8679999999999,0.52,2030-11,2030
2847,2025-08-19,North,Technology,Consumer,Laptop,3,355,0.16,0.59,894.6,527.814,366.78600000000006,0.41000000000000003,2025-08,2025
2848,2031-03-09,East,Technology,Home Office,Printer,4,347,0.29,0.65,985.4799999999999,640.562,344.9179999999999,0.3499999999999999,2031-03,2031
2849,2033-07-15,East,Technology,Consumer,Paper,2,632,0.2,0.6,1011.2,606.72,404.48,0.4,2033-07,2033
2850,2025-10-23,North,Furniture,Corporate,Chair,7,140,0.09,0.65,891.8000000000001,579.6700000000001,312.13,0.35,2025-10,2025
2851,2033-08-01,East,Office Supplies,Consumer,Laptop,1,1582,0.07,0.69,1471.26,1015.1693999999999,456.0906000000001,0.31000000000000005,2033-08,2033
2852,2030-11-03,North,Office Supplies,Home Office,Monitor,3,889,0.04,0.66,2560.3199999999997,1689.8111999999999,870.5087999999998,0.33999999999999997,2030-11,2030
2853,2029-11-06,South,Furniture,Corporate,Desk,9,1400,0.23,0.63,9702.0,6112.26,3589.74,0.37,2029-11,2029
2854,2028-05-01,West,Office Supplies,Home Office,Chair,2,294,0.21,0.71,464.52000000000004,329.80920000000003,134.7108,0.29,2028-05,2028
2855,2026-03-23,West,Technology,Home Office,Monitor,5,1194,0.18,0.72,4895.400000000001,3524.688,1370.7120000000004,0.2800000000000001,2026-03,2026
2856,2036-01-13,South,Office Supplies,Consumer,Laptop,4,1393,0.01,0.57,5516.28,3144.2795999999994,2372.0004000000004,0.4300000000000001,2036-01,2036
2857,2023-01-12,West,Furniture,Consumer,Printer,3,1458,0.23,0.5,3367.98,1683.99,1683.99,0.5,2023-01,2023
2858,2035-01-17,West,Office Supplies,Home Office,Monitor,5,1708,0.19,0.7,6917.400000000001,4842.18,2075.2200000000003,0.3,2035-01,2035
2859,2032-03-18,East,Technology,Home Office,Printer,6,407,0.29,0.51,1733.82,884.2482,849.5717999999999,0.49,2032-03,2032
2860,2031-04-11,South,Technology,Corporate,Chair,1,1550,0.18,0.73,1271.0,927.8299999999999,343.1700000000001,0.2700000000000001,2031-04,2031
2861,2032-03-25,East,Furniture,Home Office,Chair,2,1322,0.09,0.46,2406.04,1106.7784,1299.2616,0.54,2032-03,2032
2862,2030-10-01,East,Furniture,Home Office,Monitor,1,175,0.11,0.73,155.75,113.69749999999999,42.05250000000001,0.2700000000000001,2030-10,2030
2863,2023-02-12,West,Furniture,Consumer,Printer,3,886,0.05,0.63,2525.1,1590.8129999999999,934.287,0.37000000000000005,2023-02,2023
2864,2025-08-01,West,Technology,Home Office,Laptop,8,894,0.22,0.68,5578.56,3793.4208000000003,1785.1392,0.32,2025-08,2025
2865,2029-07-18,South,Office Supplies,Home Office,Monitor,8,1781,0.21,0.57,11255.92,6415.8744,4840.0456,0.43000000000000005,2029-07,2029
2866,2029-12-20,West,Office Supplies,Consumer,Desk,4,1648,0.06,0.75,6196.48,4647.36,1549.12,0.25,2029-12,2029
2867,2029-08-08,West,Furniture,Corporate,Paper,6,1998,0.05,0.52,11388.6,5922.072,5466.528,0.48,2029-08,2029
2868,2036-08-26,South,Office Supplies,Consumer,Phone,9,1764,0.02,0.53,15558.48,8245.9944,7312.4856,0.47000000000000003,2036-08,2036
2869,2025-10-01,West,Office Supplies,Consumer,Chair,7,329,0.27,0.47,1681.19,790.1593,891.0307,0.53,2025-10,2025
2870,2023-01-21,East,Furniture,Home Office,Printer,2,184,0.07,0.73,342.23999999999995,249.83519999999996,92.4048,0.27,2023-01,2023
2871,2024-02-11,South,Furniture,Home Office,Laptop,2,1285,0.1,0.59,2313.0,1364.6699999999998,948.3300000000002,0.4100000000000001,2024-02,2024
2872,2025-10-11,West,Technology,Corporate,Chair,3,496,0.08,0.65,1368.96,889.8240000000001,479.13599999999997,0.35,2025-10,2025
2873,2035-02-18,North,Technology,Home Office,Laptop,8,1494,0.12,0.66,10517.76,6941.721600000001,3576.0383999999995,0.33999999999999997,2035-02,2035
2874,2028-01-13,South,Technology,Corporate,Chair,9,1686,0.21,0.71,11987.460000000001,8511.0966,3476.3634,0.29,2028-01,2028
2875,2031-09-24,South,Technology,Corporate,Printer,3,314,0.26,0.65,697.08,453.10200000000003,243.978,0.35,2031-09,2031
2876,2024-12-15,North,Office Supplies,Corporate,Laptop,9,1124,0.05,0.62,9610.199999999999,5958.324,3651.8759999999993,0.37999999999999995,2024-12,2024
2877,2034-05-09,West,Office Supplies,Corporate,Printer,8,476,0.21,0.66,3008.32,1985.4912000000002,1022.8288,0.33999999999999997,2034-05,2034
2878,2033-07-21,West,Technology,Home Office,Laptop,5,511,0.11,0.68,2273.95,1546.286,727.6639999999998,0.3199999999999999,2033-07,2033
2879,2035-02-06,South,Technology,Consumer,Chair,3,1758,0.29,0.51,3744.54,1909.7154,1834.8246,0.49,2035-02,2035
2880,2036-05-16,South,Furniture,Consumer,Phone,7,899,0.09,0.48,5726.63,2748.7824,2977.8476,0.52,2036-05,2036
2881,2023-05-21,West,Office Supplies,Home Office,Paper,9,1323,0.0,0.47,11907.0,5596.29,6310.71,0.53,2023-05,2023
2882,2035-07-02,West,Office Supplies,Home Office,Paper,6,1306,0.15,0.56,6660.599999999999,3729.936,2930.6639999999993,0.43999999999999995,2035-07,2035
2883,2036-05-14,East,Technology,Corporate,Phone,3,509,0.05,0.6,1450.6499999999999,870.3899999999999,580.26,0.4,2036-05,2036
2884,2025-08-21,South,Office Supplies,Home Office,Paper,5,1521,0.01,0.63,7528.95,4743.2384999999995,2785.7115000000003,0.37000000000000005,2025-08,2025
2885,2024-01-08,South,Furniture,Consumer,Monitor,7,315,0.21,0.74,1741.95,1289.0430000000001,452.9069999999999,0.25999999999999995,2024-01,2024
2886,2032-12-14,North,Furniture,Home Office,Desk,8,851,0.22,0.55,5310.24,2920.632,2389.6079999999997,0.44999999999999996,2032-12,2032
2887,2029-12-16,East,Office Supplies,Home Office,Desk,4,448,0.14,0.68,1541.12,1047.9616,493.1583999999998,0.3199999999999999,2029-12,2029
2888,2032-11-19,West,Technology,Corporate,Monitor,2,1703,0.2,0.61,2724.8,1662.1280000000002,1062.672,0.38999999999999996,2032-11,2032
2889,2027-08-20,East,Office Supplies,Corporate,Monitor,2,930,0.16,0.52,1562.3999999999999,812.448,749.9519999999999,0.48,2027-08,2027
2890,2023-04-16,West,Furniture,Corporate,Storage,3,1717,0.19,0.63,4172.31,2628.5553000000004,1543.7547,0.36999999999999994,2023-04,2023
2891,2027-08-09,West,Technology,Corporate,Printer,8,753,0.18,0.74,4939.68,3655.3632000000002,1284.3168,0.26,2027-08,2027
2892,2034-03-21,East,Office Supplies,Consumer,Laptop,1,1121,0.2,0.49,896.8000000000001,439.432,457.36800000000005,0.51,2034-03,2034
2893,2033-12-30,South,Technology,Home Office,Desk,7,1164,0.06,0.6,7659.12,4595.472,3063.648,0.4,2033-12,2033
2894,2030-03-21,West,Technology,Home Office,Chair,6,1874,0.08,0.47,10344.48,4861.905599999999,5482.5744,0.53,2030-03,2030
2895,2028-11-07,East,Furniture,Corporate,Monitor,2,102,0.13,0.55,177.48,97.614,79.86599999999999,0.44999999999999996,2028-11,2028
2896,2032-05-09,North,Technology,Consumer,Paper,9,1217,0.13,0.64,9529.11,6098.630400000001,3430.4795999999997,0.35999999999999993,2032-05,2032
2897,2035-03-04,East,Office Supplies,Consumer,Phone,5,1182,0.23,0.7,4550.7,3185.49,1365.21,0.30000000000000004,2035-03,2035
2898,2032-08-31,North,Technology,Home Office,Laptop,2,839,0.11,0.67,1493.42,1000.5914000000001,492.82859999999994,0.32999999999999996,2032-08,2032
2899,2026-07-10,West,Technology,Corporate,Storage,3,506,0.05,0.59,1442.1,850.8389999999999,591.261,0.41,2026-07,2026
2900,2031-09-15,East,Office Supplies,Home Office,Phone,7,117,0.08,0.72,753.48,542.5056,210.97440000000006,0.2800000000000001,2031-09,2031
2901,2033-01-02,East,Furniture,Home Office,Paper,7,1617,0.06,0.54,10639.859999999999,5745.524399999999,4894.335599999999,0.46,2033-01,2033
2902,2029-06-17,North,Furniture,Consumer,Monitor,1,850,0.22,0.68,663.0,450.84000000000003,212.15999999999997,0.31999999999999995,2029-06,2029
2903,2024-03-20,East,Office Supplies,Consumer,Laptop,4,1995,0.14,0.59,6862.8,4049.0519999999997,2813.7480000000005,0.4100000000000001,2024-03,2024
2904,2023-02-05,East,Office Supplies,Home Office,Monitor,6,1631,0.21,0.72,7730.9400000000005,5566.276800000001,2164.6632,0.27999999999999997,2023-02,2023
2905,2027-01-15,West,Furniture,Corporate,Desk,8,685,0.12,0.69,4822.4,3327.4559999999997,1494.944,0.31,2027-01,2027
2906,2033-11-01,East,Technology,Corporate,Desk,3,987,0.27,0.72,2161.5299999999997,1556.3015999999998,605.2284,0.28,2033-11,2033
2907,2027-12-04,South,Office Supplies,Home Office,Printer,3,431,0.3,0.51,905.0999999999999,461.60099999999994,443.49899999999997,0.49,2027-12,2027
2908,2028-01-20,North,Technology,Home Office,Paper,8,1112,0.2,0.65,7116.8,4625.92,2490.88,0.35000000000000003,2028-01,2028
2909,2026-11-09,East,Office Supplies,Corporate,Storage,8,268,0.26,0.67,1586.56,1062.9952,523.5647999999999,0.32999999999999996,2026-11,2026
2910,2027-09-05,North,Furniture,Corporate,Laptop,8,875,0.15,0.67,5950.0,3986.5000000000005,1963.4999999999995,0.3299999999999999,2027-09,2027
2911,2031-01-17,North,Technology,Corporate,Storage,1,1795,0.28,0.6,1292.3999999999999,775.4399999999999,516.9599999999999,0.39999999999999997,2031-01,2031
2912,2026-07-24,North,Technology,Home Office,Chair,8,948,0.25,0.45,5688.0,2559.6,3128.4,0.55,2026-07,2026
2913,2026-05-28,East,Office Supplies,Consumer,Storage,8,1804,0.3,0.53,10102.4,5354.272,4748.128,0.47,2026-05,2026
2914,2033-11-20,East,Technology,Corporate,Monitor,2,1040,0.19,0.55,1684.8000000000002,926.6400000000002,758.16,0.44999999999999996,2033-11,2033
2915,2031-06-25,North,Office Supplies,Corporate,Monitor,9,305,0.23,0.71,2113.65,1500.6915,612.9585000000002,0.2900000000000001,2031-06,2031
2916,2035-08-22,South,Furniture,Corporate,Desk,7,1992,0.16,0.7,11712.96,8199.071999999998,3513.888000000001,0.3000000000000001,2035-08,2035
2917,2023-01-10,North,Technology,Home Office,Printer,8,620,0.08,0.48,4563.2,2190.336,2372.864,0.52,2023-01,2023
2918,2029-08-22,South,Office Supplies,Consumer,Paper,2,1628,0.11,0.73,2897.84,2115.4232,782.4168,0.26999999999999996,2029-08,2029
2919,2027-07-19,North,Technology,Consumer,Monitor,4,1117,0.27,0.5,3261.64,1630.82,1630.82,0.5,2027-07,2027
2920,2030-03-16,West,Office Supplies,Corporate,Desk,7,1469,0.02,0.57,10077.34,5744.083799999999,4333.256200000001,0.43000000000000005,2030-03,2030
2921,2036-03-08,North,Office Supplies,Home Office,Phone,6,403,0.18,0.51,1982.7600000000002,1011.2076000000002,971.5524,0.48999999999999994,2036-03,2036
2922,2025-12-08,North,Office Supplies,Consumer,Desk,7,214,0.11,0.71,1333.22,946.5862,386.63380000000006,0.29000000000000004,2025-12,2025
2923,2031-10-31,East,Furniture,Home Office,Laptop,1,763,0.12,0.67,671.44,449.86480000000006,221.5752,0.32999999999999996,2031-10,2031
2924,2036-07-25,South,Technology,Consumer,Paper,8,186,0.27,0.56,1086.24,608.2944000000001,477.9455999999999,0.4399999999999999,2036-07,2036
2925,2026-08-09,West,Furniture,Corporate,Printer,7,1218,0.26,0.65,6309.24,4101.006,2208.2339999999995,0.3499999999999999,2026-08,2026
2926,2034-05-08,South,Office Supplies,Home Office,Monitor,4,842,0.18,0.51,2761.76,1408.4976000000001,1353.2624,0.49,2034-05,2034
2927,2033-01-31,West,Office Supplies,Corporate,Laptop,1,527,0.08,0.56,484.84000000000003,271.51040000000006,213.32959999999997,0.4399999999999999,2033-01,2033
2928,2031-12-18,North,Furniture,Consumer,Chair,8,1821,0.14,0.56,12528.48,7015.9488,5512.531199999999,0.43999999999999995,2031-12,2031
2929,2023-05-26,East,Furniture,Consumer,Chair,7,549,0.12,0.52,3381.84,1758.5568,1623.2832,0.48,2023-05,2023
2930,2031-04-29,East,Technology,Corporate,Desk,8,1749,0.11,0.71,12452.880000000001,8841.5448,3611.3352000000014,0.2900000000000001,2031-04,2031
2931,2027-01-02,South,Office Supplies,Consumer,Printer,1,885,0.03,0.65,858.4499999999999,557.9925,300.4575,0.35000000000000003,2027-01,2027
2932,2035-10-21,East,Furniture,Corporate,Storage,5,1664,0.16,0.53,6988.8,3704.0640000000003,3284.736,0.47,2035-10,2035
2933,2027-05-04,South,Office Supplies,Corporate,Printer,9,814,0.09,0.52,6666.66,3466.6632,3199.9968,0.48,2027-05,2027
2934,2024-04-27,South,Office Supplies,Corporate,Printer,5,101,0.2,0.46,404.0,185.84,218.16,0.54,2024-04,2024
2935,2031-09-15,West,Technology,Consumer,Printer,3,1201,0.1,0.55,3242.7000000000003,1783.4850000000004,1459.215,0.44999999999999996,2031-09,2031
2936,2026-06-03,South,Technology,Home Office,Desk,9,1447,0.13,0.61,11330.01,6911.3061,4418.7039,0.39,2026-06,2026
2937,2036-01-21,West,Technology,Corporate,Laptop,9,842,0.02,0.53,7426.44,3936.0132,3490.4267999999997,0.47,2036-01,2036
2938,2024-09-22,East,Furniture,Home Office,Desk,4,1221,0.3,0.66,3418.7999999999997,2256.408,1162.3919999999998,0.33999999999999997,2024-09,2024
2939,2024-10-23,South,Office Supplies,Consumer,Storage,4,1752,0.15,0.57,5956.8,3395.3759999999997,2561.4240000000004,0.43000000000000005,2024-10,2024
2940,2032-08-04,South,Furniture,Consumer,Laptop,8,209,0.01,0.54,1655.28,893.8512000000001,761.4287999999999,0.45999999999999996,2032-08,2032
2941,2030-10-23,North,Furniture,Home Office,Storage,7,778,0.16,0.73,4574.639999999999,3339.4871999999996,1235.1527999999998,0.27,2030-10,2030
2942,2029-10-02,South,Technology,Corporate,Phone,5,1580,0.26,0.53,5846.0,3098.38,2747.62,0.47,2029-10,2029
2943,2025-09-14,South,Office Supplies,Consumer,Phone,6,1611,0.23,0.57,7442.820000000001,4242.4074,3200.4126000000006,0.43000000000000005,2025-09,2025
2944,2027-03-27,North,Office Supplies,Corporate,Paper,3,1932,0.21,0.56,4578.84,2564.1504000000004,2014.6895999999997,0.43999999999999995,2027-03,2027
2945,2024-10-11,North,Technology,Corporate,Monitor,6,470,0.04,0.52,2707.2,1407.744,1299.456,0.48,2024-10,2024
2946,2025-08-26,East,Office Supplies,Home Office,Monitor,8,1460,0.2,0.52,9344.0,4858.88,4485.12,0.48,2025-08,2025
2947,2030-03-22,South,Technology,Consumer,Laptop,9,989,0.23,0.54,6853.77,3701.0358000000006,3152.7342,0.45999999999999996,2030-03,2030
2948,2026-01-05,East,Furniture,Home Office,Desk,3,698,0.17,0.71,1738.02,1233.9941999999999,504.0258000000001,0.2900000000000001,2026-01,2026
2949,2024-03-16,East,Furniture,Consumer,Storage,8,1145,0.27,0.68,6686.8,4547.024,2139.776,0.31999999999999995,2024-03,2024
2950,2025-02-08,North,Technology,Home Office,Storage,3,821,0.08,0.65,2265.96,1472.874,793.086,0.35,2025-02,2025
2951,2026-09-05,West,Furniture,Consumer,Monitor,2,404,0.07,0.59,751.4399999999999,443.34959999999995,308.0904,0.41000000000000003,2026-09,2026
2952,2034-12-07,East,Furniture,Consumer,Monitor,5,1023,0.26,0.6,3785.1,2271.06,1514.04,0.4,2034-12,2034
2953,2033-03-18,West,Technology,Consumer,Chair,4,1395,0.19,0.53,4519.8,2395.494,2124.306,0.47,2033-03,2033
2954,2033-09-11,South,Furniture,Corporate,Storage,5,1613,0.0,0.47,8065.0,3790.5499999999997,4274.450000000001,0.5300000000000001,2033-09,2033
2955,2027-04-27,North,Office Supplies,Corporate,Desk,6,935,0.11,0.55,4992.9,2746.095,2246.805,0.45,2027-04,2027
2956,2033-12-22,South,Furniture,Home Office,Chair,3,545,0.26,0.6,1209.9,725.94,483.96000000000004,0.4,2033-12,2033
2957,2032-03-05,South,Technology,Home Office,Desk,1,1031,0.01,0.47,1020.6899999999999,479.72429999999997,540.9657,0.53,2032-03,2032
2958,2036-02-17,North,Office Supplies,Consumer,Printer,4,377,0.0,0.48,1508.0,723.8399999999999,784.1600000000001,0.52,2036-02,2036
2959,2029-06-07,South,Office Supplies,Consumer,Storage,6,1774,0.08,0.53,9792.48,5190.0144,4602.4655999999995,0.47,2029-06,2029
2960,2032-11-11,North,Furniture,Corporate,Printer,2,1976,0.27,0.56,2884.96,1615.5776,1269.3824,0.44,2032-11,2032
2961,2026-05-26,West,Office Supplies,Corporate,Phone,2,476,0.27,0.57,694.96,396.12719999999996,298.8328000000001,0.4300000000000001,2026-05,2026
2962,2026-01-30,South,Technology,Corporate,Phone,1,331,0.16,0.49,278.03999999999996,136.23959999999997,141.8004,0.51,2026-01,2026
2963,2030-02-14,North,Office Supplies,Home Office,Laptop,9,1868,0.17,0.52,13953.96,7256.0592,6697.900799999999,0.48,2030-02,2030
2964,2026-04-05,East,Furniture,Corporate,Storage,3,691,0.1,0.53,1865.7,988.821,876.879,0.47,2026-04,2026
2965,2034-04-24,South,Furniture,Home Office,Monitor,2,525,0.07,0.47,976.4999999999999,458.9549999999999,517.545,0.53,2034-04,2034
2966,2036-04-01,West,Office Supplies,Corporate,Chair,4,1178,0.24,0.55,3581.12,1969.616,1611.504,0.45,2036-04,2036
2967,2035-03-07,North,Technology,Corporate,Printer,6,1926,0.03,0.47,11209.32,5268.3804,5940.9396,0.53,2035-03,2035
2968,2023-03-14,South,Technology,Consumer,Desk,1,540,0.15,0.66,459.0,302.94,156.06,0.34,2023-03,2023
2969,2028-03-29,South,Furniture,Home Office,Storage,9,133,0.19,0.57,969.57,552.6549,416.91510000000005,0.43000000000000005,2028-03,2028
2970,2029-10-08,South,Furniture,Corporate,Laptop,9,428,0.03,0.55,3736.44,2055.0420000000004,1681.3979999999997,0.4499999999999999,2029-10,2029
2971,2031-05-05,West,Technology,Consumer,Desk,8,944,0.16,0.49,6343.679999999999,3108.4031999999997,3235.2767999999996,0.51,2031-05,2031
2972,2024-12-08,North,Office Supplies,Home Office,Printer,6,553,0.17,0.52,2753.94,1432.0488,1321.8912,0.48,2024-12,2024
2973,2027-12-10,East,Office Supplies,Home Office,Storage,4,1511,0.22,0.52,4714.32,2451.4464,2262.8736,0.48,2027-12,2027
2974,2033-03-02,East,Office Supplies,Corporate,Monitor,2,863,0.07,0.75,1605.1799999999998,1203.8849999999998,401.2950000000001,0.25000000000000006,2033-03,2033
2975,2030-01-08,East,Office Supplies,Home Office,Printer,8,1553,0.09,0.7,11305.84,7914.088,3391.7520000000004,0.30000000000000004,2030-01,2030
2976,2029-10-11,North,Technology,Consumer,Storage,7,1599,0.17,0.45,9290.189999999999,4180.585499999999,5109.6044999999995,0.55,2029-10,2029
2977,2032-11-19,East,Furniture,Consumer,Storage,4,1248,0.29,0.64,3544.3199999999997,2268.3648,1275.9551999999999,0.36,2032-11,2032
2978,2034-08-26,West,Furniture,Home Office,Printer,3,622,0.07,0.53,1735.3799999999999,919.7514,815.6285999999999,0.47,2034-08,2034
2979,2030-09-24,North,Office Supplies,Consumer,Printer,6,581,0.3,0.48,2440.2,1171.2959999999998,1268.904,0.52,2030-09,2030
2980,2027-10-02,South,Technology,Home Office,Desk,1,416,0.21,0.66,328.64,216.9024,111.73759999999999,0.33999999999999997,2027-10,2027
2981,2027-05-05,West,Technology,Consumer,Laptop,2,221,0.25,0.49,331.5,162.435,169.065,0.51,2027-05,2027
2982,2023-03-08,South,Office Supplies,Home Office,Printer,7,1670,0.03,0.58,11339.3,6576.793999999999,4762.506,0.42000000000000004,2023-03,2023
2983,2031-05-20,East,Office Supplies,Home Office,Phone,3,680,0.09,0.64,1856.4,1188.096,668.3040000000001,0.36000000000000004,2031-05,2031
2984,2029-08-25,West,Office Supplies,Home Office,Paper,1,1436,0.02,0.62,1407.28,872.5136,534.7664,0.38,2029-08,2029
2985,2034-05-16,North,Furniture,Consumer,Laptop,2,586,0.11,0.74,1043.08,771.8792,271.20079999999996,0.25999999999999995,2034-05,2034
2986,2023-12-08,West,Office Supplies,Home Office,Phone,9,1774,0.29,0.69,11335.859999999999,7821.7433999999985,3514.1166000000003,0.31000000000000005,2023-12,2023
2987,2030-08-06,South,Furniture,Home Office,Desk,7,1135,0.03,0.68,7706.65,5240.522,2466.1279999999997,0.31999999999999995,2030-08,2030
2988,2030-09-18,North,Technology,Corporate,Printer,7,224,0.17,0.56,1301.4399999999998,728.8063999999999,572.6335999999999,0.43999999999999995,2030-09,2030
2989,2030-04-15,West,Technology,Corporate,Laptop,8,1934,0.0,0.45,15472.0,6962.400000000001,8509.599999999999,0.5499999999999999,2030-04,2030
2990,2026-05-17,West,Furniture,Home Office,Monitor,8,758,0.21,0.67,4790.56,3209.6752000000006,1580.8847999999998,0.32999999999999996,2026-05,2026
2991,2033-08-10,West,Furniture,Corporate,Printer,9,1200,0.06,0.75,10152.0,7614.0,2538.0,0.25,2033-08,2033
2992,2029-07-29,West,Furniture,Home Office,Storage,2,679,0.04,0.57,1303.68,743.0975999999999,560.5824000000001,0.43000000000000005,2029-07,2029
2993,2027-02-03,North,Furniture,Corporate,Printer,8,817,0.1,0.75,5882.400000000001,4411.8,1470.6000000000004,0.25000000000000006,2027-02,2027
2994,2034-07-13,South,Office Supplies,Consumer,Monitor,8,1359,0.23,0.49,8371.44,4102.0056,4269.4344,0.51,2034-07,2034
2995,2024-10-23,West,Technology,Consumer,Laptop,5,1694,0.03,0.54,8215.9,4436.586,3779.3139999999994,0.45999999999999996,2024-10,2024
2996,2033-08-19,North,Office Supplies,Home Office,Printer,5,869,0.07,0.5,4040.85,2020.425,2020.425,0.5,2033-08,2033
2997,2032-11-28,South,Furniture,Home Office,Printer,4,1377,0.0,0.59,5508.0,3249.72,2258.28,0.41000000000000003,2032-11,2032
2998,2028-02-12,West,Office Supplies,Consumer,Chair,5,1003,0.29,0.69,3560.6499999999996,2456.8484999999996,1103.8015,0.31000000000000005,2028-02,2028
2999,2029-05-23,South,Office Supplies,Consumer,Chair,2,505,0.18,0.55,828.2,455.51000000000005,372.69,0.44999999999999996,2029-05,2029
3000,2032-03-28,South,Technology,Corporate,Laptop,2,1366,0.22,0.72,2130.96,1534.2912,596.6688000000001,0.2800000000000001,2032-03,2032
3001,2025-10-13,North,Office Supplies,Home Office,Laptop,5,1584,0.2,0.61,6336.0,3864.96,2471.04,0.39,2025-10,2025
3002,2035-01-24,South,Technology,Consumer,Storage,3,376,0.04,0.59,1082.8799999999999,638.8992,443.98079999999993,0.41,2035-01,2035
3003,2023-07-27,North,Furniture,Consumer,Storage,1,1592,0.18,0.69,1305.44,900.7536,404.68640000000005,0.31,2023-07,2023
3004,2030-04-19,West,Office Supplies,Home Office,Paper,9,1343,0.04,0.48,11603.52,5569.6896,6033.830400000001,0.52,2030-04,2030
3005,2029-10-29,South,Furniture,Corporate,Printer,2,1348,0.12,0.68,2372.48,1613.2864000000002,759.1935999999998,0.31999999999999995,2029-10,2029
3006,2024-09-24,South,Technology,Corporate,Phone,2,1024,0.17,0.52,1699.84,883.9168,815.9232,0.48,2024-09,2024
3007,2028-10-03,East,Furniture,Corporate,Laptop,4,1224,0.17,0.53,4063.68,2153.7504,1909.9296,0.47000000000000003,2028-10,2028
3008,2031-02-07,West,Furniture,Corporate,Monitor,2,953,0.04,0.63,1829.76,1152.7488,677.0111999999999,0.36999999999999994,2031-02,2031
3009,2031-06-11,West,Technology,Consumer,Printer,7,1757,0.01,0.72,12176.01,8766.7272,3409.282800000001,0.2800000000000001,2031-06,2031
3010,2036-01-05,East,Furniture,Home Office,Phone,1,1853,0.24,0.62,1408.28,873.1336,535.1464,0.38,2036-01,2036
3011,2028-04-15,East,Furniture,Home Office,Chair,2,606,0.22,0.64,945.36,605.0304,340.3296,0.36000000000000004,2028-04,2028
3012,2033-03-08,North,Furniture,Consumer,Storage,5,1710,0.02,0.68,8379.0,5697.72,2681.2799999999997,0.31999999999999995,2033-03,2033
3013,2030-01-06,North,Office Supplies,Consumer,Monitor,2,1454,0.04,0.53,2791.68,1479.5904,1312.0895999999998,0.47,2030-01,2030
3014,2027-08-07,South,Furniture,Consumer,Laptop,9,336,0.27,0.7,2207.52,1545.264,662.2560000000001,0.30000000000000004,2027-08,2027
3015,2023-08-25,South,Technology,Home Office,Printer,4,1093,0.23,0.58,3366.44,1952.5351999999998,1413.9048000000003,0.42000000000000004,2023-08,2023
3016,2035-03-02,South,Office Supplies,Home Office,Chair,9,1462,0.3,0.5,9210.599999999999,4605.299999999999,4605.299999999999,0.5,2035-03,2035
3017,2035-12-09,South,Office Supplies,Home Office,Paper,1,851,0.08,0.56,782.9200000000001,438.43520000000007,344.4848,0.43999999999999995,2035-12,2035
3018,2027-03-21,North,Technology,Corporate,Desk,1,605,0.15,0.52,514.25,267.41,246.83999999999997,0.4799999999999999,2027-03,2027
3019,2033-10-18,West,Furniture,Consumer,Chair,1,264,0.07,0.52,245.51999999999998,127.6704,117.84959999999998,0.48,2033-10,2033
3020,2023-12-30,South,Office Supplies,Consumer,Printer,4,945,0.19,0.53,3061.8,1622.7540000000001,1439.046,0.47,2023-12,2023
3021,2029-06-26,West,Office Supplies,Consumer,Paper,9,1792,0.03,0.5,15644.16,7822.08,7822.08,0.5,2029-06,2029
3022,2023-10-13,South,Office Supplies,Home Office,Storage,8,1846,0.04,0.65,14177.279999999999,9215.232,4962.047999999999,0.3499999999999999,2023-10,2023
3023,2023-05-29,East,Furniture,Consumer,Phone,7,1912,0.02,0.62,13116.32,8132.118399999999,4984.2016,0.38000000000000006,2023-05,2023
3024,2034-01-20,South,Office Supplies,Consumer,Monitor,1,827,0.21,0.64,653.33,418.13120000000004,235.1988,0.36,2034-01,2034
3025,2035-06-18,South,Technology,Corporate,Monitor,3,1341,0.15,0.55,3419.5499999999997,1880.7525,1538.7974999999997,0.44999999999999996,2035-06,2035
3026,2027-11-02,South,Furniture,Home Office,Desk,9,1868,0.19,0.68,13617.720000000001,9260.049600000002,4357.670399999999,0.3199999999999999,2027-11,2027
3027,2036-05-27,North,Technology,Consumer,Monitor,9,475,0.26,0.49,3163.5,1550.115,1613.385,0.51,2036-05,2036
3028,2025-10-09,East,Technology,Home Office,Desk,5,1135,0.22,0.62,4426.5,2744.43,1682.0700000000002,0.38000000000000006,2025-10,2025
3029,2030-10-02,South,Office Supplies,Home Office,Paper,6,1555,0.14,0.53,8023.8,4252.6140000000005,3771.1859999999997,0.47,2030-10,2030
3030,2029-11-12,South,Office Supplies,Home Office,Storage,6,182,0.3,0.61,764.4,466.284,298.116,0.39,2029-11,2029
3031,2027-03-04,West,Office Supplies,Corporate,Desk,4,530,0.14,0.55,1823.2,1002.7600000000001,820.4399999999999,0.44999999999999996,2027-03,2027
3032,2030-08-17,East,Technology,Home Office,Laptop,1,1748,0.03,0.69,1695.56,1169.9363999999998,525.6236000000001,0.3100000000000001,2030-08,2030
3033,2029-12-31,South,Furniture,Home Office,Printer,5,577,0.3,0.72,2019.4999999999998,1454.0399999999997,565.46,0.28,2029-12,2029
3034,2033-03-14,West,Office Supplies,Home Office,Paper,1,882,0.01,0.67,873.18,585.0306,288.1493999999999,0.3299999999999999,2033-03,2033
3035,2035-07-13,West,Office Supplies,Consumer,Monitor,1,1830,0.16,0.5,1537.2,768.6,768.6,0.5,2035-07,2035
3036,2027-05-21,North,Technology,Corporate,Desk,5,468,0.09,0.53,2129.4,1128.582,1000.818,0.47,2027-05,2027
3037,2029-08-05,West,Furniture,Consumer,Chair,5,1776,0.15,0.73,7548.0,5510.04,2037.96,0.27,2029-08,2029
3038,2023-12-07,South,Technology,Corporate,Phone,7,1054,0.17,0.58,6123.74,3551.7691999999997,2571.9708,0.42000000000000004,2023-12,2023
3039,2030-09-18,North,Office Supplies,Corporate,Printer,2,1759,0.07,0.73,3271.74,2388.3702,883.3697999999999,0.27,2030-09,2030
3040,2029-11-01,North,Technology,Home Office,Storage,6,240,0.17,0.57,1195.2,681.264,513.936,0.43,2029-11,2029
3041,2036-07-01,South,Office Supplies,Home Office,Monitor,2,819,0.23,0.74,1261.26,933.3324,327.9276,0.26,2036-07,2036
3042,2027-09-22,East,Furniture,Consumer,Chair,5,1750,0.08,0.73,8050.0,5876.5,2173.5,0.27,2027-09,2027
3043,2027-08-17,West,Technology,Corporate,Laptop,4,1841,0.12,0.65,6480.32,4212.208,2268.112,0.35000000000000003,2027-08,2027
3044,2031-12-12,North,Office Supplies,Home Office,Desk,5,1579,0.08,0.45,7263.400000000001,3268.53,3994.8700000000003,0.55,2031-12,2031
3045,2035-01-24,East,Office Supplies,Home Office,Chair,2,1625,0.25,0.57,2437.5,1389.3749999999998,1048.1250000000002,0.4300000000000001,2035-01,2035
3046,2023-09-19,South,Office Supplies,Home Office,Printer,8,1526,0.22,0.72,9522.24,6856.0127999999995,2666.2272000000003,0.28,2023-09,2023
3047,2026-12-13,West,Office Supplies,Home Office,Monitor,8,1115,0.26,0.72,6600.8,4752.576,1848.2240000000002,0.28,2026-12,2026
3048,2024-02-10,West,Technology,Consumer,Chair,6,387,0.05,0.51,2205.9,1125.009,1080.891,0.49,2024-02,2024
3049,2028-12-30,North,Office Supplies,Consumer,Laptop,3,454,0.02,0.57,1334.76,760.8131999999999,573.9468,0.43000000000000005,2028-12,2028
3050,2035-02-24,West,Technology,Home Office,Phone,4,442,0.04,0.7,1697.28,1188.096,509.18399999999997,0.3,2035-02,2035
3051,2023-09-01,West,Office Supplies,Home Office,Paper,1,248,0.05,0.62,235.6,146.072,89.52799999999999,0.37999999999999995,2023-09,2023
3052,2035-07-22,West,Technology,Home Office,Desk,9,309,0.16,0.7,2336.04,1635.2279999999998,700.8120000000001,0.30000000000000004,2035-07,2035
3053,2034-03-31,West,Technology,Home Office,Printer,5,1235,0.29,0.7,4384.25,3068.975,1315.275,0.30000000000000004,2034-03,2034
3054,2024-07-14,South,Office Supplies,Home Office,Monitor,8,753,0.11,0.72,5361.36,3860.1791999999996,1501.1808,0.28,2024-07,2024
3055,2034-04-30,East,Office Supplies,Corporate,Paper,3,1075,0.29,0.49,2289.75,1121.9775,1167.7725,0.51,2034-04,2034
3056,2030-06-18,South,Office Supplies,Corporate,Desk,4,635,0.01,0.49,2514.6,1232.154,1282.446,0.51,2030-06,2030
3057,2024-08-16,South,Office Supplies,Corporate,Desk,4,1172,0.28,0.47,3375.3599999999997,1586.4191999999998,1788.9407999999999,0.53,2024-08,2024
3058,2028-01-01,North,Furniture,Corporate,Storage,8,1923,0.05,0.73,14614.8,10668.804,3945.995999999999,0.26999999999999996,2028-01,2028
3059,2031-11-04,West,Office Supplies,Home Office,Desk,9,430,0.27,0.59,2825.1,1666.809,1158.291,0.41,2031-11,2031
3060,2032-01-01,South,Office Supplies,Corporate,Chair,3,464,0.02,0.47,1364.16,641.1552,723.0048,0.53,2032-01,2032
3061,2034-02-25,West,Office Supplies,Corporate,Chair,7,110,0.28,0.55,554.4,304.92,249.47999999999996,0.44999999999999996,2034-02,2034
3062,2023-05-14,South,Technology,Consumer,Paper,9,1311,0.06,0.56,11091.06,6210.993600000001,4880.066399999999,0.4399999999999999,2023-05,2023
3063,2031-08-05,South,Office Supplies,Corporate,Phone,2,608,0.09,0.69,1106.56,763.5263999999999,343.0336000000001,0.3100000000000001,2031-08,2031
3064,2033-09-24,North,Technology,Corporate,Laptop,4,679,0.15,0.67,2308.6,1546.762,761.838,0.33,2033-09,2033
3065,2023-03-14,East,Technology,Home Office,Monitor,3,1568,0.11,0.66,4186.56,2763.1296,1423.4304000000002,0.34,2023-03,2023
3066,2035-04-22,East,Technology,Corporate,Paper,8,1213,0.2,0.46,7763.200000000001,3571.0720000000006,4192.128000000001,0.54,2035-04,2035
3067,2034-07-27,South,Technology,Corporate,Monitor,4,721,0.29,0.72,2047.6399999999999,1474.3007999999998,573.3392000000001,0.2800000000000001,2034-07,2034
3068,2031-02-26,North,Furniture,Home Office,Paper,9,1000,0.18,0.51,7380.000000000001,3763.8000000000006,3616.2000000000003,0.49,2031-02,2031
3069,2034-12-10,West,Office Supplies,Corporate,Printer,1,1799,0.22,0.64,1403.22,898.0608000000001,505.15919999999994,0.35999999999999993,2034-12,2034
3070,2028-06-08,West,Technology,Home Office,Chair,1,1571,0.03,0.47,1523.87,716.2189,807.6510999999999,0.53,2028-06,2028
3071,2025-03-03,South,Office Supplies,Corporate,Desk,4,817,0.19,0.47,2647.0800000000004,1244.1276,1402.9524000000004,0.53,2025-03,2025
3072,2034-08-30,East,Technology,Consumer,Laptop,3,1155,0.14,0.45,2979.9,1340.9550000000002,1638.945,0.5499999999999999,2034-08,2034
3073,2023-04-05,North,Furniture,Consumer,Paper,3,426,0.27,0.62,932.9399999999999,578.4227999999999,354.5172,0.38,2023-04,2023
3074,2026-02-07,East,Technology,Corporate,Printer,2,173,0.12,0.64,304.48,194.86720000000003,109.6128,0.35999999999999993,2026-02,2026
3075,2036-06-18,West,Office Supplies,Consumer,Monitor,2,350,0.2,0.47,560.0,263.2,296.8,0.53,2036-06,2036
3076,2023-08-26,East,Office Supplies,Home Office,Printer,8,549,0.07,0.54,4084.56,2205.6624,1878.8975999999998,0.45999999999999996,2023-08,2023
3077,2031-01-25,West,Furniture,Corporate,Printer,1,1005,0.08,0.71,924.6,656.466,268.134,0.29000000000000004,2031-01,2031
3078,2029-12-05,North,Office Supplies,Home Office,Monitor,8,454,0.11,0.48,3232.48,1551.5904,1680.8896,0.52,2029-12,2029
3079,2028-05-14,North,Office Supplies,Consumer,Printer,3,632,0.09,0.51,1725.3600000000001,879.9336000000001,845.4264000000001,0.49,2028-05,2028
3080,2025-11-14,South,Technology,Home Office,Phone,2,395,0.08,0.58,726.8000000000001,421.544,305.2560000000001,0.4200000000000001,2025-11,2025
3081,2029-12-04,South,Office Supplies,Consumer,Printer,9,397,0.01,0.7,3537.27,2476.089,1061.181,0.3,2029-12,2029
3082,2031-02-12,East,Technology,Consumer,Laptop,5,1451,0.25,0.53,5441.25,2883.8625,2557.3875,0.47,2031-02,2031
3083,2025-08-21,North,Furniture,Consumer,Paper,5,401,0.02,0.75,1964.8999999999999,1473.675,491.2249999999999,0.24999999999999997,2025-08,2025
3084,2024-06-20,North,Office Supplies,Home Office,Chair,6,611,0.27,0.56,2676.18,1498.6608,1177.5191999999997,0.43999999999999995,2024-06,2024
3085,2034-07-25,South,Technology,Consumer,Laptop,4,1461,0.04,0.57,5610.24,3197.8367999999996,2412.4032,0.43000000000000005,2034-07,2034
3086,2033-01-27,West,Office Supplies,Corporate,Desk,7,684,0.02,0.49,4692.24,2299.1976,2393.0424,0.51,2033-01,2033
3087,2034-06-19,East,Technology,Consumer,Storage,7,473,0.17,0.65,2748.1299999999997,1786.2844999999998,961.8454999999999,0.35000000000000003,2034-06,2034
3088,2033-03-13,East,Furniture,Corporate,Phone,9,1676,0.15,0.52,12821.4,6667.128,6154.272,0.48,2033-03,2033
3089,2024-06-26,South,Technology,Corporate,Phone,6,1217,0.15,0.64,6206.7,3972.288,2234.412,0.36,2024-06,2024
3090,2025-04-25,North,Office Supplies,Corporate,Desk,1,231,0.17,0.52,191.73,99.6996,92.03039999999999,0.4799999999999999,2025-04,2025
3091,2032-11-12,South,Technology,Corporate,Monitor,9,1734,0.09,0.57,14201.460000000001,8094.8322,6106.627800000001,0.43000000000000005,2032-11,2032
3092,2031-04-25,South,Office Supplies,Home Office,Laptop,9,1009,0.2,0.71,7264.8,5158.008,2106.7920000000004,0.29000000000000004,2031-04,2031
3093,2029-10-30,South,Furniture,Corporate,Laptop,5,152,0.15,0.67,646.0,432.82000000000005,213.17999999999995,0.3299999999999999,2029-10,2029
3094,2035-04-13,South,Technology,Consumer,Desk,7,1619,0.1,0.5,10199.7,5099.85,5099.85,0.5,2035-04,2035
3095,2030-06-12,West,Office Supplies,Corporate,Monitor,1,328,0.25,0.63,246.0,154.98,91.02000000000001,0.37000000000000005,2030-06,2030
3096,2028-02-28,West,Office Supplies,Consumer,Storage,4,739,0.22,0.64,2305.6800000000003,1475.6352000000002,830.0448000000001,0.36,2028-02,2028
3097,2034-05-01,North,Office Supplies,Home Office,Printer,4,1335,0.12,0.48,4699.2,2255.616,2443.584,0.52,2034-05,2034
3098,2034-11-28,South,Technology,Corporate,Monitor,5,896,0.25,0.59,3360.0,1982.3999999999999,1377.6000000000001,0.41000000000000003,2034-11,2034
3099,2031-10-07,West,Technology,Consumer,Paper,6,890,0.28,0.53,3844.7999999999997,2037.744,1807.0559999999998,0.47,2031-10,2031
3100,2030-06-03,North,Technology,Home Office,Printer,4,1627,0.16,0.59,5466.719999999999,3225.3647999999994,2241.3552,0.41000000000000003,2030-06,2030
3101,2028-05-07,South,Furniture,Home Office,Paper,6,594,0.06,0.68,3350.16,2278.1088,1072.0511999999999,0.31999999999999995,2028-05,2028
3102,2035-12-21,East,Office Supplies,Consumer,Chair,7,952,0.27,0.5,4864.72,2432.36,2432.36,0.5,2035-12,2035
3103,2033-07-17,West,Office Supplies,Corporate,Laptop,3,770,0.06,0.49,2171.4,1063.986,1107.414,0.51,2033-07,2033
3104,2024-11-20,North,Furniture,Home Office,Laptop,9,1987,0.01,0.53,17704.17,9383.2101,8320.959899999998,0.4699999999999999,2024-11,2024
3105,2028-05-04,East,Furniture,Consumer,Desk,8,1356,0.1,0.74,9763.2,7224.768,2538.4320000000007,0.26000000000000006,2028-05,2028
3106,2024-04-01,South,Technology,Corporate,Desk,1,1194,0.22,0.67,931.32,623.9844,307.3356,0.32999999999999996,2024-04,2024
3107,2028-10-31,South,Technology,Home Office,Printer,2,1840,0.28,0.46,2649.6,1218.816,1430.7839999999999,0.5399999999999999,2028-10,2028
3108,2033-11-20,South,Technology,Consumer,Monitor,2,288,0.19,0.57,466.56000000000006,265.9392,200.62080000000003,0.43,2033-11,2033
3109,2034-08-15,West,Technology,Home Office,Laptop,9,762,0.29,0.53,4869.179999999999,2580.6654,2288.5145999999995,0.47,2034-08,2034
3110,2026-03-25,North,Technology,Home Office,Laptop,9,107,0.03,0.64,934.11,597.8304,336.27959999999996,0.35999999999999993,2026-03,2026
3111,2034-09-25,East,Technology,Consumer,Phone,9,431,0.02,0.59,3801.42,2242.8378,1558.5822000000003,0.4100000000000001,2034-09,2034
3112,2032-10-05,North,Furniture,Home Office,Paper,1,1735,0.18,0.74,1422.7,1052.798,369.90200000000004,0.26,2032-10,2032
3113,2025-06-01,West,Furniture,Consumer,Chair,7,1139,0.29,0.52,5660.83,2943.6316,2717.1983999999998,0.48,2025-06,2025
3114,2024-02-04,North,Furniture,Corporate,Chair,3,765,0.15,0.63,1950.75,1228.9725,721.7774999999999,0.36999999999999994,2024-02,2024
3115,2024-08-31,West,Office Supplies,Consumer,Paper,9,768,0.02,0.66,6773.76,4470.681600000001,2303.0783999999994,0.3399999999999999,2024-08,2024
3116,2027-06-27,South,Office Supplies,Corporate,Printer,8,1216,0.07,0.7,9047.039999999999,6332.927999999999,2714.112,0.30000000000000004,2027-06,2027
3117,2028-11-18,East,Technology,Home Office,Storage,3,1385,0.07,0.57,3864.1499999999996,2202.5654999999997,1661.5845,0.43000000000000005,2028-11,2028
3118,2026-10-14,South,Furniture,Consumer,Monitor,1,1672,0.1,0.66,1504.8,993.168,511.63199999999995,0.33999999999999997,2026-10,2026
3119,2026-11-04,North,Office Supplies,Consumer,Laptop,9,260,0.01,0.54,2316.6,1250.964,1065.636,0.46,2026-11,2026
3120,2025-03-30,South,Office Supplies,Consumer,Phone,1,450,0.27,0.58,328.5,190.52999999999997,137.97000000000003,0.4200000000000001,2025-03,2025
3121,2032-01-06,East,Furniture,Consumer,Monitor,3,1297,0.15,0.72,3307.35,2381.292,926.058,0.28,2032-01,2032
3122,2025-03-30,South,Office Supplies,Corporate,Laptop,6,416,0.2,0.73,1996.8000000000002,1457.664,539.1360000000002,0.2700000000000001,2025-03,2025
3123,2024-02-24,East,Office Supplies,Corporate,Desk,6,1036,0.02,0.67,6091.68,4081.4256000000005,2010.2543999999998,0.32999999999999996,2024-02,2024
3124,2034-07-21,East,Furniture,Home Office,Monitor,4,117,0.02,0.56,458.64,256.83840000000004,201.80159999999995,0.4399999999999999,2034-07,2034
3125,2035-05-15,South,Office Supplies,Home Office,Printer,2,585,0.18,0.7,959.4000000000001,671.58,287.82000000000005,0.30000000000000004,2035-05,2035
3126,2032-01-16,West,Furniture,Home Office,Monitor,6,466,0.27,0.46,2041.08,938.8968,1102.1832,0.54,2032-01,2032
3127,2027-02-17,North,Office Supplies,Home Office,Storage,5,450,0.16,0.48,1890.0,907.1999999999999,982.8000000000001,0.52,2027-02,2027
3128,2025-02-06,West,Furniture,Consumer,Monitor,6,627,0.26,0.65,2783.88,1809.5220000000002,974.358,0.35,2025-02,2025
3129,2028-08-06,West,Office Supplies,Corporate,Monitor,7,971,0.24,0.54,5165.72,2789.4888000000005,2376.2311999999997,0.4599999999999999,2028-08,2028
3130,2028-11-09,South,Office Supplies,Corporate,Monitor,9,1558,0.02,0.74,13741.56,10168.7544,3572.8055999999997,0.26,2028-11,2028
3131,2031-04-18,North,Furniture,Corporate,Chair,7,1032,0.06,0.58,6790.5599999999995,3938.5247999999992,2852.0352000000003,0.4200000000000001,2031-04,2031
3132,2027-03-30,North,Office Supplies,Corporate,Laptop,4,369,0.2,0.58,1180.8,684.8639999999999,495.93600000000004,0.42000000000000004,2027-03,2027
3133,2027-10-31,West,Furniture,Home Office,Storage,5,970,0.13,0.65,4219.5,2742.675,1476.8249999999998,0.35,2027-10,2027
3134,2030-03-30,South,Furniture,Consumer,Paper,6,1191,0.09,0.68,6502.860000000001,4421.944800000001,2080.9151999999995,0.3199999999999999,2030-03,2030
3135,2033-03-05,North,Office Supplies,Corporate,Printer,9,1153,0.13,0.59,9027.99,5326.514099999999,3701.4759000000004,0.41000000000000003,2033-03,2033
3136,2035-08-11,West,Technology,Consumer,Paper,5,415,0.13,0.51,1805.25,920.6775,884.5725,0.49,2035-08,2035
3137,2035-04-09,North,Office Supplies,Consumer,Chair,5,1944,0.27,0.68,7095.599999999999,4825.008,2270.5919999999996,0.31999999999999995,2035-04,2035
3138,2029-04-12,South,Technology,Consumer,Laptop,7,836,0.03,0.55,5676.44,3122.042,2554.3979999999997,0.44999999999999996,2029-04,2029
3139,2036-03-30,South,Technology,Consumer,Phone,2,263,0.08,0.5,483.92,241.96,241.96,0.5,2036-03,2036
3140,2030-06-01,South,Office Supplies,Corporate,Printer,3,1025,0.16,0.64,2583.0,1653.1200000000001,929.8799999999999,0.35999999999999993,2030-06,2030
3141,2025-06-19,North,Technology,Corporate,Laptop,2,419,0.21,0.48,662.02,317.76959999999997,344.2504,0.52,2025-06,2025
3142,2031-06-12,East,Furniture,Corporate,Chair,2,1137,0.19,0.74,1841.94,1363.0356,478.9044000000001,0.26000000000000006,2031-06,2031
3143,2028-07-02,North,Furniture,Home Office,Chair,3,378,0.28,0.64,816.48,522.5472,293.93280000000004,0.36000000000000004,2028-07,2028
3144,2023-08-30,East,Technology,Corporate,Phone,6,531,0.24,0.75,2421.36,1816.02,605.3400000000001,0.25000000000000006,2023-08,2023
3145,2029-07-13,South,Furniture,Home Office,Printer,5,767,0.17,0.55,3183.0499999999997,1750.6775,1432.3724999999997,0.44999999999999996,2029-07,2029
3146,2034-09-08,West,Office Supplies,Home Office,Printer,5,733,0.06,0.74,3445.1,2549.374,895.7260000000001,0.26000000000000006,2034-09,2034
3147,2024-11-02,East,Furniture,Home Office,Storage,2,1386,0.14,0.49,2383.92,1168.1208,1215.7992000000002,0.51,2024-11,2024
3148,2023-06-13,South,Technology,Corporate,Laptop,2,1805,0.21,0.46,2851.9,1311.874,1540.026,0.54,2023-06,2023
3149,2024-04-09,South,Office Supplies,Corporate,Storage,1,621,0.25,0.46,465.75,214.245,251.505,0.54,2024-04,2024
3150,2031-05-01,East,Furniture,Corporate,Chair,3,1063,0.29,0.59,2264.19,1335.8721,928.3179,0.41,2031-05,2031
3151,2035-07-29,West,Office Supplies,Home Office,Paper,7,1295,0.18,0.47,7433.3,3493.651,3939.6490000000003,0.53,2035-07,2035
3152,2036-02-17,South,Technology,Home Office,Chair,5,457,0.16,0.6,1919.3999999999999,1151.6399999999999,767.76,0.4,2036-02,2036
3153,2029-09-08,East,Furniture,Consumer,Monitor,7,1136,0.01,0.55,7872.48,4329.8640000000005,3542.615999999999,0.4499999999999999,2029-09,2029
3154,2036-02-20,West,Office Supplies,Home Office,Phone,9,824,0.02,0.55,7267.68,3997.2240000000006,3270.4559999999997,0.44999999999999996,2036-02,2036
3155,2029-06-13,West,Office Supplies,Home Office,Phone,6,772,0.05,0.64,4400.4,2816.256,1584.1439999999998,0.36,2029-06,2029
3156,2034-09-18,South,Furniture,Corporate,Paper,2,331,0.02,0.5,648.76,324.38,324.38,0.5,2034-09,2034
3157,2035-12-08,North,Office Supplies,Consumer,Paper,1,1599,0.12,0.68,1407.1200000000001,956.8416000000002,450.2783999999999,0.3199999999999999,2035-12,2035
3158,2030-01-01,North,Office Supplies,Consumer,Printer,1,570,0.1,0.62,513.0,318.06,194.94,0.38,2030-01,2030
3159,2024-06-29,South,Technology,Consumer,Paper,9,1283,0.19,0.72,9353.07,6734.2104,2618.8596,0.27999999999999997,2024-06,2024
3160,2035-12-03,West,Technology,Corporate,Storage,6,738,0.16,0.56,3719.52,2082.9312,1636.5888,0.44,2035-12,2035
3161,2033-07-02,South,Technology,Consumer,Chair,6,659,0.18,0.74,3242.28,2399.2872,842.9928,0.25999999999999995,2033-07,2033
3162,2024-08-16,East,Technology,Consumer,Monitor,4,1384,0.14,0.62,4760.96,2951.7952,1809.1648,0.38,2024-08,2024
3163,2036-04-01,North,Technology,Corporate,Laptop,2,672,0.08,0.74,1236.48,914.9952,321.48480000000006,0.26000000000000006,2036-04,2036
3164,2033-06-01,East,Technology,Consumer,Monitor,3,1757,0.29,0.46,3742.41,1721.5086000000001,2020.9013999999997,0.5399999999999999,2033-06,2033
3165,2026-12-30,South,Furniture,Home Office,Desk,3,701,0.03,0.67,2039.9099999999999,1366.7397,673.1702999999998,0.3299999999999999,2026-12,2026
3166,2032-07-25,South,Technology,Home Office,Laptop,8,1482,0.28,0.69,8536.32,5890.060799999999,2646.2592000000004,0.31000000000000005,2032-07,2032
3167,2030-02-14,West,Office Supplies,Home Office,Phone,6,354,0.09,0.47,1932.8400000000001,908.4348,1024.4052000000001,0.53,2030-02,2030
3168,2029-09-10,West,Furniture,Home Office,Laptop,7,701,0.15,0.62,4170.95,2585.989,1584.9609999999998,0.37999999999999995,2029-09,2029
3169,2030-04-26,West,Office Supplies,Home Office,Paper,9,1638,0.03,0.69,14299.74,9866.8206,4432.919400000001,0.31000000000000005,2030-04,2030
3170,2034-07-02,East,Technology,Home Office,Chair,1,379,0.02,0.62,371.42,230.28040000000001,141.1396,0.38,2034-07,2034
3171,2023-01-17,West,Technology,Home Office,Storage,2,216,0.13,0.47,375.84,176.64479999999998,199.1952,0.53,2023-01,2023
3172,2031-09-27,South,Office Supplies,Home Office,Paper,9,709,0.22,0.66,4977.18,3284.9388000000004,1692.2412,0.33999999999999997,2031-09,2031
3173,2024-01-28,West,Office Supplies,Home Office,Paper,5,1285,0.08,0.47,5911.0,2778.1699999999996,3132.8300000000004,0.53,2024-01,2024
3174,2024-02-29,North,Office Supplies,Corporate,Monitor,4,951,0.17,0.7,3157.3199999999997,2210.124,947.1959999999999,0.3,2024-02,2024
3175,2024-07-25,West,Furniture,Corporate,Printer,1,397,0.08,0.46,365.24,168.0104,197.2296,0.54,2024-07,2024
3176,2032-12-10,East,Technology,Home Office,Storage,9,1015,0.12,0.49,8038.8,3939.012,4099.7880000000005,0.51,2032-12,2032
3177,2026-01-25,North,Office Supplies,Corporate,Desk,9,1420,0.27,0.53,9329.4,4944.582,4384.817999999999,0.4699999999999999,2026-01,2026
3178,2023-08-30,North,Technology,Corporate,Printer,4,1717,0.26,0.64,5082.32,3252.6848,1829.6351999999997,0.36,2023-08,2023
3179,2033-09-02,North,Office Supplies,Home Office,Desk,9,1481,0.15,0.74,11329.65,8383.940999999999,2945.7090000000007,0.26000000000000006,2033-09,2033
3180,2034-03-19,East,Technology,Home Office,Desk,1,1783,0.07,0.49,1658.1899999999998,812.5130999999999,845.6768999999999,0.51,2034-03,2034
3181,2029-03-29,South,Furniture,Corporate,Chair,5,617,0.06,0.49,2899.8999999999996,1420.9509999999998,1478.9489999999998,0.51,2029-03,2029
3182,2025-02-27,West,Technology,Home Office,Chair,1,477,0.29,0.56,338.66999999999996,189.6552,149.01479999999995,0.4399999999999999,2025-02,2025
3183,2024-12-15,North,Office Supplies,Home Office,Paper,4,1820,0.06,0.7,6843.2,4790.24,2052.96,0.3,2024-12,2024
3184,2036-04-16,North,Technology,Home Office,Phone,5,525,0.24,0.59,1995.0,1177.05,817.95,0.41000000000000003,2036-04,2036
3185,2030-10-20,North,Furniture,Home Office,Phone,3,1887,0.11,0.55,5038.29,2771.0595000000003,2267.2304999999997,0.44999999999999996,2030-10,2030
3186,2025-02-14,South,Furniture,Corporate,Desk,2,636,0.3,0.62,890.4,552.048,338.352,0.38,2025-02,2025
3187,2034-01-09,South,Technology,Consumer,Storage,6,652,0.11,0.53,3481.68,1845.2904,1636.3895999999997,0.47,2034-01,2034
3188,2029-02-25,East,Office Supplies,Corporate,Phone,3,268,0.11,0.57,715.5600000000001,407.8692,307.6908000000001,0.4300000000000001,2029-02,2029
3189,2023-03-20,South,Furniture,Consumer,Chair,1,614,0.19,0.55,497.34000000000003,273.53700000000003,223.803,0.44999999999999996,2023-03,2023
3190,2033-10-01,West,Furniture,Consumer,Phone,5,1487,0.29,0.69,5278.849999999999,3642.406499999999,1636.4435000000003,0.3100000000000001,2033-10,2033
3191,2025-05-05,East,Technology,Consumer,Desk,2,1806,0.29,0.73,2564.52,1872.0996,692.4204,0.27,2025-05,2025
3192,2028-11-18,East,Furniture,Corporate,Monitor,2,529,0.21,0.68,835.82,568.3576,267.4624,0.32,2028-11,2028
3193,2025-10-28,West,Furniture,Corporate,Printer,4,668,0.23,0.58,2057.44,1193.3152,864.1248,0.42000000000000004,2025-10,2025
3194,2036-07-11,West,Office Supplies,Corporate,Storage,4,182,0.17,0.6,604.24,362.544,241.69600000000003,0.4,2036-07,2036
3195,2031-12-16,West,Office Supplies,Corporate,Storage,4,429,0.23,0.49,1321.32,647.4467999999999,673.8732,0.51,2031-12,2031
3196,2032-10-16,East,Office Supplies,Corporate,Laptop,7,790,0.26,0.67,4092.2,2741.774,1350.426,0.33,2032-10,2032
3197,2034-06-14,East,Technology,Consumer,Paper,1,1256,0.15,0.63,1067.6,672.588,395.01199999999994,0.37,2034-06,2034
3198,2032-06-18,East,Furniture,Corporate,Phone,8,1721,0.19,0.72,11152.08,8029.4976,3122.5824000000002,0.28,2032-06,2032
3199,2032-08-07,West,Technology,Consumer,Paper,9,556,0.16,0.51,4203.36,2143.7136,2059.6463999999996,0.48999999999999994,2032-08,2032
3200,2024-02-12,West,Furniture,Corporate,Paper,6,452,0.17,0.68,2250.96,1530.6528,720.3072,0.32,2024-02,2024
3201,2030-06-04,North,Furniture,Corporate,Storage,4,1906,0.27,0.66,5565.5199999999995,3673.2432,1892.2767999999996,0.33999999999999997,2030-06,2030
3202,2031-06-16,South,Furniture,Home Office,Monitor,6,443,0.11,0.53,2365.62,1253.7786,1111.8413999999998,0.4699999999999999,2031-06,2031
3203,2027-07-27,North,Office Supplies,Consumer,Monitor,7,1217,0.06,0.65,8007.86,5205.109,2802.7509999999993,0.3499999999999999,2027-07,2027
3204,2023-05-28,West,Technology,Corporate,Chair,6,1505,0.14,0.73,7765.8,5669.034,2096.7660000000005,0.2700000000000001,2023-05,2023
3205,2034-11-06,East,Technology,Corporate,Printer,1,1991,0.06,0.73,1871.54,1366.2241999999999,505.3158000000001,0.2700000000000001,2034-11,2034
3206,2033-09-02,West,Furniture,Corporate,Chair,5,861,0.15,0.67,3659.25,2451.6975,1207.5524999999998,0.32999999999999996,2033-09,2033
3207,2028-05-04,South,Technology,Home Office,Phone,8,1418,0.27,0.46,8281.119999999999,3809.3151999999995,4471.8048,0.54,2028-05,2028
3208,2024-01-01,North,Office Supplies,Consumer,Desk,8,297,0.19,0.71,1924.5600000000002,1366.4376,558.1224000000002,0.2900000000000001,2024-01,2024
3209,2027-08-02,North,Technology,Corporate,Monitor,9,178,0.26,0.65,1185.48,770.562,414.918,0.35,2027-08,2027
3210,2035-05-29,East,Furniture,Corporate,Monitor,4,777,0.05,0.54,2952.6,1594.404,1358.196,0.45999999999999996,2035-05,2035
3211,2035-04-22,North,Office Supplies,Corporate,Laptop,6,650,0.27,0.51,2847.0,1451.97,1395.03,0.49,2035-04,2035
3212,2029-12-21,North,Office Supplies,Home Office,Laptop,7,919,0.18,0.48,5275.06,2532.0288,2743.0312000000004,0.52,2029-12,2029
3213,2024-07-16,West,Furniture,Corporate,Monitor,5,313,0.01,0.47,1549.35,728.1945,821.1555,0.53,2024-07,2024
3214,2032-10-02,North,Technology,Consumer,Printer,8,1766,0.19,0.68,11443.68,7781.702400000001,3661.9775999999993,0.31999999999999995,2032-10,2032
3215,2029-10-25,North,Furniture,Consumer,Storage,3,768,0.29,0.52,1635.84,850.6368,785.2031999999999,0.48,2029-10,2029
3216,2025-02-11,North,Technology,Consumer,Storage,8,1088,0.02,0.46,8529.92,3923.7632000000003,4606.1568,0.5399999999999999,2025-02,2025
3217,2028-07-30,East,Technology,Consumer,Monitor,5,993,0.17,0.57,4120.95,2348.9415,1772.0085,0.43,2028-07,2028
3218,2032-05-16,East,Office Supplies,Corporate,Storage,1,258,0.27,0.59,188.34,111.1206,77.21940000000001,0.41000000000000003,2032-05,2032
3219,2030-01-11,West,Furniture,Home Office,Laptop,6,1957,0.0,0.5,11742.0,5871.0,5871.0,0.5,2030-01,2030
3220,2027-04-23,North,Office Supplies,Home Office,Desk,2,838,0.19,0.46,1357.5600000000002,624.4776,733.0824000000001,0.54,2027-04,2027
3221,2033-02-11,East,Furniture,Home Office,Storage,7,656,0.14,0.51,3949.12,2014.0511999999999,1935.0688,0.49,2033-02,2033
3222,2032-01-05,East,Furniture,Corporate,Paper,9,300,0.1,0.65,2430.0,1579.5,850.5,0.35,2032-01,2032
3223,2026-05-31,West,Office Supplies,Home Office,Chair,3,121,0.19,0.47,294.03000000000003,138.19410000000002,155.8359,0.53,2026-05,2026
3224,2033-03-08,South,Furniture,Consumer,Monitor,4,1462,0.02,0.62,5731.04,3553.2448,2177.7952,0.38,2033-03,2033
3225,2033-07-06,North,Furniture,Corporate,Storage,4,1365,0.23,0.49,4204.2,2060.058,2144.142,0.51,2033-07,2033
3226,2023-12-26,East,Technology,Home Office,Paper,4,1864,0.0,0.51,7456.0,3802.56,3653.44,0.49,2023-12,2023
3227,2029-07-04,West,Furniture,Consumer,Desk,3,1361,0.09,0.57,3715.53,2117.8521,1597.6779000000001,0.43,2029-07,2029
3228,2031-03-29,West,Furniture,Consumer,Monitor,5,1272,0.15,0.48,5406.0,2594.88,2811.12,0.52,2031-03,2031
3229,2031-03-13,West,Office Supplies,Corporate,Paper,9,884,0.11,0.5,7080.84,3540.42,3540.42,0.5,2031-03,2031
3230,2025-08-20,East,Office Supplies,Corporate,Printer,8,1702,0.09,0.55,12390.560000000001,6814.808000000001,5575.752,0.45,2025-08,2025
3231,2032-12-11,North,Furniture,Home Office,Printer,2,106,0.25,0.55,159.0,87.45,71.55,0.44999999999999996,2032-12,2032
3232,2028-01-02,South,Technology,Home Office,Paper,9,1356,0.28,0.67,8786.88,5887.2096,2899.670399999999,0.3299999999999999,2028-01,2028
3233,2027-06-02,North,Technology,Home Office,Laptop,2,1992,0.26,0.47,2948.16,1385.6352,1562.5248,0.53,2027-06,2027
3234,2027-06-29,West,Office Supplies,Corporate,Desk,7,903,0.16,0.71,5309.639999999999,3769.8443999999995,1539.7956,0.29000000000000004,2027-06,2027
3235,2029-01-25,West,Furniture,Home Office,Paper,5,867,0.27,0.69,3164.5499999999997,2183.5395,981.0104999999999,0.31,2029-01,2029
3236,2034-10-22,South,Furniture,Home Office,Chair,7,678,0.28,0.68,3417.12,2323.6416,1093.4784,0.32,2034-10,2034
3237,2024-01-13,North,Technology,Consumer,Desk,5,1885,0.12,0.54,8294.0,4478.76,3815.24,0.45999999999999996,2024-01,2024
3238,2034-07-16,West,Technology,Consumer,Chair,6,1200,0.09,0.7,6552.0,4586.4,1965.6000000000004,0.30000000000000004,2034-07,2034
3239,2034-09-25,West,Technology,Consumer,Chair,8,588,0.03,0.5,4562.88,2281.44,2281.44,0.5,2034-09,2034
3240,2024-01-05,North,Office Supplies,Home Office,Desk,1,1025,0.14,0.49,881.5,431.935,449.565,0.51,2024-01,2024
3241,2029-01-05,West,Furniture,Corporate,Monitor,1,186,0.28,0.46,133.92,61.603199999999994,72.3168,0.54,2029-01,2029
3242,2033-04-05,North,Office Supplies,Consumer,Phone,5,1887,0.17,0.73,7831.049999999999,5716.666499999999,2114.3835,0.27,2033-04,2033
3243,2024-10-13,West,Furniture,Corporate,Desk,1,321,0.2,0.54,256.8,138.67200000000003,118.12799999999999,0.4599999999999999,2024-10,2024
3244,2025-02-08,North,Office Supplies,Home Office,Paper,3,512,0.03,0.73,1489.92,1087.6416,402.27840000000015,0.2700000000000001,2025-02,2025
3245,2029-08-18,South,Furniture,Home Office,Monitor,9,683,0.04,0.53,5901.12,3127.5936,2773.5263999999997,0.47,2029-08,2029
3246,2025-02-19,West,Technology,Consumer,Chair,7,301,0.14,0.72,1812.02,1304.6544,507.3656000000001,0.28,2025-02,2025
3247,2027-09-13,South,Technology,Corporate,Monitor,6,670,0.29,0.72,2854.2,2055.024,799.1759999999999,0.27999999999999997,2027-09,2027
3248,2033-11-27,West,Technology,Consumer,Monitor,8,1399,0.11,0.73,9960.880000000001,7271.442400000001,2689.4376,0.27,2033-11,2033
3249,2026-08-04,West,Office Supplies,Home Office,Storage,8,320,0.26,0.6,1894.4,1136.64,757.76,0.39999999999999997,2026-08,2026
3250,2032-03-13,East,Technology,Corporate,Paper,6,256,0.04,0.71,1474.56,1046.9376,427.62239999999997,0.29,2032-03,2032
3251,2024-06-06,North,Furniture,Consumer,Printer,4,1304,0.19,0.74,4224.96,3126.4704,1098.4895999999999,0.25999999999999995,2024-06,2024
3252,2024-06-05,South,Office Supplies,Home Office,Printer,4,1848,0.18,0.55,6061.4400000000005,3333.7920000000004,2727.648,0.45,2024-06,2024
3253,2036-05-10,South,Furniture,Consumer,Paper,4,228,0.26,0.58,674.88,391.43039999999996,283.44960000000003,0.42000000000000004,2036-05,2036
3254,2029-05-09,South,Office Supplies,Corporate,Paper,6,1366,0.0,0.67,8196.0,5491.320000000001,2704.6799999999994,0.3299999999999999,2029-05,2029
3255,2025-07-24,North,Furniture,Corporate,Laptop,1,1295,0.06,0.54,1217.3,657.342,559.958,0.46,2025-07,2025
3256,2029-02-08,East,Furniture,Corporate,Printer,2,1626,0.07,0.68,3024.3599999999997,2056.5648,967.7951999999996,0.3199999999999999,2029-02,2029
3257,2034-01-23,South,Office Supplies,Corporate,Phone,6,1603,0.28,0.47,6924.96,3254.7311999999997,3670.2288000000003,0.53,2034-01,2034
3258,2035-07-20,North,Office Supplies,Corporate,Chair,1,976,0.05,0.61,927.1999999999999,565.592,361.60799999999995,0.38999999999999996,2035-07,2035
3259,2036-07-12,West,Technology,Consumer,Desk,9,369,0.01,0.49,3287.79,1611.0171,1676.7729,0.51,2036-07,2036
3260,2033-02-14,South,Technology,Consumer,Desk,6,1544,0.16,0.54,7781.759999999999,4202.1503999999995,3579.6096,0.46,2033-02,2033
3261,2030-10-08,South,Furniture,Consumer,Phone,7,262,0.16,0.53,1540.56,816.4968,724.0631999999999,0.47,2030-10,2030
3262,2034-03-07,East,Furniture,Consumer,Printer,1,1054,0.25,0.7,790.5,553.3499999999999,237.1500000000001,0.3000000000000001,2034-03,2034
3263,2029-09-27,South,Furniture,Home Office,Chair,8,123,0.28,0.51,708.48,361.32480000000004,347.1552,0.48999999999999994,2029-09,2029
3264,2031-11-18,South,Office Supplies,Home Office,Printer,5,596,0.16,0.69,2503.2,1727.2079999999996,775.9920000000002,0.3100000000000001,2031-11,2031
3265,2032-03-13,West,Office Supplies,Consumer,Monitor,5,292,0.28,0.69,1051.2,725.328,325.87200000000007,0.31000000000000005,2032-03,2032
3266,2024-11-16,North,Technology,Home Office,Laptop,6,977,0.22,0.6,4572.360000000001,2743.416,1828.9440000000004,0.4,2024-11,2024
3267,2028-11-30,North,Furniture,Home Office,Printer,7,489,0.08,0.52,3149.1600000000003,1637.5632000000003,1511.5968,0.48,2028-11,2028
3268,2033-12-02,East,Technology,Corporate,Laptop,7,596,0.28,0.52,3003.8399999999997,1561.9968,1441.8431999999998,0.48,2033-12,2033
3269,2034-02-18,West,Office Supplies,Consumer,Paper,5,1063,0.2,0.59,4252.0,2508.68,1743.3200000000002,0.41000000000000003,2034-02,2034
3270,2027-04-17,North,Office Supplies,Home Office,Paper,1,905,0.12,0.45,796.4,358.38,438.02,0.55,2027-04,2027
3271,2023-02-08,West,Office Supplies,Home Office,Desk,9,228,0.2,0.61,1641.6000000000001,1001.3760000000001,640.224,0.39,2023-02,2023
3272,2029-12-19,North,Technology,Consumer,Chair,6,1120,0.12,0.74,5913.6,4376.064,1537.536,0.26,2029-12,2029
3273,2036-05-07,West,Office Supplies,Corporate,Storage,9,652,0.03,0.5,5691.96,2845.98,2845.98,0.5,2036-05,2036
3274,2026-06-10,East,Furniture,Consumer,Monitor,4,1666,0.22,0.62,5197.92,3222.7104,1975.2096000000001,0.38,2026-06,2026
3275,2031-03-10,South,Technology,Corporate,Laptop,2,1159,0.25,0.74,1738.5,1286.49,452.01,0.26,2031-03,2031
3276,2029-01-05,East,Office Supplies,Home Office,Printer,3,1580,0.22,0.71,3697.2000000000003,2625.012,1072.188,0.29,2029-01,2029
3277,2032-06-30,North,Technology,Corporate,Paper,4,460,0.07,0.71,1711.1999999999998,1214.9519999999998,496.24800000000005,0.29000000000000004,2032-06,2032
3278,2030-06-01,East,Technology,Corporate,Monitor,8,864,0.29,0.7,4907.5199999999995,3435.2639999999997,1472.2559999999999,0.3,2030-06,2030
3279,2023-10-29,South,Office Supplies,Consumer,Printer,3,1338,0.01,0.54,3973.86,2145.8844000000004,1827.9755999999998,0.4599999999999999,2023-10,2023
3280,2024-10-08,East,Office Supplies,Home Office,Monitor,8,386,0.1,0.72,2779.2000000000003,2001.0240000000001,778.1760000000002,0.28,2024-10,2024
3281,2036-01-11,North,Technology,Consumer,Desk,6,867,0.08,0.73,4785.84,3493.6632,1292.1768000000002,0.27,2036-01,2036
3282,2027-10-26,North,Technology,Consumer,Phone,4,1024,0.01,0.6,4055.04,2433.024,1622.016,0.4,2027-10,2027
3283,2034-11-30,East,Office Supplies,Home Office,Monitor,7,468,0.12,0.56,2882.88,1614.4128000000003,1268.4671999999998,0.43999999999999995,2034-11,2034
3284,2024-08-20,South,Furniture,Consumer,Paper,5,1592,0.19,0.57,6447.6,3675.132,2772.4680000000003,0.43000000000000005,2024-08,2024
3285,2024-10-23,East,Technology,Consumer,Storage,5,998,0.26,0.55,3692.6,2030.93,1661.6699999999998,0.44999999999999996,2024-10,2024
3286,2034-11-09,South,Technology,Corporate,Phone,9,1309,0.3,0.51,8246.699999999999,4205.816999999999,4040.883,0.49000000000000005,2034-11,2034
3287,2026-09-30,West,Furniture,Consumer,Paper,3,1597,0.24,0.64,3641.16,2330.3424,1310.8175999999999,0.36,2026-09,2026
3288,2030-01-25,South,Office Supplies,Home Office,Printer,4,1184,0.14,0.62,4072.96,2525.2352,1547.7248,0.38,2030-01,2030
3289,2033-08-04,West,Office Supplies,Consumer,Paper,5,361,0.22,0.59,1407.9,830.6610000000001,577.239,0.41,2033-08,2033
3290,2032-09-07,East,Furniture,Corporate,Phone,1,887,0.25,0.48,665.25,319.32,345.93,0.52,2032-09,2032
3291,2036-04-27,South,Office Supplies,Consumer,Monitor,7,210,0.14,0.69,1264.2,872.298,391.90200000000004,0.31,2036-04,2036
3292,2034-10-18,West,Office Supplies,Consumer,Storage,8,1952,0.24,0.5,11868.16,5934.08,5934.08,0.5,2034-10,2034
3293,2035-06-25,West,Technology,Consumer,Storage,6,1041,0.14,0.48,5371.5599999999995,2578.3487999999998,2793.2111999999997,0.52,2035-06,2035
3294,2023-10-10,West,Technology,Corporate,Chair,9,240,0.12,0.64,1900.8,1216.512,684.288,0.36,2023-10,2023
3295,2033-01-26,North,Technology,Home Office,Paper,3,844,0.16,0.57,2126.88,1212.3216,914.5584000000001,0.43000000000000005,2033-01,2033
3296,2027-01-26,East,Furniture,Home Office,Phone,2,634,0.2,0.47,1014.4000000000001,476.76800000000003,537.6320000000001,0.53,2027-01,2027
3297,2034-03-06,West,Office Supplies,Corporate,Chair,5,178,0.22,0.56,694.2,388.75200000000007,305.448,0.43999999999999995,2034-03,2034
3298,2034-06-15,South,Office Supplies,Corporate,Printer,9,1617,0.11,0.68,12952.17,8807.475600000002,4144.6943999999985,0.3199999999999999,2034-06,2034
3299,2024-04-05,West,Technology,Consumer,Printer,1,1154,0.17,0.63,957.8199999999999,603.4266,354.39339999999993,0.36999999999999994,2024-04,2024
3300,2029-05-14,North,Technology,Home Office,Printer,1,1639,0.27,0.56,1196.47,670.0232000000001,526.4467999999999,0.43999999999999995,2029-05,2029
3301,2033-04-12,East,Furniture,Corporate,Desk,3,608,0.29,0.51,1295.04,660.4704,634.5695999999999,0.48999999999999994,2033-04,2033
3302,2029-10-04,North,Office Supplies,Home Office,Phone,3,1070,0.07,0.64,2985.2999999999997,1910.5919999999999,1074.7079999999999,0.36,2029-10,2029
3303,2027-09-21,North,Furniture,Consumer,Laptop,5,1753,0.06,0.72,8239.1,5932.152,2306.9480000000003,0.28,2027-09,2027
3304,2026-10-08,North,Office Supplies,Corporate,Storage,4,165,0.2,0.64,528.0,337.92,190.07999999999998,0.36,2026-10,2026
3305,2030-07-06,South,Furniture,Home Office,Laptop,6,1633,0.12,0.69,8622.24,5949.3456,2672.8944,0.31,2030-07,2030
3306,2024-05-29,East,Technology,Home Office,Printer,8,1494,0.01,0.61,11832.48,7217.8128,4614.6672,0.39,2024-05,2024
3307,2024-12-03,East,Furniture,Consumer,Monitor,8,386,0.1,0.67,2779.2000000000003,1862.0640000000003,917.136,0.32999999999999996,2024-12,2024
3308,2027-07-12,South,Furniture,Corporate,Paper,4,1299,0.24,0.72,3948.96,2843.2511999999997,1105.7088000000003,0.2800000000000001,2027-07,2027
3309,2028-08-28,East,Technology,Home Office,Monitor,1,222,0.24,0.68,168.72,114.7296,53.990399999999994,0.31999999999999995,2028-08,2028
3310,2023-01-23,North,Office Supplies,Consumer,Phone,7,1354,0.15,0.72,8056.3,5800.536,2255.764,0.28,2023-01,2023
3311,2029-09-26,East,Office Supplies,Home Office,Monitor,6,654,0.14,0.58,3374.64,1957.2912,1417.3488,0.42,2029-09,2029
3312,2026-07-28,South,Technology,Consumer,Chair,5,1103,0.17,0.72,4577.45,3295.7639999999997,1281.6860000000001,0.28,2026-07,2026
3313,2032-01-14,North,Furniture,Home Office,Paper,4,103,0.07,0.64,383.15999999999997,245.2224,137.93759999999997,0.36,2032-01,2032
3314,2023-12-28,South,Furniture,Home Office,Paper,6,1825,0.16,0.71,9198.0,6530.58,2667.42,0.29000000000000004,2023-12,2023
3315,2033-03-16,West,Furniture,Consumer,Laptop,8,1939,0.0,0.46,15512.0,7135.52,8376.48,0.5399999999999999,2033-03,2033
3316,2026-07-08,North,Office Supplies,Corporate,Monitor,6,511,0.14,0.65,2636.7599999999998,1713.894,922.8659999999998,0.3499999999999999,2026-07,2026
3317,2024-05-29,North,Furniture,Consumer,Printer,3,349,0.1,0.7,942.3000000000001,659.61,282.69000000000005,0.30000000000000004,2024-05,2024
3318,2024-03-24,East,Office Supplies,Corporate,Laptop,9,1779,0.2,0.5,12808.800000000001,6404.400000000001,6404.400000000001,0.5,2024-03,2024
3319,2028-01-30,North,Furniture,Home Office,Laptop,3,1610,0.19,0.65,3912.3,2542.9950000000003,1369.3049999999998,0.3499999999999999,2028-01,2028
3320,2036-08-09,South,Technology,Home Office,Storage,4,1468,0.11,0.7,5226.08,3658.256,1567.824,0.30000000000000004,2036-08,2036
3321,2032-10-02,East,Technology,Consumer,Laptop,5,1456,0.0,0.54,7280.0,3931.2000000000003,3348.7999999999997,0.45999999999999996,2032-10,2032
3322,2029-11-25,West,Office Supplies,Consumer,Printer,2,552,0.08,0.57,1015.6800000000001,578.9376,436.7424000000001,0.43000000000000005,2029-11,2029
3323,2031-06-09,South,Office Supplies,Corporate,Storage,2,257,0.19,0.62,416.34000000000003,258.1308,158.2092,0.38,2031-06,2031
3324,2026-11-29,West,Technology,Corporate,Paper,6,1700,0.02,0.61,9996.0,6097.5599999999995,3898.4400000000005,0.39000000000000007,2026-11,2026
3325,2033-11-11,West,Technology,Corporate,Printer,2,936,0.03,0.46,1815.84,835.2864,980.5536,0.54,2033-11,2033
3326,2025-07-11,West,Furniture,Consumer,Desk,1,1113,0.19,0.48,901.5300000000001,432.73440000000005,468.79560000000004,0.52,2025-07,2025
3327,2031-08-04,North,Technology,Home Office,Paper,8,1393,0.23,0.48,8580.880000000001,4118.8224,4462.057600000001,0.52,2031-08,2031
3328,2028-11-29,South,Office Supplies,Consumer,Paper,1,1710,0.1,0.53,1539.0,815.6700000000001,723.3299999999999,0.47,2028-11,2028
3329,2029-12-22,South,Technology,Home Office,Monitor,6,1541,0.15,0.52,7859.099999999999,4086.732,3772.3679999999995,0.48,2029-12,2029
3330,2031-02-27,North,Office Supplies,Consumer,Desk,1,1563,0.28,0.67,1125.36,753.9911999999999,371.36879999999996,0.33,2031-02,2031
3331,2029-03-31,East,Office Supplies,Consumer,Monitor,8,1152,0.28,0.62,6635.5199999999995,4114.0224,2521.4975999999997,0.38,2029-03,2029
3332,2030-04-03,West,Furniture,Corporate,Desk,5,1077,0.09,0.68,4900.35,3332.2380000000003,1568.112,0.32,2030-04,2030
3333,2023-11-10,South,Furniture,Home Office,Laptop,3,434,0.24,0.47,989.52,465.07439999999997,524.4456,0.53,2023-11,2023
3334,2030-02-26,North,Furniture,Consumer,Phone,5,1361,0.18,0.6,5580.1,3348.06,2232.0400000000004,0.4,2030-02,2030
3335,2031-06-11,West,Furniture,Consumer,Printer,1,252,0.29,0.55,178.92,98.406,80.51399999999998,0.44999999999999996,2031-06,2031
3336,2029-03-06,East,Technology,Home Office,Desk,1,1729,0.14,0.7,1486.94,1040.858,446.0820000000001,0.30000000000000004,2029-03,2029
3337,2025-11-03,East,Furniture,Consumer,Paper,4,848,0.23,0.66,2611.84,1723.8144000000002,888.0255999999999,0.33999999999999997,2025-11,2025
3338,2032-07-21,West,Technology,Home Office,Paper,9,933,0.23,0.71,6465.6900000000005,4590.6399,1875.0501000000004,0.29000000000000004,2032-07,2032
3339,2030-03-19,East,Furniture,Corporate,Phone,9,1238,0.15,0.46,9470.699999999999,4356.522,5114.177999999999,0.5399999999999999,2030-03,2030
3340,2033-11-27,South,Furniture,Corporate,Desk,1,907,0.24,0.67,689.32,461.84440000000006,227.4756,0.32999999999999996,2033-11,2033
3341,2027-11-14,South,Office Supplies,Home Office,Paper,3,1854,0.08,0.61,5117.04,3121.3944,1995.6455999999998,0.38999999999999996,2027-11,2027
3342,2033-08-31,South,Technology,Corporate,Monitor,4,857,0.04,0.7,3290.8799999999997,2303.6159999999995,987.2640000000001,0.30000000000000004,2033-08,2033
3343,2026-01-29,East,Office Supplies,Home Office,Desk,2,1522,0.13,0.6,2648.28,1588.968,1059.3120000000001,0.4,2026-01,2026
3344,2024-11-28,South,Furniture,Consumer,Phone,7,1155,0.28,0.61,5821.2,3550.932,2270.268,0.39,2024-11,2024
3345,2028-12-19,North,Technology,Consumer,Desk,3,631,0.15,0.47,1609.05,756.2534999999999,852.7965,0.53,2028-12,2028
3346,2026-11-05,South,Furniture,Home Office,Laptop,1,152,0.19,0.65,123.12,80.028,43.092,0.35,2026-11,2026
3347,2025-11-09,South,Office Supplies,Consumer,Laptop,1,817,0.19,0.53,661.7700000000001,350.7381000000001,311.0319,0.4699999999999999,2025-11,2025
3348,2028-04-13,East,Technology,Corporate,Storage,3,1854,0.04,0.46,5339.5199999999995,2456.1792,2883.3407999999995,0.5399999999999999,2028-04,2028
3349,2025-10-10,South,Office Supplies,Consumer,Laptop,6,1318,0.12,0.47,6959.04,3270.7488,3688.2912,0.53,2025-10,2025
3350,2023-08-15,West,Furniture,Consumer,Chair,4,1428,0.21,0.74,4512.4800000000005,3339.2352000000005,1173.2448,0.25999999999999995,2023-08,2023
3351,2028-01-03,North,Furniture,Home Office,Storage,1,1830,0.29,0.55,1299.3,714.615,584.685,0.44999999999999996,2028-01,2028
3352,2036-06-18,East,Furniture,Corporate,Desk,7,444,0.05,0.71,2952.6,2096.346,856.2539999999999,0.29,2036-06,2036
3353,2028-07-16,North,Technology,Consumer,Chair,2,1205,0.12,0.74,2120.8,1569.392,551.4080000000001,0.26000000000000006,2028-07,2028
3354,2036-08-06,West,Office Supplies,Consumer,Printer,5,100,0.03,0.73,485.0,354.05,130.95,0.26999999999999996,2036-08,2036
3355,2029-09-18,East,Office Supplies,Home Office,Phone,8,266,0.07,0.71,1979.04,1405.1183999999998,573.9216000000001,0.2900000000000001,2029-09,2029
3356,2028-09-16,East,Furniture,Home Office,Printer,7,416,0.11,0.72,2591.68,1866.0095999999999,725.6704,0.28,2028-09,2028
3357,2034-09-23,South,Office Supplies,Corporate,Chair,8,1306,0.16,0.54,8776.32,4739.2128,4037.1071999999995,0.45999999999999996,2034-09,2034
3358,2025-12-16,North,Technology,Consumer,Paper,6,1064,0.07,0.5,5937.12,2968.56,2968.56,0.5,2025-12,2025
3359,2029-05-09,West,Furniture,Home Office,Laptop,7,997,0.07,0.64,6490.469999999999,4153.900799999999,2336.5692,0.36000000000000004,2029-05,2029
3360,2031-09-26,West,Furniture,Home Office,Monitor,9,1985,0.23,0.6,13756.050000000001,8253.630000000001,5502.42,0.39999999999999997,2031-09,2031
3361,2030-03-15,East,Furniture,Home Office,Desk,6,372,0.29,0.48,1584.72,760.6656,824.0544,0.52,2030-03,2030
3362,2030-01-07,South,Technology,Corporate,Storage,9,1792,0.1,0.65,14515.2,9434.880000000001,5080.32,0.35,2030-01,2030
3363,2032-01-06,East,Furniture,Home Office,Paper,2,472,0.21,0.62,745.76,462.3712,283.3888,0.38,2032-01,2032
3364,2035-08-27,East,Furniture,Corporate,Monitor,2,1485,0.08,0.71,2732.4,1940.004,792.3960000000002,0.29000000000000004,2035-08,2035
3365,2032-10-26,East,Furniture,Corporate,Paper,2,999,0.28,0.63,1438.56,906.2927999999999,532.2672,0.37,2032-10,2032
3366,2035-02-18,East,Furniture,Consumer,Monitor,6,300,0.2,0.62,1440.0,892.8,547.2,0.38,2035-02,2035
3367,2031-01-26,West,Office Supplies,Consumer,Desk,2,1315,0.24,0.58,1998.8,1159.3039999999999,839.4960000000001,0.42000000000000004,2031-01,2031
3368,2033-11-03,West,Furniture,Corporate,Laptop,3,1464,0.01,0.59,4348.08,2565.3671999999997,1782.7128000000002,0.4100000000000001,2033-11,2033
3369,2030-09-14,East,Technology,Consumer,Desk,8,1422,0.18,0.74,9328.320000000002,6902.956800000001,2425.3632000000007,0.26,2030-09,2030
3370,2030-01-27,East,Furniture,Consumer,Phone,8,1629,0.16,0.49,10946.88,5363.9712,5582.908799999999,0.51,2030-01,2030
3371,2023-06-11,South,Furniture,Home Office,Monitor,4,1711,0.09,0.58,6228.04,3612.2632,2615.7768,0.42000000000000004,2023-06,2023
3372,2024-08-16,East,Office Supplies,Consumer,Phone,9,239,0.08,0.65,1978.92,1286.298,692.6220000000001,0.35000000000000003,2024-08,2024
3373,2031-12-04,West,Furniture,Corporate,Paper,8,405,0.17,0.58,2689.2,1559.7359999999999,1129.464,0.42,2031-12,2031
3374,2034-05-18,North,Office Supplies,Consumer,Phone,1,1319,0.21,0.53,1042.01,552.2653,489.74469999999997,0.47,2034-05,2034
3375,2031-02-10,West,Technology,Home Office,Printer,8,1184,0.01,0.54,9377.28,5063.731200000001,4313.5488,0.4599999999999999,2031-02,2031
3376,2033-08-24,South,Office Supplies,Corporate,Paper,1,459,0.17,0.52,380.96999999999997,198.1044,182.86559999999997,0.48,2033-08,2033
3377,2032-04-13,West,Furniture,Consumer,Laptop,4,406,0.05,0.55,1542.8,848.5400000000001,694.2599999999999,0.44999999999999996,2032-04,2032
3378,2035-04-29,North,Technology,Corporate,Phone,6,1603,0.04,0.71,9233.279999999999,6555.628799999999,2677.6512000000002,0.29000000000000004,2035-04,2035
3379,2024-10-25,East,Furniture,Consumer,Chair,7,432,0.19,0.6,2449.44,1469.664,979.7760000000001,0.4,2024-10,2024
3380,2026-02-06,North,Office Supplies,Home Office,Phone,4,1989,0.09,0.52,7239.96,3764.7792,3475.1808,0.48000000000000004,2026-02,2026
3381,2024-06-25,East,Technology,Consumer,Storage,8,1206,0.13,0.57,8393.76,4784.4432,3609.3168000000005,0.43000000000000005,2024-06,2024
3382,2031-02-22,East,Technology,Corporate,Printer,8,433,0.11,0.48,3082.96,1479.8208,1603.1392,0.52,2031-02,2031
3383,2025-05-17,West,Office Supplies,Corporate,Chair,9,616,0.19,0.72,4490.64,3233.2608,1257.3792000000003,0.28,2025-05,2025
3384,2028-08-28,West,Office Supplies,Corporate,Monitor,6,830,0.14,0.57,4282.8,2441.196,1841.6040000000003,0.43000000000000005,2028-08,2028
3385,2024-03-07,West,Technology,Consumer,Laptop,4,1023,0.29,0.74,2905.3199999999997,2149.9368,755.3831999999998,0.25999999999999995,2024-03,2024
3386,2036-03-28,South,Technology,Consumer,Laptop,2,865,0.11,0.55,1539.7,846.8350000000002,692.8649999999999,0.4499999999999999,2036-03,2036
3387,2034-09-18,West,Office Supplies,Consumer,Storage,7,1597,0.22,0.7,8719.62,6103.734,2615.8860000000004,0.30000000000000004,2034-09,2034
3388,2026-04-21,South,Furniture,Home Office,Monitor,3,1517,0.08,0.53,4186.92,2219.0676000000003,1967.8523999999998,0.4699999999999999,2026-04,2026
3389,2029-12-03,West,Technology,Home Office,Phone,3,1723,0.15,0.47,4393.65,2065.0154999999995,2328.6345,0.53,2029-12,2029
3390,2026-03-15,East,Office Supplies,Home Office,Chair,3,1844,0.17,0.46,4591.5599999999995,2112.1176,2479.4423999999995,0.5399999999999999,2026-03,2026
3391,2025-04-10,South,Furniture,Corporate,Storage,4,1815,0.1,0.63,6534.0,4116.42,2417.58,0.37,2025-04,2025
3392,2027-07-10,North,Technology,Corporate,Chair,2,1843,0.14,0.54,3169.96,1711.7784000000001,1458.1816,0.45999999999999996,2027-07,2027
3393,2026-02-10,South,Technology,Corporate,Phone,5,884,0.08,0.58,4066.4,2358.5119999999997,1707.8880000000004,0.4200000000000001,2026-02,2026
3394,2030-09-11,South,Office Supplies,Corporate,Monitor,3,1700,0.0,0.7,5100.0,3570.0,1530.0,0.3,2030-09,2030
3395,2024-04-20,North,Furniture,Corporate,Phone,5,1503,0.06,0.52,7064.099999999999,3673.332,3390.7679999999996,0.48,2024-04,2024
3396,2030-09-11,South,Technology,Consumer,Desk,7,120,0.21,0.54,663.6,358.34400000000005,305.256,0.45999999999999996,2030-09,2030
3397,2026-08-19,East,Furniture,Corporate,Desk,9,978,0.23,0.7,6777.54,4744.277999999999,2033.2620000000006,0.3000000000000001,2026-08,2026
3398,2025-10-16,West,Furniture,Consumer,Phone,2,276,0.08,0.6,507.84000000000003,304.704,203.13600000000002,0.4,2025-10,2025
3399,2028-01-11,North,Technology,Home Office,Printer,9,1486,0.12,0.7,11769.12,8238.384,3530.736000000001,0.30000000000000004,2028-01,2028
3400,2034-08-27,West,Furniture,Home Office,Storage,6,121,0.01,0.56,718.74,402.49440000000004,316.24559999999997,0.43999999999999995,2034-08,2034
3401,2029-09-14,East,Technology,Home Office,Desk,6,936,0.07,0.57,5222.879999999999,2977.041599999999,2245.8384,0.4300000000000001,2029-09,2029
3402,2034-10-03,North,Furniture,Home Office,Paper,3,1059,0.23,0.5,2446.29,1223.145,1223.145,0.5,2034-10,2034
3403,2026-07-07,West,Technology,Home Office,Phone,9,647,0.18,0.72,4774.860000000001,3437.8992000000003,1336.9608000000003,0.28,2026-07,2026
3404,2024-10-21,West,Office Supplies,Corporate,Paper,4,349,0.06,0.72,1312.24,944.8127999999999,367.4272000000001,0.2800000000000001,2024-10,2024
3405,2028-07-03,East,Technology,Corporate,Paper,5,760,0.08,0.75,3496.0,2622.0,874.0,0.25,2028-07,2028
3406,2024-02-03,West,Technology,Corporate,Chair,3,1051,0.25,0.57,2364.75,1347.9074999999998,1016.8425000000002,0.4300000000000001,2024-02,2024
3407,2027-09-30,East,Technology,Home Office,Storage,5,1196,0.06,0.7,5621.2,3934.8399999999997,1686.3600000000001,0.30000000000000004,2027-09,2027
3408,2028-10-26,South,Furniture,Home Office,Monitor,8,1214,0.1,0.57,8740.800000000001,4982.256,3758.544000000001,0.43000000000000005,2028-10,2028
3409,2028-12-11,East,Office Supplies,Consumer,Desk,8,1299,0.2,0.59,8313.6,4905.024,3408.576,0.41,2028-12,2028
3410,2023-03-16,South,Furniture,Corporate,Monitor,8,225,0.17,0.7,1494.0,1045.8,448.20000000000005,0.30000000000000004,2023-03,2023
3411,2035-11-11,North,Furniture,Home Office,Printer,6,1327,0.14,0.5,6847.32,3423.66,3423.66,0.5,2035-11,2035
3412,2032-07-03,West,Technology,Home Office,Storage,1,1369,0.27,0.52,999.37,519.6724,479.69759999999997,0.48,2032-07,2032
3413,2025-04-16,East,Furniture,Home Office,Storage,6,710,0.07,0.54,3961.7999999999997,2139.372,1822.4279999999999,0.46,2025-04,2025
3414,2024-05-14,East,Technology,Consumer,Laptop,7,1394,0.22,0.69,7611.240000000001,5251.7556,2359.4844000000003,0.31,2024-05,2024
3415,2023-05-18,West,Office Supplies,Home Office,Chair,9,1109,0.05,0.56,9481.949999999999,5309.892,4172.057999999999,0.43999999999999995,2023-05,2023
3416,2028-09-28,West,Furniture,Consumer,Printer,8,143,0.18,0.56,938.08,525.3248000000001,412.75519999999995,0.43999999999999995,2028-09,2028
3417,2033-02-13,North,Furniture,Consumer,Paper,8,1857,0.26,0.75,10993.44,8245.08,2748.3600000000006,0.25000000000000006,2033-02,2033
3418,2028-02-29,North,Furniture,Corporate,Printer,7,1732,0.14,0.57,10426.64,5943.184799999999,4483.4552,0.43000000000000005,2028-02,2028
3419,2030-07-20,East,Technology,Home Office,Monitor,2,647,0.22,0.52,1009.32,524.8464,484.47360000000003,0.48,2030-07,2030
3420,2033-09-25,North,Technology,Consumer,Printer,1,1291,0.25,0.64,968.25,619.6800000000001,348.56999999999994,0.35999999999999993,2033-09,2033
3421,2028-03-15,South,Furniture,Home Office,Chair,2,534,0.04,0.69,1025.28,707.4431999999999,317.83680000000004,0.31000000000000005,2028-03,2028
3422,2030-02-23,North,Furniture,Corporate,Printer,6,1153,0.21,0.47,5465.22,2568.6534,2896.5666,0.53,2030-02,2030
3423,2033-11-30,North,Office Supplies,Corporate,Laptop,2,893,0.28,0.64,1285.9199999999998,822.9888,462.9311999999999,0.35999999999999993,2033-11,2033
3424,2026-12-20,East,Office Supplies,Consumer,Desk,4,1720,0.17,0.46,5710.4,2626.784,3083.6159999999995,0.5399999999999999,2026-12,2026
3425,2024-06-30,South,Office Supplies,Corporate,Chair,3,456,0.06,0.61,1285.9199999999998,784.4111999999999,501.50879999999995,0.39,2024-06,2024
3426,2035-10-21,North,Office Supplies,Corporate,Printer,6,1614,0.04,0.53,9296.64,4927.2192,4369.4208,0.47000000000000003,2035-10,2035
3427,2028-06-26,South,Office Supplies,Corporate,Phone,8,1756,0.08,0.54,12924.16,6979.0464,5945.1136,0.45999999999999996,2028-06,2028
3428,2028-09-27,South,Technology,Home Office,Desk,6,1922,0.03,0.59,11186.039999999999,6599.763599999999,4586.2764,0.41000000000000003,2028-09,2028
3429,2024-12-04,South,Office Supplies,Home Office,Monitor,2,1371,0.15,0.73,2330.7,1701.4109999999998,629.289,0.27,2024-12,2024
3430,2029-07-31,West,Office Supplies,Consumer,Paper,5,1819,0.02,0.66,8913.1,5882.646000000001,3030.4539999999997,0.33999999999999997,2029-07,2029
3431,2027-06-14,West,Furniture,Consumer,Storage,6,352,0.07,0.73,1964.1599999999999,1433.8367999999998,530.3232,0.27,2027-06,2027
3432,2032-02-14,West,Technology,Corporate,Chair,9,884,0.13,0.65,6921.72,4499.118,2422.602,0.35,2032-02,2032
3433,2035-12-17,West,Office Supplies,Corporate,Phone,6,820,0.14,0.45,4231.2,1904.04,2327.16,0.55,2035-12,2035
3434,2031-02-26,East,Office Supplies,Consumer,Storage,5,1989,0.17,0.53,8254.35,4374.8055,3879.5445,0.47,2031-02,2031
3435,2035-12-20,North,Office Supplies,Corporate,Phone,1,1505,0.21,0.72,1188.95,856.044,332.90600000000006,0.28,2035-12,2035
3436,2030-10-10,West,Furniture,Consumer,Printer,5,1659,0.01,0.64,8212.05,5255.7119999999995,2956.3379999999997,0.36,2030-10,2030
3437,2032-04-07,East,Furniture,Home Office,Paper,5,1757,0.02,0.74,8609.3,6370.882,2238.4179999999997,0.26,2032-04,2032
3438,2030-04-13,North,Furniture,Corporate,Chair,6,836,0.02,0.5,4915.68,2457.84,2457.84,0.5,2030-04,2030
3439,2028-02-05,West,Office Supplies,Corporate,Paper,7,999,0.13,0.54,6083.91,3285.3114,2798.5986,0.45999999999999996,2028-02,2028
3440,2030-10-27,North,Furniture,Corporate,Paper,4,1542,0.01,0.56,6106.32,3419.5392,2686.7807999999995,0.43999999999999995,2030-10,2030
3441,2024-11-16,West,Office Supplies,Home Office,Monitor,7,222,0.22,0.55,1212.1200000000001,666.6660000000002,545.454,0.4499999999999999,2024-11,2024
3442,2034-09-23,East,Technology,Home Office,Printer,5,1417,0.07,0.53,6589.049999999999,3492.1965,3096.8534999999993,0.4699999999999999,2034-09,2034
3443,2027-06-08,South,Office Supplies,Corporate,Storage,6,784,0.28,0.58,3386.8799999999997,1964.3903999999998,1422.4895999999999,0.42,2027-06,2027
3444,2035-09-18,South,Furniture,Consumer,Monitor,4,242,0.15,0.64,822.8,526.592,296.20799999999997,0.36,2035-09,2035
3445,2026-12-02,North,Technology,Home Office,Paper,8,1102,0.13,0.54,7669.92,4141.7568,3528.1632,0.45999999999999996,2026-12,2026
3446,2025-05-25,East,Office Supplies,Corporate,Laptop,9,1037,0.23,0.47,7186.41,3377.6126999999997,3808.7973,0.53,2025-05,2025
3447,2035-11-27,South,Technology,Corporate,Phone,2,610,0.21,0.66,963.8000000000001,636.1080000000001,327.692,0.33999999999999997,2035-11,2035
3448,2029-09-27,West,Technology,Home Office,Laptop,4,1804,0.18,0.59,5917.120000000001,3491.1008,2426.0192000000006,0.41000000000000003,2029-09,2029
3449,2026-09-27,South,Technology,Consumer,Storage,8,156,0.28,0.62,898.56,557.1071999999999,341.4528,0.38000000000000006,2026-09,2026
3450,2026-05-28,North,Office Supplies,Corporate,Printer,8,141,0.13,0.59,981.36,579.0024,402.35760000000005,0.41000000000000003,2026-05,2026
3451,2036-09-07,North,Furniture,Consumer,Monitor,9,920,0.24,0.72,6292.8,4530.816,1761.9840000000004,0.28,2036-09,2036
3452,2023-06-12,East,Office Supplies,Consumer,Monitor,3,1754,0.11,0.62,4683.18,2903.5716,1779.6084,0.38,2023-06,2023
3453,2028-05-28,North,Furniture,Home Office,Monitor,1,1244,0.25,0.73,933.0,681.09,251.90999999999997,0.26999999999999996,2028-05,2028
3454,2032-01-05,South,Office Supplies,Corporate,Desk,9,1947,0.08,0.6,16121.16,9672.696,6448.464,0.4,2032-01,2032
3455,2023-09-27,South,Office Supplies,Corporate,Phone,1,1886,0.09,0.54,1716.26,926.7804000000001,789.4795999999999,0.45999999999999996,2023-09,2023
3456,2024-09-23,South,Office Supplies,Consumer,Desk,3,442,0.2,0.56,1060.8,594.048,466.75199999999995,0.43999999999999995,2024-09,2024
3457,2025-06-24,South,Furniture,Home Office,Chair,3,431,0.06,0.61,1215.4199999999998,741.4061999999999,474.01379999999995,0.39,2025-06,2025
3458,2032-07-03,East,Office Supplies,Home Office,Phone,9,1579,0.07,0.61,13216.23,8061.900299999999,5154.3297,0.39,2032-07,2032
3459,2031-11-28,West,Technology,Home Office,Laptop,1,1560,0.09,0.66,1419.6000000000001,936.9360000000001,482.664,0.33999999999999997,2031-11,2031
3460,2028-07-07,West,Office Supplies,Consumer,Desk,7,440,0.2,0.52,2464.0,1281.28,1182.72,0.48000000000000004,2028-07,2028
3461,2027-06-30,East,Technology,Consumer,Storage,2,440,0.27,0.65,642.4,417.56,224.83999999999997,0.35,2027-06,2027
3462,2023-07-24,North,Furniture,Corporate,Chair,7,1539,0.2,0.68,8618.4,5860.512000000001,2757.887999999999,0.3199999999999999,2023-07,2023
3463,2024-08-04,West,Furniture,Home Office,Phone,1,948,0.25,0.65,711.0,462.15000000000003,248.84999999999997,0.35,2024-08,2024
3464,2025-04-20,North,Office Supplies,Consumer,Monitor,8,281,0.16,0.59,1888.32,1114.1088,774.2112,0.41,2025-04,2025
3465,2027-09-16,West,Office Supplies,Home Office,Storage,2,1800,0.02,0.75,3528.0,2646.0,882.0,0.25,2027-09,2027
3466,2030-03-28,North,Office Supplies,Consumer,Paper,3,1083,0.03,0.57,3151.5299999999997,1796.3720999999996,1355.1579000000002,0.4300000000000001,2030-03,2030
3467,2029-04-16,East,Technology,Corporate,Chair,8,1387,0.17,0.48,9209.68,4420.6464,4789.033600000001,0.52,2029-04,2029
3468,2025-05-24,South,Furniture,Home Office,Laptop,3,1333,0.1,0.7,3599.1,2519.37,1079.73,0.3,2025-05,2025
3469,2024-11-20,North,Technology,Consumer,Monitor,1,622,0.07,0.51,578.4599999999999,295.0146,283.44539999999995,0.49,2024-11,2024
3470,2033-12-14,South,Technology,Home Office,Storage,9,281,0.14,0.66,2174.94,1435.4604000000002,739.4795999999999,0.33999999999999997,2033-12,2033
3471,2031-08-08,North,Office Supplies,Consumer,Phone,8,1567,0.2,0.5,10028.800000000001,5014.400000000001,5014.400000000001,0.5,2031-08,2031
3472,2026-11-23,North,Office Supplies,Consumer,Chair,4,350,0.12,0.46,1232.0,566.72,665.28,0.5399999999999999,2026-11,2026
3473,2024-11-02,North,Technology,Consumer,Printer,8,237,0.24,0.5,1440.96,720.48,720.48,0.5,2024-11,2024
3474,2026-03-17,North,Technology,Home Office,Paper,5,1341,0.22,0.56,5229.900000000001,2928.7440000000006,2301.156,0.43999999999999995,2026-03,2026
3475,2033-03-15,North,Office Supplies,Consumer,Phone,3,850,0.22,0.48,1989.0,954.7199999999999,1034.2800000000002,0.5200000000000001,2033-03,2033
3476,2025-08-01,South,Office Supplies,Corporate,Phone,1,553,0.3,0.51,387.09999999999997,197.421,189.67899999999997,0.49,2025-08,2025
3477,2026-12-20,North,Technology,Home Office,Monitor,5,982,0.09,0.68,4468.1,3038.3080000000004,1429.792,0.31999999999999995,2026-12,2026
3478,2033-03-26,South,Office Supplies,Corporate,Phone,6,1972,0.19,0.68,9583.92,6517.065600000001,3066.8543999999993,0.3199999999999999,2033-03,2033
3479,2029-12-14,East,Office Supplies,Corporate,Monitor,4,186,0.26,0.7,550.56,385.39199999999994,165.168,0.30000000000000004,2029-12,2029
3480,2033-11-03,West,Technology,Home Office,Phone,7,1933,0.17,0.7,11230.73,7861.5109999999995,3369.219,0.3,2033-11,2033
3481,2036-08-31,North,Technology,Consumer,Printer,3,392,0.24,0.58,893.76,518.3807999999999,375.3792000000001,0.4200000000000001,2036-08,2036
3482,2034-08-31,West,Furniture,Corporate,Storage,7,191,0.12,0.71,1176.56,835.3575999999999,341.2024,0.29000000000000004,2034-08,2034
3483,2029-06-19,South,Technology,Home Office,Storage,1,307,0.18,0.61,251.74,153.5614,98.17860000000002,0.39000000000000007,2029-06,2029
3484,2032-12-31,East,Office Supplies,Consumer,Storage,7,1327,0.02,0.59,9103.22,5370.899799999999,3732.3202,0.41000000000000003,2032-12,2032
3485,2033-01-18,East,Technology,Home Office,Laptop,1,285,0.3,0.67,199.5,133.66500000000002,65.83499999999998,0.3299999999999999,2033-01,2033
3486,2027-10-20,East,Technology,Home Office,Printer,1,1208,0.24,0.51,918.08,468.22080000000005,449.8592,0.49,2027-10,2027
3487,2029-06-10,West,Technology,Home Office,Printer,2,1950,0.26,0.69,2886.0,1991.34,894.6600000000001,0.31000000000000005,2029-06,2029
3488,2028-04-22,South,Furniture,Consumer,Paper,2,1787,0.21,0.58,2823.46,1637.6068,1185.8532,0.42,2028-04,2028
3489,2024-01-06,North,Furniture,Corporate,Chair,4,255,0.06,0.49,958.8,469.81199999999995,488.988,0.51,2024-01,2024
3490,2036-07-19,North,Office Supplies,Corporate,Desk,1,392,0.01,0.49,388.08,190.1592,197.92079999999999,0.51,2036-07,2036
3491,2035-04-07,South,Furniture,Home Office,Storage,4,632,0.26,0.5,1870.72,935.36,935.36,0.5,2035-04,2035
3492,2028-04-15,West,Technology,Home Office,Desk,2,260,0.12,0.72,457.6,329.472,128.12800000000004,0.2800000000000001,2028-04,2028
3493,2024-02-29,North,Furniture,Consumer,Chair,4,1509,0.08,0.75,5553.12,4164.84,1388.2799999999997,0.24999999999999997,2024-02,2024
3494,2035-12-08,South,Technology,Home Office,Printer,4,1608,0.17,0.56,5338.5599999999995,2989.5936,2348.9663999999993,0.4399999999999999,2035-12,2035
3495,2025-06-13,North,Furniture,Home Office,Chair,9,1626,0.13,0.54,12731.58,6875.0532,5856.5268,0.45999999999999996,2025-06,2025
3496,2024-08-20,East,Furniture,Home Office,Phone,9,950,0.2,0.52,6840.0,3556.8,3283.2,0.48,2024-08,2024
3497,2031-05-21,North,Furniture,Corporate,Chair,1,255,0.15,0.7,216.75,151.725,65.025,0.30000000000000004,2031-05,2031
3498,2029-05-25,West,Technology,Home Office,Chair,5,242,0.21,0.51,955.9000000000001,487.50900000000007,468.391,0.49,2029-05,2029
3499,2035-11-02,South,Furniture,Corporate,Monitor,7,1892,0.26,0.73,9800.56,7154.408799999999,2646.1512000000002,0.27,2035-11,2035
3500,2027-08-15,West,Technology,Consumer,Phone,4,1742,0.06,0.65,6549.92,4257.448,2292.4719999999998,0.35,2027-08,2027
3501,2024-07-26,South,Technology,Consumer,Monitor,5,1407,0.1,0.72,6331.5,4558.679999999999,1772.8200000000006,0.2800000000000001,2024-07,2024
3502,2028-09-21,East,Office Supplies,Corporate,Desk,2,661,0.13,0.62,1150.14,713.0868,437.05320000000006,0.38,2028-09,2028
3503,2033-01-17,South,Furniture,Corporate,Paper,3,134,0.29,0.66,285.41999999999996,188.3772,97.04279999999997,0.33999999999999997,2033-01,2033
3504,2034-09-12,North,Office Supplies,Corporate,Phone,7,323,0.11,0.64,2012.29,1287.8656,724.4243999999999,0.35999999999999993,2034-09,2034
3505,2035-08-30,North,Office Supplies,Corporate,Paper,7,767,0.11,0.7,4778.41,3344.8869999999997,1433.5230000000001,0.30000000000000004,2035-08,2035
3506,2027-06-22,East,Technology,Home Office,Laptop,4,492,0.2,0.7,1574.4,1102.08,472.32000000000016,0.3000000000000001,2027-06,2027
3507,2027-02-26,South,Furniture,Corporate,Chair,1,507,0.13,0.63,441.09,277.88669999999996,163.2033,0.37000000000000005,2027-02,2027
3508,2034-10-03,East,Technology,Corporate,Paper,1,1826,0.29,0.64,1296.46,829.7344,466.7256,0.36,2034-10,2034
3509,2030-04-11,North,Technology,Corporate,Chair,4,1511,0.27,0.73,4412.12,3220.8476,1191.2723999999998,0.26999999999999996,2030-04,2030
3510,2032-12-27,West,Furniture,Home Office,Monitor,4,1819,0.15,0.73,6184.599999999999,4514.758,1669.8419999999996,0.26999999999999996,2032-12,2032
3511,2036-07-19,East,Technology,Home Office,Desk,6,1872,0.19,0.65,9097.92,5913.648,3184.272,0.35,2036-07,2036
3512,2032-10-28,West,Furniture,Home Office,Monitor,7,396,0.02,0.45,2716.56,1222.452,1494.108,0.55,2032-10,2032
3513,2027-03-18,West,Furniture,Consumer,Printer,9,422,0.21,0.48,3000.42,1440.2015999999999,1560.2184000000002,0.52,2027-03,2027
3514,2031-08-04,South,Technology,Home Office,Phone,9,1939,0.21,0.71,13786.29,9788.2659,3998.0241000000005,0.29000000000000004,2031-08,2031
3515,2023-04-08,East,Technology,Corporate,Printer,5,1977,0.11,0.48,8797.65,4222.871999999999,4574.778,0.52,2023-04,2023
3516,2031-10-21,West,Office Supplies,Home Office,Laptop,3,1611,0.07,0.51,4494.69,2292.2918999999997,2202.3981,0.49,2031-10,2031
3517,2035-05-28,West,Technology,Home Office,Phone,3,1693,0.27,0.52,3707.67,1927.9884000000002,1779.6816,0.48,2035-05,2035
3518,2035-12-16,South,Furniture,Corporate,Laptop,6,138,0.13,0.63,720.36,453.8268,266.5332,0.37000000000000005,2035-12,2035
3519,2033-04-08,South,Office Supplies,Home Office,Laptop,1,604,0.2,0.62,483.20000000000005,299.584,183.61600000000004,0.38000000000000006,2033-04,2033
3520,2031-08-24,North,Furniture,Consumer,Laptop,7,1626,0.01,0.54,11268.18,6084.8172,5183.3628,0.45999999999999996,2031-08,2031
3521,2035-10-28,West,Office Supplies,Home Office,Storage,3,852,0.12,0.51,2249.28,1147.1328,1102.1472,0.49,2035-10,2035
3522,2023-12-10,North,Technology,Consumer,Phone,5,1660,0.25,0.68,6225.0,4233.0,1992.0,0.32,2023-12,2023
3523,2035-10-11,West,Technology,Consumer,Paper,7,1439,0.12,0.73,8864.24,6470.8952,2393.3448,0.26999999999999996,2035-10,2035
3524,2024-09-02,North,Technology,Consumer,Phone,7,1619,0.18,0.47,9293.060000000001,4367.738200000001,4925.321800000001,0.53,2024-09,2024
3525,2027-09-24,South,Furniture,Corporate,Storage,9,1240,0.06,0.49,10490.4,5140.295999999999,5350.104,0.51,2027-09,2027
3526,2029-04-09,East,Office Supplies,Home Office,Desk,1,1465,0.12,0.64,1289.2,825.0880000000001,464.11199999999997,0.36,2029-04,2029
3527,2028-01-29,South,Furniture,Consumer,Paper,3,339,0.28,0.69,732.24,505.24559999999997,226.99440000000004,0.31000000000000005,2028-01,2028
3528,2030-02-21,North,Office Supplies,Consumer,Storage,9,786,0.17,0.69,5871.42,4051.2798,1820.1402000000003,0.31000000000000005,2030-02,2030
3529,2028-09-10,North,Technology,Home Office,Paper,8,1568,0.27,0.67,9157.119999999999,6135.270399999999,3021.8495999999996,0.33,2028-09,2028
3530,2029-05-13,East,Furniture,Corporate,Chair,2,1975,0.27,0.72,2883.5,2076.12,807.3800000000001,0.28,2029-05,2029
3531,2035-09-02,West,Technology,Corporate,Printer,8,839,0.28,0.52,4832.639999999999,2512.9728,2319.6671999999994,0.4799999999999999,2035-09,2035
3532,2026-03-23,North,Furniture,Consumer,Printer,8,1096,0.27,0.48,6400.639999999999,3072.3071999999997,3328.3327999999997,0.52,2026-03,2026
3533,2025-12-27,North,Technology,Corporate,Laptop,2,586,0.0,0.63,1172.0,738.36,433.64,0.37,2025-12,2025
3534,2036-08-19,North,Furniture,Home Office,Phone,8,864,0.28,0.7,4976.639999999999,3483.6479999999992,1492.9920000000002,0.3000000000000001,2036-08,2036
3535,2030-08-23,East,Furniture,Corporate,Phone,3,1534,0.04,0.62,4417.92,2739.1104,1678.8096,0.38,2030-08,2030
3536,2027-10-16,South,Office Supplies,Home Office,Laptop,7,722,0.01,0.74,5003.46,3702.5604,1300.8996000000002,0.26,2027-10,2027
3537,2030-04-29,North,Technology,Consumer,Chair,9,1876,0.02,0.69,16546.32,11416.960799999999,5129.359200000001,0.31000000000000005,2030-04,2030
3538,2025-02-20,East,Office Supplies,Home Office,Printer,4,835,0.1,0.66,3006.0,1983.96,1022.04,0.33999999999999997,2025-02,2025
3539,2031-05-07,North,Office Supplies,Consumer,Storage,6,397,0.19,0.47,1929.42,906.8274,1022.5926000000001,0.53,2031-05,2031
3540,2028-10-06,West,Technology,Home Office,Desk,9,1175,0.12,0.48,9306.0,4466.88,4839.12,0.52,2028-10,2028
3541,2033-08-03,East,Furniture,Home Office,Paper,5,832,0.01,0.69,4118.4,2841.6959999999995,1276.7040000000002,0.31000000000000005,2033-08,2033
3542,2036-08-16,North,Office Supplies,Corporate,Paper,1,1100,0.14,0.51,946.0,482.46000000000004,463.53999999999996,0.48999999999999994,2036-08,2036
3543,2035-06-09,East,Technology,Home Office,Paper,3,403,0.13,0.46,1051.83,483.8418,567.9882,0.54,2035-06,2035
3544,2028-10-14,North,Furniture,Consumer,Paper,9,1411,0.23,0.72,9778.23,7040.325599999999,2737.9044000000004,0.28,2028-10,2028
3545,2033-11-14,South,Office Supplies,Home Office,Monitor,3,763,0.08,0.72,2105.88,1516.2336,589.6464000000001,0.28,2033-11,2033
3546,2028-06-14,North,Office Supplies,Consumer,Chair,2,998,0.07,0.52,1856.28,965.2656000000001,891.0143999999999,0.48,2028-06,2028
3547,2025-12-03,East,Office Supplies,Consumer,Paper,4,1241,0.08,0.68,4566.88,3105.4784000000004,1461.4015999999997,0.31999999999999995,2025-12,2025
3548,2027-04-27,West,Furniture,Home Office,Phone,5,1547,0.09,0.46,7038.85,3237.871,3800.9790000000003,0.54,2027-04,2027
3549,2025-10-08,West,Office Supplies,Corporate,Monitor,7,890,0.18,0.54,5108.6,2758.6440000000002,2349.956,0.46,2025-10,2025
3550,2029-03-24,West,Furniture,Home Office,Laptop,7,746,0.14,0.64,4490.92,2874.1888,1616.7312000000002,0.36000000000000004,2029-03,2029
3551,2036-05-01,North,Office Supplies,Home Office,Printer,9,308,0.1,0.68,2494.8,1696.4640000000002,798.336,0.32,2036-05,2036
3552,2027-12-20,South,Technology,Corporate,Monitor,8,1250,0.11,0.45,8900.0,4005.0,4895.0,0.55,2027-12,2027
3553,2029-08-23,North,Office Supplies,Consumer,Laptop,2,1416,0.11,0.55,2520.48,1386.2640000000001,1134.216,0.44999999999999996,2029-08,2029
3554,2035-01-20,West,Technology,Home Office,Phone,8,618,0.29,0.51,3510.24,1790.2223999999999,1720.0176,0.49,2035-01,2035
3555,2036-05-06,East,Technology,Corporate,Paper,8,1345,0.07,0.75,10006.8,7505.099999999999,2501.7,0.25,2036-05,2036
3556,2029-12-26,West,Technology,Corporate,Laptop,5,176,0.25,0.65,660.0,429.0,231.0,0.35,2029-12,2029
3557,2033-01-05,East,Furniture,Consumer,Storage,3,437,0.21,0.57,1035.69,590.3433,445.34670000000006,0.43000000000000005,2033-01,2033
3558,2023-01-08,South,Technology,Corporate,Monitor,9,962,0.0,0.47,8658.0,4069.2599999999998,4588.74,0.53,2023-01,2023
3559,2029-12-30,East,Office Supplies,Consumer,Monitor,7,1913,0.3,0.63,9373.699999999999,5905.431,3468.2689999999993,0.37,2029-12,2029
3560,2024-04-20,North,Furniture,Home Office,Paper,1,1969,0.23,0.64,1516.13,970.3232,545.8068000000001,0.36000000000000004,2024-04,2024
3561,2029-01-20,North,Technology,Corporate,Printer,8,1973,0.2,0.69,12627.2,8712.768,3914.4320000000007,0.31000000000000005,2029-01,2029
3562,2024-04-29,North,Furniture,Home Office,Laptop,5,1862,0.12,0.54,8192.8,4424.112,3768.687999999999,0.45999999999999996,2024-04,2024
3563,2035-09-29,East,Furniture,Corporate,Printer,6,1012,0.17,0.74,5039.759999999999,3729.4223999999995,1310.3375999999998,0.26,2035-09,2035
3564,2029-04-04,North,Furniture,Corporate,Monitor,9,1398,0.08,0.58,11575.44,6713.7552,4861.684800000001,0.42000000000000004,2029-04,2029
3565,2035-06-30,North,Office Supplies,Home Office,Laptop,8,1986,0.01,0.54,15729.119999999999,8493.7248,7235.395199999999,0.45999999999999996,2035-06,2035
3566,2032-08-26,North,Technology,Corporate,Laptop,3,906,0.25,0.55,2038.5,1121.1750000000002,917.3249999999998,0.4499999999999999,2032-08,2032
3567,2032-02-22,South,Furniture,Home Office,Printer,5,1240,0.27,0.61,4526.0,2760.86,1765.1399999999999,0.38999999999999996,2032-02,2032
3568,2030-09-23,East,Furniture,Home Office,Storage,4,1415,0.05,0.73,5377.0,3925.21,1451.79,0.27,2030-09,2030
3569,2036-07-14,East,Furniture,Consumer,Laptop,1,1394,0.24,0.67,1059.44,709.8248000000001,349.61519999999996,0.32999999999999996,2036-07,2036
3570,2031-01-03,West,Technology,Home Office,Storage,5,1570,0.22,0.62,6123.0,3796.2599999999998,2326.7400000000002,0.38000000000000006,2031-01,2031
3571,2023-09-16,East,Furniture,Consumer,Chair,7,1280,0.05,0.5,8512.0,4256.0,4256.0,0.5,2023-09,2023
3572,2023-10-10,South,Furniture,Home Office,Desk,1,671,0.13,0.49,583.77,286.0473,297.7227,0.51,2023-10,2023
3573,2028-03-13,East,Office Supplies,Corporate,Chair,4,1307,0.13,0.6,4548.36,2729.0159999999996,1819.344,0.4,2028-03,2028
3574,2034-04-28,South,Technology,Home Office,Desk,6,523,0.23,0.67,2416.26,1618.8942000000002,797.3658,0.32999999999999996,2034-04,2034
3575,2031-02-24,South,Office Supplies,Corporate,Chair,9,1779,0.25,0.68,12008.25,8165.610000000001,3842.6399999999994,0.31999999999999995,2031-02,2031
3576,2029-03-17,East,Technology,Consumer,Desk,8,772,0.03,0.52,5990.72,3115.1744000000003,2875.5456,0.48,2029-03,2029
3577,2031-10-06,West,Technology,Corporate,Laptop,2,1724,0.17,0.48,2861.8399999999997,1373.6831999999997,1488.1568,0.52,2031-10,2031
3578,2024-09-04,North,Technology,Home Office,Printer,3,1139,0.23,0.57,2631.09,1499.7213,1131.3687000000002,0.43000000000000005,2024-09,2024
3579,2024-11-18,North,Office Supplies,Corporate,Printer,5,1025,0.24,0.73,3895.0,2843.35,1051.65,0.27,2024-11,2024
3580,2033-02-07,East,Office Supplies,Consumer,Paper,7,1884,0.04,0.61,12660.48,7722.8928,4937.5872,0.39,2033-02,2033
3581,2024-09-04,East,Office Supplies,Corporate,Phone,3,197,0.16,0.55,496.44,273.04200000000003,223.39799999999997,0.44999999999999996,2024-09,2024
3582,2029-04-26,South,Office Supplies,Corporate,Paper,7,1739,0.26,0.55,9008.02,4954.411000000001,4053.6089999999995,0.4499999999999999,2029-04,2029
3583,2031-04-02,East,Furniture,Home Office,Desk,5,399,0.1,0.49,1795.5,879.795,915.705,0.51,2031-04,2031
3584,2027-11-17,South,Furniture,Home Office,Phone,6,846,0.13,0.59,4416.12,2605.5108,1810.6091999999999,0.41,2027-11,2027
3585,2030-02-04,West,Furniture,Corporate,Storage,6,1545,0.24,0.69,7045.2,4861.187999999999,2184.0120000000006,0.3100000000000001,2030-02,2030
3586,2030-05-20,East,Technology,Consumer,Storage,4,1430,0.03,0.74,5548.4,4105.816,1442.5839999999998,0.26,2030-05,2030
3587,2033-11-02,North,Furniture,Corporate,Phone,8,373,0.26,0.6,2208.16,1324.896,883.2639999999999,0.39999999999999997,2033-11,2033
3588,2024-07-28,North,Technology,Consumer,Desk,9,360,0.09,0.5,2948.4,1474.2,1474.2,0.5,2024-07,2024
3589,2028-03-25,East,Office Supplies,Consumer,Printer,2,1362,0.0,0.65,2724.0,1770.6000000000001,953.3999999999999,0.3499999999999999,2028-03,2028
3590,2032-11-13,South,Technology,Consumer,Desk,9,1035,0.07,0.68,8662.949999999999,5890.806,2772.1439999999993,0.31999999999999995,2032-11,2032
3591,2024-10-31,North,Technology,Corporate,Storage,4,1897,0.03,0.47,7360.36,3459.3691999999996,3900.9908,0.53,2024-10,2024
3592,2034-12-13,South,Furniture,Consumer,Laptop,6,431,0.03,0.71,2508.42,1780.9782,727.4418000000001,0.29000000000000004,2034-12,2034
3593,2026-07-07,East,Office Supplies,Corporate,Phone,7,214,0.21,0.7,1183.42,828.394,355.02600000000007,0.30000000000000004,2026-07,2026
3594,2025-07-12,East,Office Supplies,Consumer,Phone,4,367,0.06,0.59,1379.9199999999998,814.1527999999998,565.7672,0.41000000000000003,2025-07,2025
3595,2026-01-30,North,Furniture,Consumer,Storage,8,111,0.28,0.62,639.36,396.4032,242.9568,0.37999999999999995,2026-01,2026
3596,2027-03-10,East,Office Supplies,Corporate,Desk,8,172,0.15,0.66,1169.6,771.9359999999999,397.664,0.34,2027-03,2027
3597,2027-05-14,West,Office Supplies,Home Office,Phone,1,1115,0.14,0.65,958.9,623.285,335.615,0.35000000000000003,2027-05,2027
3598,2023-09-04,West,Office Supplies,Home Office,Printer,8,973,0.13,0.45,6772.08,3047.436,3724.644,0.5499999999999999,2023-09,2023
3599,2033-02-28,North,Furniture,Corporate,Phone,3,505,0.21,0.49,1196.8500000000001,586.4565,610.3935000000001,0.51,2033-02,2033
3600,2027-04-10,West,Office Supplies,Corporate,Desk,5,1940,0.14,0.5,8342.0,4171.0,4171.0,0.5,2027-04,2027
3601,2029-07-28,South,Technology,Home Office,Storage,8,277,0.04,0.68,2127.36,1446.6048000000003,680.7551999999998,0.3199999999999999,2029-07,2029
3602,2029-02-21,North,Technology,Home Office,Printer,6,871,0.26,0.58,3867.24,2242.9991999999997,1624.2408,0.42000000000000004,2029-02,2029
3603,2033-07-31,North,Office Supplies,Home Office,Printer,4,1045,0.13,0.61,3636.6,2218.326,1418.274,0.38999999999999996,2033-07,2033
3604,2028-04-23,South,Furniture,Corporate,Phone,4,1382,0.02,0.68,5417.44,3683.8592,1733.5807999999997,0.31999999999999995,2028-04,2028
3605,2031-05-28,West,Furniture,Consumer,Desk,4,499,0.16,0.55,1676.6399999999999,922.152,754.4879999999998,0.44999999999999996,2031-05,2031
3606,2023-08-15,West,Furniture,Corporate,Phone,6,369,0.19,0.67,1793.3400000000001,1201.5378,591.8022000000001,0.33,2023-08,2023
3607,2032-09-17,West,Office Supplies,Home Office,Monitor,7,1955,0.08,0.58,12590.2,7302.316,5287.884000000001,0.42000000000000004,2032-09,2032
3608,2023-09-22,North,Office Supplies,Consumer,Laptop,5,1755,0.24,0.56,6669.0,3734.6400000000003,2934.3599999999997,0.43999999999999995,2023-09,2023
3609,2026-10-27,North,Technology,Corporate,Paper,8,1804,0.2,0.55,11545.6,6350.080000000001,5195.5199999999995,0.44999999999999996,2026-10,2026
3610,2032-09-27,West,Furniture,Home Office,Storage,7,585,0.2,0.74,3276.0,2424.24,851.7600000000002,0.26000000000000006,2032-09,2032
3611,2024-10-07,East,Technology,Corporate,Monitor,8,1703,0.13,0.68,11852.88,8059.9584,3792.9215999999988,0.3199999999999999,2024-10,2024
3612,2031-03-10,West,Technology,Consumer,Paper,4,158,0.29,0.46,448.71999999999997,206.4112,242.30879999999996,0.5399999999999999,2031-03,2031
3613,2028-03-14,South,Furniture,Home Office,Laptop,8,741,0.08,0.74,5453.76,4035.7824,1417.9776000000002,0.26,2028-03,2028
3614,2029-11-09,North,Office Supplies,Corporate,Printer,6,986,0.17,0.68,4910.28,3338.9904,1571.2895999999996,0.31999999999999995,2029-11,2029
3615,2030-08-04,South,Office Supplies,Consumer,Phone,3,365,0.09,0.49,996.45,488.26050000000004,508.1895,0.51,2030-08,2030
3616,2026-02-28,South,Technology,Consumer,Laptop,8,174,0.22,0.47,1085.76,510.30719999999997,575.4528,0.53,2026-02,2026
3617,2024-08-10,North,Technology,Corporate,Chair,7,1213,0.01,0.54,8406.09,4539.288600000001,3866.8013999999994,0.4599999999999999,2024-08,2024
3618,2035-07-08,East,Technology,Consumer,Laptop,5,604,0.01,0.64,2989.8,1913.4720000000002,1076.328,0.36,2035-07,2035
3619,2027-12-27,West,Technology,Home Office,Phone,4,456,0.24,0.63,1386.24,873.3312,512.9088,0.37000000000000005,2027-12,2027
3620,2025-09-12,South,Furniture,Consumer,Paper,1,253,0.13,0.53,220.10999999999999,116.6583,103.45169999999999,0.47,2025-09,2025
3621,2034-03-03,North,Technology,Corporate,Phone,3,1341,0.1,0.58,3620.7000000000003,2100.006,1520.6940000000004,0.4200000000000001,2034-03,2034
3622,2032-03-02,South,Technology,Home Office,Storage,2,585,0.18,0.51,959.4000000000001,489.29400000000004,470.10600000000005,0.49,2032-03,2032
3623,2033-06-28,West,Office Supplies,Consumer,Laptop,8,1663,0.21,0.47,10510.16,4939.7752,5570.3848,0.53,2033-06,2033
3624,2026-05-26,East,Office Supplies,Consumer,Phone,8,1253,0.06,0.61,9422.56,5747.7616,3674.7983999999997,0.39,2026-05,2026
3625,2023-07-09,East,Office Supplies,Home Office,Phone,5,165,0.06,0.55,775.5,426.52500000000003,348.97499999999997,0.44999999999999996,2023-07,2023
3626,2025-09-07,East,Furniture,Home Office,Monitor,5,1267,0.29,0.61,4497.849999999999,2743.6884999999997,1754.1614999999997,0.38999999999999996,2025-09,2025
3627,2027-08-26,North,Furniture,Consumer,Storage,4,479,0.18,0.73,1571.1200000000001,1146.9176,424.2024000000001,0.2700000000000001,2027-08,2027
3628,2027-09-12,North,Office Supplies,Home Office,Monitor,1,1436,0.12,0.49,1263.68,619.2032,644.4768,0.51,2027-09,2027
3629,2030-02-06,East,Office Supplies,Corporate,Storage,1,506,0.24,0.45,384.56,173.052,211.508,0.55,2030-02,2030
3630,2034-04-29,West,Technology,Consumer,Storage,6,1530,0.16,0.47,7711.2,3624.2639999999997,4086.936,0.53,2034-04,2034
3631,2035-02-20,West,Technology,Corporate,Paper,4,376,0.07,0.59,1398.7199999999998,825.2447999999998,573.4752,0.41000000000000003,2035-02,2035
3632,2026-01-03,North,Furniture,Consumer,Monitor,4,714,0.06,0.66,2684.64,1771.8624,912.7775999999999,0.33999999999999997,2026-01,2026
3633,2029-05-15,East,Furniture,Corporate,Storage,3,1532,0.12,0.62,4044.48,2507.5776,1536.9024,0.38,2029-05,2029
3634,2031-11-22,West,Technology,Corporate,Chair,9,413,0.26,0.6,2750.58,1650.348,1100.232,0.4,2031-11,2031
3635,2025-06-14,West,Office Supplies,Home Office,Paper,3,648,0.02,0.56,1905.12,1066.8672000000001,838.2527999999998,0.4399999999999999,2025-06,2025
3636,2027-08-02,West,Technology,Consumer,Printer,8,1372,0.07,0.54,10207.679999999998,5512.147199999999,4695.532799999999,0.45999999999999996,2027-08,2027
3637,2030-12-19,North,Furniture,Home Office,Phone,2,560,0.27,0.56,817.6,457.85600000000005,359.74399999999997,0.43999999999999995,2030-12,2030
3638,2025-07-19,East,Furniture,Home Office,Desk,4,498,0.04,0.63,1912.32,1204.7616,707.5583999999999,0.36999999999999994,2025-07,2025
3639,2035-01-02,South,Technology,Consumer,Storage,1,1791,0.19,0.5,1450.71,725.355,725.355,0.5,2035-01,2035
3640,2024-12-24,East,Technology,Corporate,Printer,5,550,0.06,0.68,2585.0,1757.8000000000002,827.1999999999998,0.31999999999999995,2024-12,2024
3641,2031-01-19,East,Technology,Consumer,Storage,2,570,0.18,0.62,934.8000000000001,579.576,355.22400000000005,0.38,2031-01,2031
3642,2025-12-25,North,Furniture,Consumer,Paper,1,1767,0.11,0.53,1572.63,833.4939,739.1361,0.47000000000000003,2025-12,2025
3643,2035-07-15,West,Office Supplies,Consumer,Paper,1,1682,0.03,0.6,1631.54,978.924,652.616,0.4,2035-07,2035
3644,2025-07-24,West,Technology,Home Office,Printer,2,1557,0.17,0.74,2584.62,1912.6188,672.0011999999999,0.26,2025-07,2025
3645,2029-04-14,North,Furniture,Consumer,Desk,5,1055,0.2,0.46,4220.0,1941.2,2278.8,0.54,2029-04,2029
3646,2023-06-05,North,Furniture,Consumer,Paper,9,1569,0.2,0.51,11296.800000000001,5761.368,5535.432000000001,0.49,2023-06,2023
3647,2025-12-06,North,Furniture,Consumer,Laptop,6,806,0.19,0.58,3917.1600000000003,2271.9528,1645.2072000000003,0.42000000000000004,2025-12,2025
3648,2028-05-12,North,Technology,Corporate,Chair,4,202,0.15,0.64,686.8,439.55199999999996,247.248,0.36,2028-05,2028
3649,2029-11-06,North,Technology,Corporate,Phone,3,427,0.16,0.51,1076.04,548.7804,527.2596,0.49,2029-11,2029
3650,2034-07-21,South,Office Supplies,Corporate,Laptop,8,1806,0.19,0.73,11702.880000000001,8543.1024,3159.7776000000013,0.2700000000000001,2034-07,2034
3651,2033-06-27,East,Furniture,Corporate,Monitor,3,700,0.21,0.64,1659.0,1061.76,597.24,0.36,2033-06,2033
3652,2025-05-04,East,Technology,Home Office,Desk,1,345,0.2,0.71,276.0,195.95999999999998,80.04000000000002,0.2900000000000001,2025-05,2025
3653,2024-10-01,East,Furniture,Home Office,Chair,4,1181,0.18,0.55,3873.6800000000003,2130.5240000000003,1743.156,0.44999999999999996,2024-10,2024
3654,2029-02-16,West,Furniture,Consumer,Chair,5,204,0.05,0.7,969.0,678.3,290.70000000000005,0.30000000000000004,2029-02,2029
3655,2027-05-22,South,Office Supplies,Home Office,Chair,5,791,0.06,0.56,3717.7,2081.9120000000003,1635.7879999999996,0.4399999999999999,2027-05,2027
3656,2024-03-17,East,Technology,Corporate,Desk,5,1071,0.08,0.53,4926.6,2611.0980000000004,2315.502,0.47,2024-03,2024
3657,2035-09-03,West,Technology,Consumer,Storage,8,1192,0.28,0.72,6865.92,4943.462399999999,1922.4576000000006,0.2800000000000001,2035-09,2035
3658,2026-08-29,South,Furniture,Consumer,Storage,8,1092,0.23,0.48,6726.72,3228.8256,3497.8944,0.52,2026-08,2026
3659,2033-02-17,South,Furniture,Corporate,Paper,4,1425,0.17,0.73,4731.0,3453.63,1277.37,0.26999999999999996,2033-02,2033
3660,2025-08-06,West,Office Supplies,Corporate,Monitor,9,252,0.08,0.59,2086.56,1231.0703999999998,855.4896000000001,0.4100000000000001,2025-08,2025
3661,2032-03-27,South,Office Supplies,Corporate,Storage,1,1660,0.03,0.75,1610.2,1207.65,402.54999999999995,0.24999999999999997,2032-03,2032
3662,2024-04-04,West,Office Supplies,Home Office,Paper,5,1158,0.27,0.61,4226.7,2578.287,1648.413,0.39,2024-04,2024
3663,2035-09-21,East,Office Supplies,Consumer,Laptop,5,1056,0.27,0.68,3854.4,2620.992,1233.408,0.31999999999999995,2035-09,2035
3664,2024-01-28,West,Office Supplies,Corporate,Paper,5,1138,0.03,0.45,5519.3,2483.685,3035.6150000000002,0.55,2024-01,2024
3665,2033-10-13,South,Office Supplies,Consumer,Phone,8,1229,0.24,0.6,7472.32,4483.392,2988.928,0.4,2033-10,2033
3666,2027-11-23,East,Furniture,Consumer,Paper,9,829,0.13,0.67,6491.07,4349.0169,2142.0531,0.33,2027-11,2027
3667,2036-07-11,East,Office Supplies,Home Office,Chair,3,173,0.1,0.68,467.1,317.62800000000004,149.47199999999998,0.31999999999999995,2036-07,2036
3668,2029-03-07,North,Furniture,Consumer,Monitor,9,955,0.22,0.5,6704.1,3352.05,3352.05,0.5,2029-03,2029
3669,2026-02-12,North,Furniture,Corporate,Monitor,8,384,0.18,0.58,2519.04,1461.0431999999998,1057.9968000000001,0.42000000000000004,2026-02,2026
3670,2033-06-05,South,Technology,Corporate,Chair,3,1673,0.23,0.58,3864.63,2241.4854,1623.1446,0.42,2033-06,2033
3671,2035-12-25,West,Furniture,Consumer,Laptop,2,1320,0.02,0.48,2587.2,1241.8559999999998,1345.344,0.52,2035-12,2035
3672,2029-09-20,West,Furniture,Consumer,Paper,4,379,0.1,0.58,1364.4,791.352,573.0480000000001,0.42000000000000004,2029-09,2029
3673,2027-01-06,South,Office Supplies,Home Office,Storage,2,886,0.1,0.69,1594.8,1100.4119999999998,494.38800000000015,0.3100000000000001,2027-01,2027
3674,2033-01-22,East,Furniture,Corporate,Paper,4,785,0.1,0.54,2826.0,1526.0400000000002,1299.9599999999998,0.4599999999999999,2033-01,2033
3675,2026-10-09,South,Office Supplies,Corporate,Chair,5,1940,0.15,0.58,8245.0,4782.099999999999,3462.9000000000005,0.42000000000000004,2026-10,2026
3676,2030-02-10,South,Office Supplies,Consumer,Chair,2,1679,0.08,0.74,3089.36,2286.1264,803.2336,0.26,2030-02,2030
3677,2023-05-22,East,Office Supplies,Consumer,Desk,8,1068,0.13,0.46,7433.28,3419.3088000000002,4013.9711999999995,0.5399999999999999,2023-05,2023
3678,2030-04-13,West,Technology,Consumer,Printer,1,1789,0.11,0.63,1592.21,1003.0923,589.1177,0.37,2030-04,2030
3679,2035-08-02,South,Office Supplies,Corporate,Monitor,3,1276,0.22,0.67,2985.84,2000.5128000000002,985.3272,0.32999999999999996,2035-08,2035
3680,2025-04-19,West,Furniture,Consumer,Laptop,7,390,0.18,0.68,2238.6000000000004,1522.2480000000003,716.3520000000001,0.32,2025-04,2025
3681,2032-11-27,South,Office Supplies,Home Office,Paper,1,1031,0.2,0.66,824.8000000000001,544.368,280.432,0.33999999999999997,2032-11,2032
3682,2033-09-22,East,Office Supplies,Home Office,Laptop,2,1265,0.06,0.67,2378.2,1593.394,784.8059999999998,0.32999999999999996,2033-09,2033
3683,2024-08-18,East,Office Supplies,Consumer,Storage,3,867,0.1,0.47,2340.9,1100.223,1240.6770000000001,0.53,2024-08,2024
3684,2028-03-19,North,Technology,Home Office,Laptop,2,411,0.01,0.61,813.78,496.4058,317.3742,0.38999999999999996,2028-03,2028
3685,2023-10-08,East,Furniture,Home Office,Storage,2,745,0.03,0.68,1445.3,982.8040000000001,462.49599999999987,0.3199999999999999,2023-10,2023
3686,2024-02-28,North,Technology,Home Office,Paper,6,1155,0.08,0.48,6375.6,3060.288,3315.3120000000004,0.52,2024-02,2024
3687,2034-12-14,South,Furniture,Home Office,Desk,7,125,0.02,0.45,857.5,385.875,471.625,0.55,2034-12,2034
3688,2034-08-20,West,Technology,Home Office,Paper,6,354,0.18,0.69,1741.68,1201.7592,539.9208000000001,0.31000000000000005,2034-08,2034
3689,2027-10-17,East,Furniture,Corporate,Desk,6,1858,0.3,0.66,7803.599999999999,5150.376,2653.2239999999993,0.3399999999999999,2027-10,2027
3690,2036-01-10,East,Technology,Consumer,Phone,9,1179,0.03,0.57,10292.67,5866.8219,4425.8481,0.43,2036-01,2036
3691,2028-05-21,East,Office Supplies,Home Office,Storage,8,392,0.25,0.73,2352.0,1716.96,635.04,0.26999999999999996,2028-05,2028
3692,2034-03-12,South,Technology,Consumer,Monitor,8,736,0.04,0.68,5652.48,3843.6864,1808.7935999999995,0.31999999999999995,2034-03,2034
3693,2034-06-10,North,Technology,Home Office,Desk,6,329,0.2,0.74,1579.2,1168.608,410.5920000000001,0.26000000000000006,2034-06,2034
3694,2031-01-25,South,Office Supplies,Corporate,Paper,5,152,0.19,0.73,615.6,449.38800000000003,166.212,0.26999999999999996,2031-01,2031
3695,2026-12-20,West,Office Supplies,Corporate,Storage,9,1053,0.27,0.59,6918.21,4081.7439,2836.4661,0.41000000000000003,2026-12,2026
3696,2029-05-20,South,Furniture,Home Office,Monitor,2,200,0.03,0.68,388.0,263.84000000000003,124.15999999999997,0.3199999999999999,2029-05,2029
3697,2029-01-29,West,Furniture,Home Office,Paper,7,1590,0.09,0.65,10128.300000000001,6583.395000000001,3544.9049999999997,0.3499999999999999,2029-01,2029
3698,2033-05-17,East,Furniture,Home Office,Monitor,6,1969,0.03,0.69,11459.58,7907.110199999999,3552.4698000000008,0.31000000000000005,2033-05,2033
3699,2030-09-11,West,Technology,Corporate,Paper,7,903,0.12,0.69,5562.4800000000005,3838.1112,1724.3688000000006,0.3100000000000001,2030-09,2030
3700,2035-12-12,West,Furniture,Corporate,Laptop,4,968,0.27,0.5,2826.56,1413.28,1413.28,0.5,2035-12,2035
3701,2027-03-12,North,Technology,Consumer,Phone,9,366,0.23,0.52,2536.38,1318.9176,1217.4624000000001,0.48000000000000004,2027-03,2027
3702,2036-05-14,West,Technology,Corporate,Printer,7,1918,0.22,0.53,10472.28,5550.308400000001,4921.9716,0.47,2036-05,2036
3703,2031-03-10,West,Furniture,Home Office,Chair,2,101,0.16,0.7,169.68,118.776,50.90400000000001,0.30000000000000004,2031-03,2031
3704,2035-04-21,South,Furniture,Consumer,Chair,4,121,0.27,0.69,353.32,243.7908,109.5292,0.31,2035-04,2035
3705,2026-02-17,East,Technology,Corporate,Phone,5,677,0.13,0.6,2944.95,1766.9699999999998,1177.98,0.4,2026-02,2026
3706,2025-07-22,South,Office Supplies,Corporate,Storage,2,311,0.04,0.62,597.12,370.2144,226.9056,0.38,2025-07,2025
3707,2026-12-31,South,Office Supplies,Home Office,Storage,8,1359,0.25,0.7,8154.0,5707.799999999999,2446.2000000000007,0.3000000000000001,2026-12,2026
3708,2030-06-16,East,Technology,Consumer,Storage,1,628,0.08,0.54,577.76,311.9904,265.76959999999997,0.45999999999999996,2030-06,2030
3709,2029-11-17,East,Furniture,Corporate,Printer,3,487,0.02,0.47,1431.78,672.9366,758.8434,0.53,2029-11,2029
3710,2023-10-13,West,Technology,Corporate,Monitor,1,113,0.04,0.59,108.47999999999999,64.00319999999999,44.4768,0.41000000000000003,2023-10,2023
3711,2023-09-22,West,Technology,Home Office,Chair,5,618,0.18,0.72,2533.8,1824.336,709.4640000000002,0.28,2023-09,2023
3712,2029-06-25,North,Furniture,Consumer,Phone,8,1970,0.18,0.69,12923.2,8917.008,4006.192000000001,0.31000000000000005,2029-06,2029
3713,2032-06-09,South,Office Supplies,Consumer,Storage,7,1345,0.08,0.56,8661.800000000001,4850.608000000001,3811.192,0.43999999999999995,2032-06,2032
3714,2036-06-17,East,Technology,Consumer,Desk,9,715,0.22,0.47,5019.3,2359.071,2660.2290000000003,0.53,2036-06,2036
3715,2027-10-29,West,Office Supplies,Consumer,Laptop,2,1061,0.23,0.64,1633.94,1045.7216,588.2184,0.36,2027-10,2027
3716,2031-05-07,East,Office Supplies,Home Office,Printer,8,502,0.28,0.7,2891.52,2024.0639999999999,867.4560000000001,0.30000000000000004,2031-05,2031
3717,2029-07-09,West,Furniture,Corporate,Paper,8,1636,0.18,0.65,10732.160000000002,6975.904000000001,3756.2560000000003,0.35,2029-07,2029
3718,2029-03-19,North,Technology,Corporate,Storage,6,386,0.23,0.58,1783.32,1034.3256,748.9944,0.42000000000000004,2029-03,2029
3719,2023-02-10,North,Technology,Consumer,Chair,3,483,0.23,0.49,1115.73,546.7077,569.0223,0.51,2023-02,2023
3720,2023-03-09,East,Office Supplies,Consumer,Laptop,2,1370,0.08,0.72,2520.8,1814.976,705.8240000000001,0.28,2023-03,2023
3721,2025-09-14,North,Office Supplies,Consumer,Phone,8,1214,0.09,0.53,8837.92,4684.0976,4153.8224,0.47,2025-09,2025
3722,2033-12-22,East,Furniture,Corporate,Storage,6,925,0.14,0.52,4773.0,2481.96,2291.04,0.48,2033-12,2033
3723,2031-10-04,West,Office Supplies,Corporate,Chair,4,411,0.01,0.69,1627.56,1123.0164,504.54359999999997,0.31,2031-10,2031
3724,2036-02-12,South,Furniture,Consumer,Laptop,5,1560,0.09,0.74,7098.0,5252.5199999999995,1845.4800000000005,0.26000000000000006,2036-02,2036
3725,2029-11-29,North,Technology,Home Office,Desk,5,825,0.14,0.65,3547.5,2305.875,1241.625,0.35,2029-11,2029
3726,2025-12-21,West,Furniture,Corporate,Printer,9,142,0.03,0.64,1239.6599999999999,793.3824,446.2775999999999,0.35999999999999993,2025-12,2025
3727,2029-10-15,South,Office Supplies,Corporate,Phone,9,1197,0.04,0.55,10342.08,5688.144,4653.936,0.44999999999999996,2029-10,2029
3728,2027-08-21,South,Technology,Consumer,Paper,8,853,0.14,0.46,5868.64,2699.5744000000004,3169.0656,0.5399999999999999,2027-08,2027
3729,2029-05-04,South,Furniture,Home Office,Chair,8,1092,0.22,0.51,6814.08,3475.1808,3338.8992,0.49,2029-05,2029
3730,2025-02-17,West,Technology,Consumer,Monitor,2,1684,0.25,0.63,2526.0,1591.38,934.6199999999999,0.36999999999999994,2025-02,2025
3731,2035-07-26,West,Furniture,Consumer,Desk,3,975,0.16,0.5,2457.0,1228.5,1228.5,0.5,2035-07,2035
3732,2027-05-05,East,Office Supplies,Home Office,Printer,8,1439,0.14,0.72,9900.32,7128.2303999999995,2772.0896000000002,0.28,2027-05,2027
3733,2027-02-01,South,Office Supplies,Home Office,Printer,5,833,0.12,0.51,3665.2,1869.252,1795.9479999999999,0.49,2027-02,2027
3734,2024-10-22,South,Technology,Home Office,Monitor,7,1985,0.06,0.61,13061.3,7967.392999999999,5093.907,0.39,2024-10,2024
3735,2026-09-10,South,Technology,Corporate,Paper,8,243,0.04,0.6,1866.24,1119.744,746.4960000000001,0.4,2026-09,2026
3736,2026-07-23,East,Technology,Consumer,Desk,6,1452,0.24,0.63,6621.12,4171.3056,2449.8144,0.37000000000000005,2026-07,2026
3737,2033-10-15,South,Furniture,Corporate,Chair,5,308,0.14,0.55,1324.4,728.4200000000001,595.98,0.44999999999999996,2033-10,2033
3738,2028-06-09,West,Office Supplies,Home Office,Printer,8,1222,0.24,0.71,7429.76,5275.1296,2154.6304,0.29,2028-06,2028
3739,2028-08-06,South,Technology,Corporate,Phone,1,799,0.21,0.58,631.21,366.10179999999997,265.10820000000007,0.4200000000000001,2028-08,2028
3740,2032-08-17,North,Technology,Home Office,Laptop,1,213,0.06,0.66,200.22,132.14520000000002,68.07479999999998,0.3399999999999999,2032-08,2032
3741,2025-11-24,West,Technology,Home Office,Phone,1,274,0.15,0.64,232.9,149.056,83.844,0.36,2025-11,2025
3742,2025-09-03,East,Furniture,Consumer,Paper,3,370,0.13,0.49,965.7,473.19300000000004,492.507,0.51,2025-09,2025
3743,2035-07-14,South,Technology,Consumer,Storage,6,162,0.13,0.64,845.64,541.2096,304.43039999999996,0.36,2035-07,2035
3744,2024-12-28,North,Technology,Consumer,Paper,6,1107,0.16,0.62,5579.28,3459.1535999999996,2120.1264,0.38000000000000006,2024-12,2024
3745,2029-12-02,East,Furniture,Corporate,Printer,5,895,0.29,0.72,3177.25,2287.62,889.6300000000001,0.28,2029-12,2029
3746,2031-08-03,East,Furniture,Consumer,Laptop,7,1527,0.24,0.71,8123.64,5767.7844,2355.855600000001,0.2900000000000001,2031-08,2031
3747,2023-12-09,West,Technology,Home Office,Desk,5,324,0.27,0.5,1182.6,591.3,591.3,0.5,2023-12,2023
3748,2026-12-18,East,Technology,Consumer,Laptop,2,260,0.01,0.47,514.8,241.95599999999996,272.844,0.53,2026-12,2026
3749,2029-07-07,East,Furniture,Corporate,Paper,4,1159,0.04,0.54,4450.5599999999995,2403.3024,2047.2575999999995,0.4599999999999999,2029-07,2029
3750,2033-01-07,East,Office Supplies,Consumer,Laptop,1,480,0.03,0.75,465.59999999999997,349.2,116.39999999999998,0.24999999999999997,2033-01,2033
3751,2024-06-10,East,Furniture,Consumer,Monitor,7,1776,0.08,0.46,11437.44,5261.222400000001,6176.2176,0.5399999999999999,2024-06,2024
3752,2028-03-11,South,Office Supplies,Consumer,Laptop,4,417,0.13,0.65,1451.16,943.2540000000001,507.90599999999995,0.3499999999999999,2028-03,2028
3753,2036-01-07,South,Technology,Corporate,Printer,4,807,0.19,0.63,2614.6800000000003,1647.2484000000002,967.4316000000001,0.37,2036-01,2036
3754,2028-09-04,South,Technology,Home Office,Monitor,4,1786,0.15,0.64,6072.4,3886.336,2186.064,0.36,2028-09,2028
3755,2036-06-16,South,Office Supplies,Home Office,Paper,3,555,0.27,0.52,1215.45,632.034,583.416,0.48000000000000004,2036-06,2036
3756,2024-02-10,North,Furniture,Home Office,Paper,8,1392,0.28,0.52,8017.92,4169.3184,3848.6016,0.48,2024-02,2024
3757,2027-04-23,South,Technology,Consumer,Paper,4,443,0.05,0.58,1683.3999999999999,976.3719999999998,707.028,0.42000000000000004,2027-04,2027
3758,2035-08-06,East,Office Supplies,Consumer,Monitor,8,1163,0.26,0.48,6884.96,3304.7808,3580.1792,0.52,2035-08,2035
3759,2033-03-29,South,Furniture,Corporate,Storage,9,1873,0.14,0.47,14497.02,6813.5994,7683.4206,0.53,2033-03,2033
3760,2034-09-14,South,Office Supplies,Home Office,Storage,1,513,0.14,0.48,441.18,211.7664,229.4136,0.52,2034-09,2034
3761,2034-07-29,West,Furniture,Consumer,Monitor,4,1503,0.24,0.62,4569.12,2832.8543999999997,1736.2656000000002,0.38000000000000006,2034-07,2034
3762,2028-01-21,East,Furniture,Consumer,Monitor,6,1345,0.03,0.57,7827.9,4461.902999999999,3365.9970000000003,0.43000000000000005,2028-01,2028
3763,2027-01-18,South,Furniture,Consumer,Paper,8,1404,0.26,0.54,8311.68,4488.3072,3823.3728,0.46,2027-01,2027
3764,2029-07-23,South,Furniture,Corporate,Paper,6,324,0.2,0.54,1555.2,839.8080000000001,715.3919999999999,0.45999999999999996,2029-07,2029
3765,2025-02-10,South,Office Supplies,Home Office,Paper,6,1580,0.26,0.51,7015.2,3577.752,3437.448,0.49,2025-02,2025
3766,2024-08-01,North,Office Supplies,Corporate,Chair,4,1277,0.3,0.57,3575.6,2038.0919999999999,1537.508,0.43000000000000005,2024-08,2024
3767,2030-12-11,South,Office Supplies,Home Office,Storage,9,379,0.16,0.51,2865.24,1461.2723999999998,1403.9676,0.49000000000000005,2030-12,2030
3768,2023-07-13,West,Office Supplies,Home Office,Printer,7,1476,0.03,0.66,10022.039999999999,6614.546399999999,3407.4936,0.34,2023-07,2023
3769,2028-06-30,East,Office Supplies,Consumer,Chair,6,1162,0.05,0.49,6623.4,3245.466,3377.9339999999997,0.51,2028-06,2028
3770,2026-03-31,East,Furniture,Consumer,Desk,1,828,0.1,0.73,745.2,543.996,201.20400000000006,0.2700000000000001,2026-03,2026
3771,2029-07-22,South,Technology,Consumer,Desk,2,1879,0.03,0.48,3645.2599999999998,1749.7247999999997,1895.5352,0.52,2029-07,2029
3772,2031-03-18,South,Technology,Consumer,Desk,6,720,0.24,0.73,3283.2,2396.736,886.4639999999999,0.27,2031-03,2031
3773,2027-11-28,South,Office Supplies,Consumer,Desk,1,1074,0.09,0.7,977.34,684.138,293.202,0.3,2027-11,2027
3774,2026-01-15,East,Office Supplies,Home Office,Desk,5,672,0.29,0.65,2385.6,1550.64,834.9599999999998,0.3499999999999999,2026-01,2026
3775,2033-12-19,East,Technology,Consumer,Phone,1,588,0.21,0.72,464.52000000000004,334.4544,130.06560000000002,0.28,2033-12,2033
3776,2029-03-11,North,Furniture,Consumer,Monitor,3,1107,0.05,0.49,3154.95,1545.9254999999998,1609.0245,0.51,2029-03,2029
3777,2033-03-25,West,Office Supplies,Corporate,Printer,7,1036,0.14,0.5,6236.72,3118.36,3118.36,0.5,2033-03,2033
3778,2033-05-21,North,Furniture,Corporate,Chair,5,1321,0.14,0.53,5680.3,3010.559,2669.741,0.47,2033-05,2033
3779,2028-04-20,West,Technology,Home Office,Desk,1,1399,0.15,0.52,1189.1499999999999,618.358,570.7919999999999,0.48,2028-04,2028
3780,2036-05-07,North,Technology,Home Office,Phone,1,1295,0.16,0.54,1087.8,587.412,500.3879999999999,0.45999999999999996,2036-05,2036
3781,2034-12-06,East,Office Supplies,Corporate,Paper,8,883,0.01,0.62,6993.36,4335.8832,2657.4767999999995,0.37999999999999995,2034-12,2034
3782,2024-12-30,North,Furniture,Corporate,Paper,9,607,0.21,0.46,4315.77,1985.2542000000003,2330.5158,0.5399999999999999,2024-12,2024
3783,2034-12-27,West,Office Supplies,Consumer,Storage,7,504,0.15,0.56,2998.7999999999997,1679.328,1319.4719999999998,0.43999999999999995,2034-12,2034
3784,2032-06-13,South,Technology,Consumer,Phone,3,1394,0.24,0.52,3178.32,1652.7264000000002,1525.5936,0.4799999999999999,2032-06,2032
3785,2035-03-16,West,Furniture,Home Office,Phone,6,1677,0.24,0.63,7647.12,4817.6856,2829.4344,0.37,2035-03,2035
3786,2035-06-03,South,Office Supplies,Corporate,Printer,3,1824,0.07,0.75,5088.96,3816.7200000000003,1272.2399999999998,0.24999999999999994,2035-06,2035
3787,2028-11-10,East,Office Supplies,Home Office,Desk,4,871,0.01,0.61,3449.16,2103.9876,1345.1724,0.39,2028-11,2028
3788,2027-07-03,West,Office Supplies,Consumer,Phone,4,763,0.21,0.58,2411.08,1398.4263999999998,1012.6536000000001,0.42000000000000004,2027-07,2027
3789,2030-09-01,North,Technology,Home Office,Monitor,3,230,0.29,0.56,489.9,274.344,215.55599999999998,0.44,2030-09,2030
3790,2036-08-02,West,Office Supplies,Home Office,Phone,6,1749,0.13,0.69,9129.78,6299.5482,2830.2318000000005,0.31000000000000005,2036-08,2036
3791,2023-05-22,South,Furniture,Home Office,Desk,5,1508,0.08,0.47,6936.8,3260.296,3676.5040000000004,0.53,2023-05,2023
3792,2026-12-26,East,Office Supplies,Consumer,Printer,9,1857,0.05,0.74,15877.349999999999,11749.239,4128.110999999999,0.25999999999999995,2026-12,2026
3793,2036-02-18,North,Technology,Home Office,Phone,9,1520,0.09,0.58,12448.800000000001,7220.304,5228.496000000001,0.42000000000000004,2036-02,2036
3794,2028-09-27,West,Office Supplies,Consumer,Chair,3,1689,0.1,0.54,4560.3,2462.5620000000004,2097.738,0.45999999999999996,2028-09,2028
3795,2026-08-18,South,Technology,Corporate,Laptop,9,1973,0.13,0.74,15448.59,11431.9566,4016.6334000000006,0.26000000000000006,2026-08,2026
3796,2036-08-16,North,Technology,Home Office,Paper,3,1419,0.2,0.73,3405.6000000000004,2486.088,919.5120000000002,0.27,2036-08,2036
3797,2026-04-28,East,Furniture,Home Office,Storage,4,1506,0.08,0.64,5542.08,3546.9312,1995.1488,0.36,2026-04,2026
3798,2026-03-05,North,Furniture,Consumer,Laptop,1,1635,0.02,0.46,1602.3,737.058,865.242,0.54,2026-03,2026
3799,2035-09-25,East,Office Supplies,Home Office,Laptop,5,1518,0.11,0.67,6755.1,4525.917,2229.183,0.32999999999999996,2035-09,2035
3800,2035-04-27,North,Technology,Consumer,Printer,9,1677,0.26,0.55,11168.82,6142.851000000001,5025.968999999999,0.44999999999999996,2035-04,2035
3801,2036-08-27,West,Technology,Home Office,Paper,2,1728,0.15,0.57,2937.6,1674.4319999999998,1263.1680000000001,0.43000000000000005,2036-08,2036
3802,2035-11-11,South,Furniture,Corporate,Phone,4,1383,0.29,0.5,3927.72,1963.86,1963.86,0.5,2035-11,2035
3803,2023-12-07,West,Furniture,Corporate,Laptop,2,380,0.15,0.61,646.0,394.06,251.94,0.39,2023-12,2023
3804,2033-06-25,West,Office Supplies,Corporate,Laptop,8,1479,0.08,0.67,10885.44,7293.2448,3592.1952,0.33,2033-06,2033
3805,2028-05-22,East,Technology,Home Office,Paper,9,519,0.06,0.53,4390.74,2327.0922,2063.6477999999997,0.47,2028-05,2028
3806,2024-12-04,East,Furniture,Home Office,Storage,3,1315,0.21,0.73,3116.55,2275.0815000000002,841.4685,0.26999999999999996,2024-12,2024
3807,2035-01-31,East,Office Supplies,Corporate,Desk,9,736,0.16,0.51,5564.16,2837.7216,2726.4384,0.49,2035-01,2035
3808,2029-08-26,West,Technology,Corporate,Monitor,6,1551,0.18,0.47,7630.920000000001,3586.5324,4044.387600000001,0.53,2029-08,2029
3809,2027-12-06,North,Technology,Consumer,Monitor,6,907,0.23,0.64,4190.34,2681.8176000000003,1508.5223999999998,0.35999999999999993,2027-12,2027
3810,2036-06-13,North,Furniture,Consumer,Paper,7,447,0.22,0.7,2440.62,1708.4339999999997,732.1860000000001,0.3000000000000001,2036-06,2036
3811,2035-09-23,West,Office Supplies,Corporate,Phone,5,528,0.01,0.74,2613.6,1934.0639999999999,679.5360000000001,0.26,2035-09,2035
3812,2025-05-05,West,Furniture,Corporate,Phone,6,1515,0.24,0.68,6908.4,4697.712,2210.687999999999,0.3199999999999999,2025-05,2025
3813,2027-12-18,South,Office Supplies,Home Office,Storage,1,1464,0.16,0.51,1229.76,627.1776,602.5824,0.49,2027-12,2027
3814,2030-11-06,East,Technology,Corporate,Desk,3,646,0.12,0.74,1705.44,1262.0256,443.4144000000001,0.26000000000000006,2030-11,2030
3815,2032-12-21,East,Office Supplies,Consumer,Paper,9,1039,0.16,0.73,7854.84,5734.0332,2120.8068000000003,0.27,2032-12,2032
3816,2023-07-02,West,Office Supplies,Consumer,Phone,5,501,0.18,0.5,2054.1000000000004,1027.0500000000002,1027.0500000000002,0.5,2023-07,2023
3817,2031-07-10,West,Office Supplies,Consumer,Monitor,5,1170,0.04,0.62,5616.0,3481.92,2134.08,0.38,2031-07,2031
3818,2035-04-20,North,Office Supplies,Consumer,Monitor,8,764,0.13,0.62,5317.44,3296.8127999999997,2020.6272,0.38,2035-04,2035
3819,2027-02-26,West,Office Supplies,Consumer,Chair,2,849,0.1,0.58,1528.2,886.356,641.844,0.42000000000000004,2027-02,2027
3820,2026-09-18,North,Furniture,Consumer,Storage,7,1548,0.11,0.75,9644.04,7233.030000000001,2411.01,0.25,2026-09,2026
3821,2028-12-14,West,Office Supplies,Corporate,Printer,9,1640,0.03,0.47,14317.199999999999,6729.083999999999,7588.116,0.53,2028-12,2028
3822,2032-12-08,South,Office Supplies,Consumer,Desk,7,1059,0.05,0.64,7042.349999999999,4507.103999999999,2535.246,0.36000000000000004,2032-12,2032
3823,2032-12-07,South,Technology,Consumer,Storage,5,736,0.05,0.51,3496.0,1782.96,1713.04,0.49,2032-12,2032
3824,2034-03-20,North,Office Supplies,Consumer,Laptop,6,978,0.11,0.61,5222.52,3185.7372,2036.7828000000004,0.39000000000000007,2034-03,2034
3825,2031-11-14,East,Technology,Consumer,Paper,4,1451,0.27,0.68,4236.92,2881.1056000000003,1355.8143999999998,0.31999999999999995,2031-11,2031
3826,2033-02-08,South,Furniture,Corporate,Phone,7,186,0.06,0.52,1223.8799999999999,636.4176,587.4623999999999,0.48,2033-02,2033
3827,2023-01-19,North,Furniture,Home Office,Chair,1,614,0.12,0.57,540.32,307.9824,232.33760000000007,0.4300000000000001,2023-01,2023
3828,2032-04-26,West,Office Supplies,Home Office,Monitor,4,1103,0.09,0.74,4014.92,2971.0408,1043.8791999999999,0.25999999999999995,2032-04,2032
3829,2035-10-24,West,Furniture,Home Office,Chair,3,1288,0.24,0.68,2936.64,1996.9152000000001,939.7247999999997,0.3199999999999999,2035-10,2035
3830,2035-06-18,North,Office Supplies,Home Office,Printer,4,1346,0.02,0.62,5276.32,3271.3183999999997,2005.0016,0.38,2035-06,2035
3831,2031-03-24,East,Furniture,Consumer,Paper,1,960,0.06,0.52,902.4,469.248,433.152,0.48,2031-03,2031
3832,2026-02-06,North,Office Supplies,Home Office,Storage,2,1420,0.06,0.58,2669.6,1548.368,1121.232,0.42,2026-02,2026
3833,2032-02-22,North,Office Supplies,Home Office,Chair,9,1015,0.3,0.68,6394.5,4348.26,2046.2399999999998,0.31999999999999995,2032-02,2032
3834,2032-01-25,South,Technology,Corporate,Storage,7,550,0.17,0.7,3195.5,2236.85,958.6500000000001,0.30000000000000004,2032-01,2032
3835,2032-03-26,North,Technology,Corporate,Paper,6,1466,0.04,0.52,8444.16,4390.9632,4053.1967999999997,0.48,2032-03,2032
3836,2025-09-14,North,Technology,Corporate,Phone,2,440,0.08,0.65,809.6,526.24,283.36,0.35000000000000003,2025-09,2025
3837,2032-02-04,West,Technology,Consumer,Phone,1,1584,0.05,0.48,1504.8,722.304,782.496,0.52,2032-02,2032
3838,2035-08-21,South,Office Supplies,Consumer,Monitor,2,1515,0.04,0.46,2908.7999999999997,1338.048,1570.7519999999997,0.5399999999999999,2035-08,2035
3839,2036-07-25,West,Furniture,Consumer,Chair,7,1660,0.24,0.61,8831.2,5387.032,3444.1680000000006,0.39,2036-07,2036
3840,2023-06-23,West,Office Supplies,Corporate,Phone,2,1674,0.15,0.52,2845.7999999999997,1479.8159999999998,1365.984,0.48000000000000004,2023-06,2023
3841,2033-03-30,East,Technology,Home Office,Paper,3,520,0.19,0.47,1263.6000000000001,593.892,669.7080000000001,0.53,2033-03,2033
3842,2031-05-11,East,Technology,Corporate,Storage,8,480,0.1,0.67,3456.0,2315.52,1140.48,0.33,2031-05,2031
3843,2024-12-27,South,Furniture,Consumer,Monitor,7,1740,0.17,0.6,10109.4,6065.639999999999,4043.76,0.4,2024-12,2024
3844,2033-04-18,South,Technology,Corporate,Phone,9,104,0.08,0.69,861.12,594.1727999999999,266.94720000000007,0.31000000000000005,2033-04,2033
3845,2028-02-19,East,Office Supplies,Home Office,Paper,4,747,0.09,0.65,2719.08,1767.402,951.6779999999999,0.35,2028-02,2028
3846,2034-01-16,East,Office Supplies,Consumer,Paper,7,1127,0.2,0.67,6311.200000000001,4228.504000000001,2082.696,0.32999999999999996,2034-01,2034
3847,2025-09-16,East,Office Supplies,Home Office,Monitor,1,1804,0.05,0.54,1713.8,925.452,788.348,0.45999999999999996,2025-09,2025
3848,2033-04-02,East,Office Supplies,Home Office,Laptop,2,415,0.19,0.53,672.3000000000001,356.3190000000001,315.981,0.4699999999999999,2033-04,2033
3849,2030-05-10,East,Office Supplies,Consumer,Storage,7,1945,0.26,0.63,10075.1,6347.313,3727.7870000000003,0.37,2030-05,2030
3850,2024-02-24,West,Furniture,Home Office,Paper,2,1201,0.04,0.51,2305.92,1176.0192,1129.9008000000001,0.49000000000000005,2024-02,2024
3851,2024-08-16,South,Office Supplies,Corporate,Monitor,6,630,0.27,0.69,2759.4,1903.9859999999999,855.4140000000002,0.31000000000000005,2024-08,2024
3852,2027-11-10,West,Technology,Home Office,Desk,9,1840,0.02,0.61,16228.8,9899.568,6329.232,0.39,2027-11,2027
3853,2029-09-25,West,Technology,Home Office,Paper,5,454,0.1,0.52,2043.0,1062.3600000000001,980.6399999999999,0.4799999999999999,2029-09,2029
3854,2025-07-24,North,Technology,Home Office,Phone,7,1959,0.18,0.64,11244.660000000002,7196.582400000001,4048.0776000000005,0.36,2025-07,2025
3855,2033-06-05,West,Technology,Corporate,Phone,1,1156,0.17,0.73,959.4799999999999,700.4203999999999,259.05960000000005,0.2700000000000001,2033-06,2033
3856,2023-11-28,East,Furniture,Home Office,Storage,8,761,0.03,0.47,5905.36,2775.5191999999997,3129.8408,0.53,2023-11,2023
3857,2032-06-11,East,Technology,Home Office,Paper,9,1828,0.24,0.48,12503.52,6001.6896,6501.830400000001,0.52,2032-06,2032
3858,2030-05-26,North,Furniture,Corporate,Printer,5,1262,0.29,0.7,4480.099999999999,3136.0699999999993,1344.0300000000002,0.3000000000000001,2030-05,2030
3859,2033-12-20,North,Technology,Consumer,Desk,6,1395,0.05,0.48,7951.5,3816.72,4134.780000000001,0.5200000000000001,2033-12,2033
3860,2033-08-04,North,Furniture,Consumer,Monitor,8,1319,0.27,0.46,7702.96,3543.3616,4159.5984,0.5399999999999999,2033-08,2033
3861,2034-07-02,North,Furniture,Consumer,Desk,4,226,0.17,0.55,750.3199999999999,412.676,337.64399999999995,0.44999999999999996,2034-07,2034
3862,2023-07-21,North,Furniture,Home Office,Monitor,2,448,0.28,0.59,645.12,380.6208,264.49920000000003,0.41000000000000003,2023-07,2023
3863,2029-11-02,West,Technology,Consumer,Paper,8,1866,0.05,0.62,14181.599999999999,8792.591999999999,5389.008,0.38,2029-11,2029
3864,2028-01-17,North,Furniture,Corporate,Desk,2,1167,0.24,0.6,1773.84,1064.3039999999999,709.5360000000001,0.4000000000000001,2028-01,2028
3865,2028-02-10,West,Office Supplies,Home Office,Chair,5,841,0.02,0.72,4120.9,2967.048,1153.8519999999999,0.27999999999999997,2028-02,2028
3866,2028-06-19,South,Office Supplies,Home Office,Laptop,6,827,0.26,0.68,3671.88,2496.8784,1175.0016,0.32,2028-06,2028
3867,2025-06-28,North,Technology,Home Office,Laptop,5,343,0.2,0.75,1372.0,1029.0,343.0,0.25,2025-06,2025
3868,2034-10-15,North,Office Supplies,Consumer,Printer,6,108,0.11,0.59,576.72,340.2648,236.45520000000005,0.4100000000000001,2034-10,2034
3869,2035-10-03,West,Office Supplies,Consumer,Desk,6,1885,0.06,0.48,10631.4,5103.071999999999,5528.328,0.52,2035-10,2035
3870,2031-09-25,South,Office Supplies,Consumer,Desk,3,811,0.24,0.74,1849.08,1368.3192,480.7608,0.26,2031-09,2031
3871,2025-02-09,West,Technology,Home Office,Phone,3,945,0.18,0.45,2324.7000000000003,1046.1150000000002,1278.585,0.5499999999999999,2025-02,2025
3872,2031-08-22,West,Technology,Corporate,Monitor,9,1202,0.11,0.68,9628.02,6547.053600000001,3080.9663999999993,0.3199999999999999,2031-08,2031
3873,2029-11-06,North,Office Supplies,Home Office,Storage,3,1880,0.13,0.46,4906.8,2257.128,2649.672,0.54,2029-11,2029
3874,2030-06-07,East,Technology,Corporate,Chair,3,1313,0.25,0.68,2954.25,2008.89,945.3599999999999,0.31999999999999995,2030-06,2030
3875,2035-12-08,East,Furniture,Home Office,Chair,2,185,0.1,0.73,333.0,243.09,89.91,0.26999999999999996,2035-12,2035
3876,2032-10-25,West,Office Supplies,Corporate,Paper,7,1608,0.03,0.57,10918.32,6223.442399999999,4694.877600000001,0.4300000000000001,2032-10,2032
3877,2027-06-17,North,Technology,Home Office,Printer,4,370,0.27,0.52,1080.3999999999999,561.808,518.5919999999999,0.4799999999999999,2027-06,2027
3878,2024-01-22,South,Technology,Home Office,Laptop,1,1897,0.12,0.52,1669.36,868.0672,801.2927999999999,0.48,2024-01,2024
3879,2032-05-14,East,Office Supplies,Corporate,Paper,6,612,0.1,0.6,3304.8,1982.88,1321.92,0.4,2032-05,2032
3880,2033-12-22,South,Technology,Corporate,Desk,5,1143,0.06,0.5,5372.099999999999,2686.0499999999997,2686.0499999999997,0.5,2033-12,2033
3881,2034-03-17,East,Office Supplies,Corporate,Storage,2,1612,0.27,0.65,2353.52,1529.788,823.732,0.35,2034-03,2034
3882,2034-12-12,North,Technology,Corporate,Printer,6,229,0.07,0.56,1277.82,715.5792,562.2407999999999,0.43999999999999995,2034-12,2034
3883,2029-10-02,West,Furniture,Corporate,Monitor,1,937,0.19,0.55,758.97,417.43350000000004,341.5365,0.44999999999999996,2029-10,2029
3884,2029-04-01,South,Office Supplies,Corporate,Chair,3,869,0.26,0.59,1929.18,1138.2162,790.9638,0.41,2029-04,2029
3885,2028-01-31,South,Furniture,Corporate,Chair,4,1766,0.01,0.61,6993.36,4265.9496,2727.4103999999998,0.38999999999999996,2028-01,2028
3886,2028-06-21,West,Office Supplies,Corporate,Chair,3,1130,0.25,0.49,2542.5,1245.825,1296.675,0.51,2028-06,2028
3887,2026-05-21,South,Technology,Home Office,Desk,6,951,0.12,0.66,5021.28,3314.0448,1707.2351999999996,0.33999999999999997,2026-05,2026
3888,2035-10-14,East,Furniture,Corporate,Desk,4,1876,0.2,0.71,6003.200000000001,4262.272,1740.9280000000008,0.2900000000000001,2035-10,2035
3889,2034-05-07,West,Technology,Corporate,Desk,1,1827,0.11,0.53,1626.03,861.7959000000001,764.2340999999999,0.4699999999999999,2034-05,2034
3890,2026-02-24,East,Office Supplies,Home Office,Phone,5,1036,0.21,0.5,4092.2000000000003,2046.1000000000001,2046.1000000000001,0.5,2026-02,2026
3891,2034-10-28,East,Office Supplies,Home Office,Laptop,5,1433,0.08,0.68,6591.8,4482.424000000001,2109.3759999999993,0.3199999999999999,2034-10,2034
3892,2026-12-02,North,Office Supplies,Consumer,Monitor,9,1932,0.01,0.51,17214.12,8779.2012,8434.9188,0.49,2026-12,2026
3893,2027-12-25,East,Office Supplies,Consumer,Chair,8,1750,0.28,0.46,10080.0,4636.8,5443.2,0.54,2027-12,2027
3894,2029-05-13,North,Office Supplies,Corporate,Chair,8,1000,0.0,0.64,8000.0,5120.0,2880.0,0.36,2029-05,2029
3895,2026-02-04,South,Furniture,Corporate,Paper,5,572,0.25,0.52,2145.0,1115.4,1029.6,0.48,2026-02,2026
3896,2030-04-12,South,Office Supplies,Consumer,Phone,8,1225,0.05,0.5,9310.0,4655.0,4655.0,0.5,2030-04,2030
3897,2032-08-01,North,Technology,Consumer,Chair,7,437,0.12,0.74,2691.92,1992.0208,699.8992000000001,0.26,2032-08,2032
3898,2024-01-10,East,Furniture,Corporate,Monitor,1,418,0.25,0.54,313.5,169.29000000000002,144.20999999999998,0.4599999999999999,2024-01,2024
3899,2028-10-21,West,Technology,Consumer,Chair,7,1636,0.06,0.72,10764.88,7750.713599999999,3014.1664,0.28,2028-10,2028
3900,2034-01-03,West,Office Supplies,Corporate,Desk,8,1148,0.26,0.5,6796.16,3398.08,3398.08,0.5,2034-01,2034
3901,2028-07-14,North,Technology,Home Office,Desk,3,820,0.15,0.7,2091.0,1463.6999999999998,627.3000000000002,0.3000000000000001,2028-07,2028
3902,2033-02-22,South,Furniture,Home Office,Laptop,9,1553,0.11,0.6,12439.53,7463.718,4975.812000000001,0.4,2033-02,2033
3903,2031-12-04,South,Furniture,Consumer,Monitor,8,242,0.2,0.47,1548.8000000000002,727.936,820.8640000000001,0.53,2031-12,2031
3904,2032-05-28,West,Furniture,Home Office,Monitor,2,1832,0.1,0.67,3297.6,2209.3920000000003,1088.2079999999996,0.3299999999999999,2032-05,2032
3905,2028-03-04,North,Technology,Home Office,Chair,6,756,0.1,0.72,4082.4,2939.328,1143.0720000000001,0.28,2028-03,2028
3906,2027-12-29,West,Furniture,Home Office,Printer,4,1272,0.22,0.5,3968.6400000000003,1984.3200000000002,1984.3200000000002,0.5,2027-12,2027
3907,2027-01-14,East,Technology,Home Office,Chair,3,1816,0.09,0.67,4957.68,3321.6456000000003,1636.0344,0.32999999999999996,2027-01,2027
3908,2029-02-20,East,Office Supplies,Corporate,Chair,6,1178,0.06,0.58,6643.92,3853.4736,2790.4464000000003,0.42000000000000004,2029-02,2029
3909,2031-11-18,North,Office Supplies,Corporate,Laptop,9,570,0.24,0.68,3898.8,2651.184,1247.616,0.32,2031-11,2031
3910,2031-08-01,North,Technology,Consumer,Printer,2,462,0.24,0.66,702.24,463.4784,238.7616,0.33999999999999997,2031-08,2031
3911,2028-09-01,East,Furniture,Home Office,Paper,5,749,0.15,0.46,3183.25,1464.295,1718.955,0.5399999999999999,2028-09,2028
3912,2023-12-26,South,Technology,Home Office,Chair,6,308,0.16,0.5,1552.32,776.16,776.16,0.5,2023-12,2023
3913,2028-08-03,North,Technology,Home Office,Storage,4,1308,0.21,0.59,4133.28,2438.6351999999997,1694.6448,0.41000000000000003,2028-08,2028
3914,2026-02-15,East,Technology,Consumer,Storage,7,1188,0.15,0.73,7068.599999999999,5160.0779999999995,1908.522,0.27,2026-02,2026
3915,2027-06-24,East,Office Supplies,Corporate,Monitor,2,648,0.13,0.55,1127.52,620.1360000000001,507.3839999999999,0.4499999999999999,2027-06,2027
3916,2033-12-14,South,Technology,Home Office,Monitor,7,1235,0.3,0.64,6051.5,3872.96,2178.54,0.36,2033-12,2033
3917,2028-04-27,South,Office Supplies,Corporate,Printer,2,362,0.04,0.45,695.04,312.768,382.272,0.55,2028-04,2028
3918,2036-01-27,South,Technology,Consumer,Storage,1,1199,0.18,0.66,983.1800000000001,648.8988,334.2812,0.33999999999999997,2036-01,2036
3919,2032-03-15,South,Office Supplies,Corporate,Desk,5,1419,0.27,0.63,5179.349999999999,3262.9905,1916.3594999999996,0.36999999999999994,2032-03,2032
3920,2031-02-28,West,Technology,Home Office,Desk,2,1301,0.21,0.66,2055.58,1356.6828,698.8971999999999,0.33999999999999997,2031-02,2031
3921,2023-01-07,South,Technology,Corporate,Printer,8,865,0.26,0.72,5120.8,3686.976,1433.824,0.28,2023-01,2023
3922,2031-12-12,West,Furniture,Corporate,Paper,8,100,0.1,0.49,720.0,352.8,367.2,0.51,2031-12,2031
3923,2027-05-11,North,Furniture,Consumer,Chair,1,247,0.08,0.53,227.24,120.4372,106.8028,0.47000000000000003,2027-05,2027
3924,2036-06-29,East,Technology,Consumer,Monitor,4,975,0.26,0.75,2886.0,2164.5,721.5,0.25,2036-06,2036
3925,2031-12-09,West,Technology,Consumer,Printer,9,1794,0.12,0.5,14208.48,7104.24,7104.24,0.5,2031-12,2031
3926,2030-02-19,North,Technology,Consumer,Storage,5,1959,0.21,0.67,7738.05,5184.4935000000005,2553.5564999999997,0.32999999999999996,2030-02,2030
3927,2031-10-25,North,Technology,Corporate,Printer,6,1085,0.04,0.67,6249.599999999999,4187.232,2062.3679999999995,0.32999999999999996,2031-10,2031
3928,2031-12-18,West,Furniture,Corporate,Storage,3,1903,0.23,0.65,4395.93,2857.3545000000004,1538.5755,0.35,2031-12,2031
3929,2025-07-02,North,Office Supplies,Consumer,Monitor,5,1785,0.16,0.52,7497.0,3898.44,3598.56,0.48,2025-07,2025
3930,2028-07-04,North,Technology,Consumer,Desk,1,1252,0.08,0.51,1151.8400000000001,587.4384000000001,564.4016,0.49,2028-07,2028
3931,2026-12-13,West,Furniture,Home Office,Printer,8,1761,0.15,0.65,11974.8,7783.62,4191.179999999999,0.35,2026-12,2026
3932,2031-05-13,North,Technology,Home Office,Monitor,6,612,0.21,0.51,2900.88,1479.4488000000001,1421.4312,0.49,2031-05,2031
3933,2032-09-16,South,Technology,Consumer,Monitor,2,728,0.0,0.65,1456.0,946.4,509.6,0.35000000000000003,2032-09,2032
3934,2034-07-23,South,Office Supplies,Corporate,Phone,4,1071,0.19,0.6,3470.0400000000004,2082.0240000000003,1388.016,0.39999999999999997,2034-07,2034
3935,2036-06-13,East,Technology,Consumer,Paper,4,1625,0.16,0.57,5460.0,3112.2,2347.8,0.43000000000000005,2036-06,2036
3936,2031-01-07,North,Technology,Corporate,Storage,9,1272,0.07,0.54,10646.64,5749.1856,4897.4544,0.45999999999999996,2031-01,2031
3937,2028-01-04,East,Office Supplies,Corporate,Phone,9,1392,0.23,0.73,9646.56,7041.988799999999,2604.5712000000003,0.2700000000000001,2028-01,2028
3938,2024-07-29,South,Office Supplies,Home Office,Desk,5,1824,0.09,0.6,8299.2,4979.52,3319.6800000000003,0.4,2024-07,2024
3939,2025-07-18,South,Office Supplies,Consumer,Monitor,3,752,0.08,0.62,2075.52,1286.8224,788.6976,0.38,2025-07,2025
3940,2033-04-17,South,Office Supplies,Consumer,Monitor,1,1228,0.14,0.73,1056.08,770.9383999999999,285.14160000000004,0.2700000000000001,2033-04,2033
3941,2033-02-16,North,Furniture,Corporate,Chair,6,565,0.2,0.65,2712.0,1762.8,949.2,0.35000000000000003,2033-02,2033
3942,2027-01-03,North,Furniture,Consumer,Storage,8,863,0.28,0.74,4970.88,3678.4512,1292.4288000000001,0.26,2027-01,2027
3943,2031-12-20,South,Furniture,Home Office,Paper,1,1119,0.04,0.48,1074.24,515.6351999999999,558.6048000000001,0.52,2031-12,2031
3944,2036-06-29,East,Technology,Home Office,Paper,1,1028,0.12,0.7,904.64,633.2479999999999,271.39200000000005,0.30000000000000004,2036-06,2036
3945,2025-11-20,East,Office Supplies,Consumer,Chair,7,1404,0.02,0.55,9631.44,5297.292,4334.148,0.45,2025-11,2025
3946,2028-03-15,West,Office Supplies,Consumer,Desk,7,1530,0.23,0.69,8246.7,5690.223,2556.4770000000008,0.31000000000000005,2028-03,2028
3947,2026-12-28,South,Furniture,Home Office,Chair,2,1979,0.13,0.71,3443.46,2444.8566,998.6034,0.29,2026-12,2026
3948,2026-10-31,East,Technology,Consumer,Monitor,3,1736,0.21,0.53,4114.320000000001,2180.5896000000002,1933.7304000000004,0.47000000000000003,2026-10,2026
3949,2032-05-08,South,Technology,Corporate,Storage,2,893,0.1,0.57,1607.4,916.218,691.1820000000001,0.43000000000000005,2032-05,2032
3950,2024-03-18,East,Technology,Consumer,Laptop,6,999,0.25,0.67,4495.5,3011.985,1483.5149999999999,0.32999999999999996,2024-03,2024
3951,2032-12-29,West,Furniture,Corporate,Storage,8,1481,0.16,0.48,9952.32,4777.1136,5175.2064,0.52,2032-12,2032
3952,2035-09-27,West,Technology,Consumer,Storage,8,774,0.28,0.68,4458.24,3031.6032,1426.6367999999998,0.31999999999999995,2035-09,2035
3953,2026-03-24,South,Technology,Consumer,Phone,1,1108,0.02,0.48,1085.84,521.2031999999999,564.6368,0.52,2026-03,2026
3954,2035-03-17,East,Technology,Home Office,Laptop,9,1326,0.15,0.72,10143.9,7303.607999999999,2840.2920000000004,0.28,2035-03,2035
3955,2026-06-11,North,Office Supplies,Corporate,Laptop,8,1735,0.23,0.53,10687.6,5664.428000000001,5023.172,0.4699999999999999,2026-06,2026
3956,2032-12-13,West,Furniture,Home Office,Laptop,9,380,0.18,0.62,2804.4,1738.728,1065.672,0.38,2032-12,2032
3957,2028-01-16,South,Office Supplies,Consumer,Storage,9,1015,0.01,0.49,9043.65,4431.3885,4612.2615,0.51,2028-01,2028
3958,2029-04-28,South,Office Supplies,Home Office,Desk,6,1380,0.29,0.53,5878.799999999999,3115.7639999999997,2763.0359999999996,0.47,2029-04,2029
3959,2025-06-29,East,Furniture,Consumer,Laptop,3,1217,0.09,0.57,3322.4100000000003,1893.7737,1428.6363000000003,0.43000000000000005,2025-06,2025
3960,2034-11-19,South,Office Supplies,Consumer,Printer,1,423,0.07,0.6,393.39,236.034,157.356,0.4,2034-11,2034
3961,2035-09-12,West,Technology,Consumer,Chair,8,890,0.15,0.45,6052.0,2723.4,3328.6,0.5499999999999999,2035-09,2035
3962,2033-12-23,South,Technology,Corporate,Desk,3,1862,0.16,0.72,4692.24,3378.4127999999996,1313.8272000000002,0.28,2033-12,2033
3963,2028-12-09,South,Technology,Corporate,Printer,7,1485,0.23,0.45,8004.150000000001,3601.8675000000003,4402.2825,0.55,2028-12,2028
3964,2028-12-12,North,Technology,Corporate,Storage,6,1785,0.12,0.68,9424.8,6408.864,3015.9359999999997,0.32,2028-12,2028
3965,2023-05-04,North,Furniture,Home Office,Storage,3,1474,0.13,0.59,3847.14,2269.8125999999997,1577.3274000000001,0.41000000000000003,2023-05,2023
3966,2031-08-25,West,Office Supplies,Consumer,Printer,6,1185,0.16,0.61,5972.4,3643.1639999999998,2329.236,0.39,2031-08,2031
3967,2025-02-24,East,Office Supplies,Home Office,Phone,3,1764,0.12,0.51,4656.96,2375.0496000000003,2281.9103999999998,0.48999999999999994,2025-02,2025
3968,2029-08-13,North,Technology,Home Office,Phone,9,286,0.27,0.63,1879.02,1183.7826,695.2374,0.37,2029-08,2029
3969,2025-03-07,East,Technology,Consumer,Printer,1,1703,0.26,0.61,1260.22,768.7342,491.48580000000004,0.39,2025-03,2025
3970,2034-06-04,West,Office Supplies,Home Office,Paper,8,1014,0.14,0.5,6976.32,3488.16,3488.16,0.5,2034-06,2034
3971,2034-05-17,North,Furniture,Consumer,Phone,5,641,0.0,0.52,3205.0,1666.6000000000001,1538.3999999999999,0.48,2034-05,2034
3972,2028-04-20,East,Office Supplies,Consumer,Chair,4,996,0.27,0.47,2908.3199999999997,1366.9103999999998,1541.4096,0.53,2028-04,2028
3973,2028-11-26,North,Technology,Consumer,Chair,1,1427,0.04,0.47,1369.9199999999998,643.8623999999999,726.0576,0.53,2028-11,2028
3974,2033-06-04,West,Technology,Consumer,Paper,9,1910,0.07,0.45,15986.699999999999,7194.014999999999,8792.685,0.55,2033-06,2033
3975,2026-07-25,West,Furniture,Home Office,Storage,9,738,0.05,0.52,6309.9,3281.148,3028.7519999999995,0.4799999999999999,2026-07,2026
3976,2034-05-26,North,Office Supplies,Home Office,Phone,5,535,0.05,0.65,2541.25,1651.8125,889.4375,0.35,2034-05,2034
3977,2031-08-07,East,Furniture,Home Office,Paper,9,312,0.24,0.54,2134.08,1152.4032,981.6768,0.46,2031-08,2031
3978,2031-11-11,South,Furniture,Corporate,Laptop,9,1529,0.17,0.55,11421.63,6281.8965,5139.733499999999,0.44999999999999996,2031-11,2031
3979,2029-06-10,South,Technology,Home Office,Paper,7,917,0.29,0.49,4557.49,2233.1701,2324.3199,0.51,2029-06,2029
3980,2028-04-16,North,Office Supplies,Home Office,Printer,8,1061,0.07,0.62,7893.839999999999,4894.180799999999,2999.6592,0.38000000000000006,2028-04,2028
3981,2030-06-14,East,Technology,Corporate,Chair,1,1257,0.15,0.55,1068.45,587.6475,480.8025,0.45,2030-06,2030
3982,2023-12-31,South,Office Supplies,Consumer,Paper,4,1059,0.29,0.65,3007.56,1954.914,1052.646,0.35,2023-12,2023
3983,2036-06-17,West,Technology,Consumer,Monitor,4,1016,0.25,0.67,3048.0,2042.16,1005.8399999999999,0.32999999999999996,2036-06,2036
3984,2029-07-18,East,Technology,Consumer,Phone,9,1092,0.22,0.63,7665.84,4829.4792,2836.3608000000004,0.37000000000000005,2029-07,2029
3985,2025-08-04,South,Office Supplies,Corporate,Monitor,3,1014,0.06,0.53,2859.48,1515.5244,1343.9556,0.47,2025-08,2025
3986,2026-10-09,East,Office Supplies,Home Office,Phone,1,1342,0.23,0.6,1033.34,620.0039999999999,413.336,0.4,2026-10,2026
3987,2026-12-10,North,Technology,Home Office,Paper,5,520,0.1,0.53,2340.0,1240.2,1099.8,0.47,2026-12,2026
3988,2031-09-16,East,Office Supplies,Home Office,Paper,7,418,0.16,0.72,2457.8399999999997,1769.6447999999998,688.1951999999999,0.27999999999999997,2031-09,2031
3989,2036-04-19,South,Technology,Home Office,Chair,4,1280,0.18,0.68,4198.400000000001,2854.9120000000007,1343.4879999999998,0.3199999999999999,2036-04,2036
3990,2023-12-07,North,Office Supplies,Corporate,Chair,9,287,0.18,0.6,2118.06,1270.836,847.2239999999999,0.39999999999999997,2023-12,2023
3991,2031-03-09,East,Technology,Home Office,Paper,6,1599,0.22,0.74,7483.320000000001,5537.656800000001,1945.6632,0.25999999999999995,2031-03,2031
3992,2024-01-18,West,Technology,Consumer,Laptop,6,261,0.2,0.61,1252.8000000000002,764.2080000000001,488.5920000000001,0.39,2024-01,2024
3993,2027-04-06,South,Technology,Corporate,Phone,3,228,0.02,0.55,670.3199999999999,368.676,301.64399999999995,0.44999999999999996,2027-04,2027
3994,2023-10-27,North,Furniture,Corporate,Paper,5,403,0.14,0.48,1732.8999999999999,831.7919999999999,901.108,0.52,2023-10,2023
3995,2023-05-19,East,Office Supplies,Consumer,Phone,6,1212,0.2,0.61,5817.6,3548.7360000000003,2268.864,0.38999999999999996,2023-05,2023
3996,2023-12-25,West,Technology,Consumer,Desk,4,1016,0.09,0.71,3698.2400000000002,2625.7504,1072.4896000000003,0.2900000000000001,2023-12,2023
3997,2036-07-02,South,Furniture,Home Office,Storage,3,1285,0.09,0.71,3508.05,2490.7155,1017.3345000000004,0.2900000000000001,2036-07,2036
3998,2027-03-03,West,Technology,Consumer,Laptop,5,1021,0.04,0.63,4900.8,3087.5040000000004,1813.2959999999998,0.36999999999999994,2027-03,2027
3999,2032-06-18,East,Furniture,Corporate,Chair,7,1159,0.13,0.57,7058.31,4023.2367,3035.0733000000005,0.43000000000000005,2032-06,2032
4000,2027-06-16,East,Technology,Corporate,Monitor,6,1350,0.3,0.65,5670.0,3685.5,1984.5,0.35,2027-06,2027
4001,2026-07-27,North,Technology,Corporate,Chair,2,250,0.09,0.68,455.0,309.40000000000003,145.59999999999997,0.31999999999999995,2026-07,2026
4002,2026-02-08,West,Furniture,Home Office,Printer,1,692,0.16,0.57,581.28,331.32959999999997,249.9504,0.43000000000000005,2026-02,2026
4003,2028-12-26,North,Furniture,Home Office,Storage,5,146,0.22,0.59,569.4,335.94599999999997,233.454,0.41000000000000003,2028-12,2028
4004,2031-09-06,South,Office Supplies,Consumer,Chair,5,1839,0.0,0.65,9195.0,5976.75,3218.25,0.35,2031-09,2031
4005,2033-07-02,North,Office Supplies,Home Office,Phone,6,1039,0.27,0.71,4550.82,3231.0822,1319.7377999999999,0.29,2033-07,2033
4006,2028-11-21,South,Furniture,Home Office,Chair,3,759,0.12,0.69,2003.76,1382.5944,621.1656,0.31,2028-11,2028
4007,2026-05-22,East,Office Supplies,Corporate,Paper,1,330,0.26,0.46,244.2,112.332,131.868,0.54,2026-05,2026
4008,2033-03-24,East,Furniture,Corporate,Phone,4,1662,0.01,0.49,6581.5199999999995,3224.9447999999998,3356.5751999999998,0.51,2033-03,2033
4009,2030-10-05,West,Office Supplies,Consumer,Phone,4,1101,0.04,0.71,4227.84,3001.7664,1226.0736000000002,0.29000000000000004,2030-10,2030
4010,2034-08-31,South,Technology,Corporate,Laptop,2,1824,0.1,0.7,3283.2000000000003,2298.2400000000002,984.96,0.3,2034-08,2034
4011,2025-09-25,East,Office Supplies,Home Office,Chair,8,264,0.1,0.57,1900.8,1083.456,817.344,0.43000000000000005,2025-09,2025
4012,2030-01-11,West,Technology,Consumer,Laptop,6,823,0.25,0.63,3703.5,2333.205,1370.295,0.37,2030-01,2030
4013,2026-07-31,West,Technology,Consumer,Monitor,3,919,0.0,0.72,2757.0,1985.04,771.96,0.28,2026-07,2026
4014,2024-10-18,North,Office Supplies,Corporate,Monitor,1,1710,0.19,0.72,1385.1000000000001,997.272,387.8280000000001,0.28,2024-10,2024
4015,2030-04-14,West,Furniture,Corporate,Storage,3,1727,0.04,0.68,4973.76,3382.1568,1591.6032,0.32,2030-04,2030
4016,2029-01-20,East,Technology,Corporate,Phone,8,1697,0.25,0.51,10182.0,5192.82,4989.18,0.49000000000000005,2029-01,2029
4017,2028-03-24,North,Technology,Consumer,Paper,4,1189,0.23,0.67,3662.12,2453.6204000000002,1208.4995999999996,0.3299999999999999,2028-03,2028
4018,2033-03-19,South,Office Supplies,Corporate,Paper,3,1203,0.15,0.48,3067.65,1472.472,1595.178,0.52,2033-03,2033
4019,2028-08-08,South,Furniture,Home Office,Monitor,4,239,0.06,0.72,898.64,647.0208,251.61919999999998,0.27999999999999997,2028-08,2028
4020,2031-08-29,East,Furniture,Consumer,Storage,4,499,0.19,0.49,1616.7600000000002,792.2124000000001,824.5476000000001,0.51,2031-08,2031
4021,2026-02-14,East,Office Supplies,Corporate,Chair,2,229,0.05,0.65,435.09999999999997,282.815,152.28499999999997,0.35,2026-02,2026
4022,2023-09-24,North,Furniture,Home Office,Storage,4,1084,0.06,0.63,4075.8399999999997,2567.7792,1508.0607999999997,0.36999999999999994,2023-09,2023
4023,2028-01-20,North,Office Supplies,Home Office,Storage,9,865,0.19,0.68,6305.85,4287.978000000001,2017.8719999999994,0.3199999999999999,2028-01,2028
4024,2027-09-05,East,Office Supplies,Corporate,Chair,4,545,0.3,0.62,1526.0,946.12,579.88,0.38,2027-09,2027
4025,2032-12-09,East,Office Supplies,Home Office,Laptop,1,1955,0.27,0.47,1427.1499999999999,670.7604999999999,756.3895,0.53,2032-12,2032
4026,2031-10-17,South,Technology,Consumer,Laptop,1,128,0.18,0.66,104.96000000000001,69.2736,35.686400000000006,0.34,2031-10,2031
4027,2029-04-12,South,Technology,Consumer,Phone,1,1325,0.16,0.56,1113.0,623.2800000000001,489.7199999999999,0.43999999999999995,2029-04,2029
4028,2033-03-21,South,Technology,Home Office,Paper,5,1360,0.3,0.55,4760.0,2618.0,2142.0,0.45,2033-03,2033
4029,2033-06-26,East,Office Supplies,Consumer,Phone,6,1722,0.16,0.75,8678.88,6509.16,2169.7199999999993,0.24999999999999994,2033-06,2033
4030,2027-02-19,West,Technology,Corporate,Chair,6,1731,0.13,0.63,9035.82,5692.5666,3343.2533999999996,0.36999999999999994,2027-02,2027
4031,2024-04-20,East,Technology,Home Office,Chair,6,898,0.27,0.66,3933.24,2595.9384,1337.3015999999998,0.33999999999999997,2024-04,2024
4032,2025-09-03,East,Technology,Consumer,Desk,9,1462,0.07,0.61,12236.939999999999,7464.533399999999,4772.406599999999,0.39,2025-09,2025
4033,2026-04-22,South,Office Supplies,Corporate,Desk,1,1522,0.03,0.68,1476.34,1003.9112,472.4287999999999,0.31999999999999995,2026-04,2026
4034,2028-05-14,East,Office Supplies,Corporate,Printer,6,1562,0.19,0.68,7591.320000000001,5162.097600000001,2429.2223999999997,0.31999999999999995,2028-05,2028
4035,2024-07-11,North,Office Supplies,Consumer,Paper,8,388,0.03,0.65,3010.88,1957.0720000000001,1053.808,0.35,2024-07,2024
4036,2025-06-01,East,Technology,Home Office,Monitor,8,1375,0.11,0.75,9790.0,7342.5,2447.5,0.25,2025-06,2025
4037,2029-01-03,East,Furniture,Corporate,Phone,3,1076,0.13,0.59,2808.36,1656.9324,1151.4276000000002,0.41000000000000003,2029-01,2029
4038,2036-01-14,East,Technology,Corporate,Storage,5,1815,0.16,0.66,7623.0,5031.18,2591.8199999999997,0.33999999999999997,2036-01,2036
4039,2030-04-21,East,Technology,Corporate,Monitor,4,199,0.3,0.69,557.1999999999999,384.4679999999999,172.73200000000003,0.3100000000000001,2030-04,2030
4040,2036-07-30,West,Office Supplies,Corporate,Printer,1,1708,0.07,0.56,1588.4399999999998,889.5264,698.9135999999999,0.43999999999999995,2036-07,2036
4041,2035-10-22,East,Office Supplies,Home Office,Monitor,9,521,0.11,0.59,4173.21,2462.1938999999998,1711.0161000000003,0.4100000000000001,2035-10,2035
4042,2036-02-12,North,Technology,Consumer,Paper,5,742,0.04,0.74,3561.6,2635.584,926.0160000000001,0.26,2036-02,2036
4043,2027-05-30,North,Technology,Consumer,Paper,2,793,0.18,0.46,1300.5200000000002,598.2392000000001,702.2808000000001,0.54,2027-05,2027
4044,2032-07-20,East,Furniture,Consumer,Paper,2,805,0.22,0.55,1255.8,690.69,565.1099999999999,0.44999999999999996,2032-07,2032
4045,2029-09-20,South,Furniture,Corporate,Printer,7,117,0.14,0.6,704.34,422.604,281.73600000000005,0.4,2029-09,2029
4046,2035-04-22,West,Office Supplies,Home Office,Laptop,4,570,0.07,0.45,2120.3999999999996,954.1799999999998,1166.2199999999998,0.55,2035-04,2035
4047,2028-04-30,East,Furniture,Consumer,Storage,1,1761,0.19,0.72,1426.41,1027.0152,399.39480000000003,0.28,2028-04,2028
4048,2036-03-03,East,Furniture,Home Office,Paper,5,822,0.16,0.54,3452.4,1864.2960000000003,1588.1039999999998,0.4599999999999999,2036-03,2036
4049,2036-02-21,East,Office Supplies,Consumer,Laptop,2,1130,0.05,0.53,2147.0,1137.91,1009.0899999999999,0.47,2036-02,2036
4050,2030-09-09,South,Furniture,Corporate,Paper,7,518,0.12,0.7,3190.88,2233.616,957.2640000000001,0.30000000000000004,2030-09,2030
4051,2033-06-22,South,Technology,Consumer,Desk,9,479,0.13,0.53,3750.57,1987.8021,1762.7679,0.47,2033-06,2033
4052,2032-09-06,South,Furniture,Corporate,Printer,1,607,0.29,0.65,430.96999999999997,280.1305,150.8395,0.35,2032-09,2032
4053,2033-05-30,West,Office Supplies,Corporate,Monitor,2,213,0.25,0.7,319.5,223.64999999999998,95.85000000000002,0.30000000000000004,2033-05,2033
4054,2034-06-09,North,Technology,Consumer,Desk,6,951,0.22,0.69,4450.68,3070.9692,1379.7108000000003,0.31000000000000005,2034-06,2034
4055,2035-11-13,West,Furniture,Home Office,Storage,8,610,0.27,0.68,3562.4,2422.4320000000002,1139.9679999999998,0.31999999999999995,2035-11,2035
4056,2028-05-24,South,Technology,Corporate,Paper,7,1719,0.22,0.48,9385.74,4505.1552,4880.5848,0.52,2028-05,2028
4057,2033-06-19,North,Technology,Home Office,Storage,9,950,0.27,0.47,6241.5,2933.5049999999997,3307.9950000000003,0.53,2033-06,2033
4058,2030-09-20,North,Furniture,Consumer,Phone,2,1996,0.02,0.54,3912.16,2112.5664,1799.5935999999997,0.45999999999999996,2030-09,2030
4059,2025-06-21,South,Furniture,Corporate,Paper,9,1075,0.14,0.46,8320.5,3827.4300000000003,4493.07,0.5399999999999999,2025-06,2025
4060,2023-12-31,South,Office Supplies,Home Office,Chair,4,713,0.22,0.6,2224.56,1334.7359999999999,889.8240000000001,0.4,2023-12,2023
4061,2034-08-29,West,Office Supplies,Corporate,Laptop,3,568,0.17,0.57,1414.32,806.1623999999999,608.1576,0.43,2034-08,2034
4062,2031-07-17,South,Technology,Consumer,Phone,7,192,0.05,0.62,1276.8,791.616,485.18399999999997,0.38,2031-07,2031
4063,2030-01-02,North,Office Supplies,Corporate,Monitor,5,1615,0.1,0.54,7267.5,3924.4500000000003,3343.0499999999997,0.45999999999999996,2030-01,2030
4064,2028-02-07,East,Technology,Consumer,Phone,5,1951,0.1,0.6,8779.5,5267.7,3511.8,0.4,2028-02,2028
4065,2023-04-26,South,Technology,Home Office,Monitor,2,1225,0.08,0.55,2254.0,1239.7,1014.3,0.44999999999999996,2023-04,2023
4066,2029-07-12,South,Office Supplies,Corporate,Laptop,6,592,0.1,0.51,3196.8,1630.3680000000002,1566.432,0.49,2029-07,2029
4067,2036-08-16,West,Office Supplies,Home Office,Laptop,6,862,0.15,0.64,4396.2,2813.5679999999998,1582.632,0.36000000000000004,2036-08,2036
4068,2033-10-10,West,Office Supplies,Consumer,Storage,4,1659,0.26,0.65,4910.64,3191.916,1718.7240000000002,0.35000000000000003,2033-10,2033
4069,2036-07-06,South,Furniture,Consumer,Storage,5,1608,0.22,0.7,6271.2,4389.839999999999,1881.3600000000006,0.3000000000000001,2036-07,2036
4070,2029-10-26,North,Technology,Home Office,Printer,7,1088,0.25,0.71,5712.0,4055.52,1656.48,0.29,2029-10,2029
4071,2025-07-31,North,Technology,Home Office,Desk,8,578,0.27,0.66,3375.52,2227.8432000000003,1147.6767999999997,0.3399999999999999,2025-07,2025
4072,2027-09-21,East,Technology,Consumer,Storage,6,976,0.12,0.66,5153.28,3401.1648,1752.1151999999997,0.33999999999999997,2027-09,2027
4073,2029-05-23,South,Office Supplies,Home Office,Phone,5,266,0.1,0.47,1197.0,562.5899999999999,634.4100000000001,0.53,2029-05,2029
4074,2030-07-30,West,Office Supplies,Consumer,Printer,3,239,0.02,0.48,702.66,337.2768,365.3832,0.52,2030-07,2030
4075,2026-02-11,North,Office Supplies,Home Office,Monitor,7,193,0.28,0.69,972.7199999999999,671.1767999999998,301.54320000000007,0.3100000000000001,2026-02,2026
4076,2029-12-02,East,Office Supplies,Consumer,Printer,8,1304,0.02,0.52,10223.36,5316.1472,4907.2128,0.48,2029-12,2029
4077,2034-04-10,South,Office Supplies,Consumer,Phone,3,675,0.22,0.56,1579.5,884.5200000000001,694.9799999999999,0.43999999999999995,2034-04,2034
4078,2032-05-13,North,Furniture,Corporate,Storage,5,1127,0.11,0.49,5015.15,2457.4235,2557.7264999999998,0.51,2032-05,2032
4079,2036-01-31,South,Office Supplies,Consumer,Paper,2,705,0.28,0.51,1015.1999999999999,517.752,497.448,0.49,2036-01,2036
4080,2033-09-11,South,Technology,Consumer,Monitor,4,1512,0.13,0.68,5261.76,3577.9968000000003,1683.7631999999999,0.31999999999999995,2033-09,2033
4081,2032-12-16,North,Office Supplies,Corporate,Phone,4,1395,0.24,0.53,4240.8,2247.6240000000003,1993.176,0.47,2032-12,2032
4082,2031-02-01,North,Technology,Corporate,Chair,8,1918,0.08,0.58,14116.480000000001,8187.5584,5928.9216000000015,0.42000000000000004,2031-02,2031
4083,2029-06-25,North,Office Supplies,Home Office,Storage,3,1255,0.09,0.5,3426.15,1713.075,1713.075,0.5,2029-06,2029
4084,2034-07-23,South,Office Supplies,Home Office,Desk,5,683,0.18,0.65,2800.3,1820.1950000000002,980.105,0.35,2034-07,2034
4085,2023-10-04,South,Technology,Consumer,Monitor,5,915,0.3,0.67,3202.5,2145.675,1056.8249999999998,0.32999999999999996,2023-10,2023
4086,2028-06-22,East,Technology,Home Office,Phone,2,692,0.16,0.56,1162.56,651.0336,511.52639999999997,0.44,2028-06,2028
4087,2026-05-12,West,Technology,Home Office,Storage,9,1635,0.28,0.69,10594.8,7310.411999999999,3284.388,0.31,2026-05,2026
4088,2033-04-10,South,Technology,Consumer,Laptop,4,785,0.24,0.52,2386.4,1240.928,1145.472,0.48,2033-04,2033
4089,2033-03-24,West,Furniture,Corporate,Chair,9,1935,0.24,0.66,13235.4,8735.364,4500.036,0.34,2033-03,2033
4090,2024-11-26,North,Technology,Corporate,Monitor,9,1062,0.13,0.67,8315.46,5571.3582,2744.1017999999995,0.32999999999999996,2024-11,2024
4091,2026-08-02,South,Office Supplies,Consumer,Monitor,2,1086,0.12,0.74,1911.36,1414.4063999999998,496.95360000000005,0.26000000000000006,2026-08,2026
4092,2034-05-15,East,Office Supplies,Consumer,Desk,9,1175,0.06,0.52,9940.5,5169.06,4771.44,0.48,2034-05,2034
4093,2031-11-09,East,Furniture,Consumer,Storage,9,1413,0.29,0.48,9029.07,4333.9536,4695.1164,0.52,2031-11,2031
4094,2034-04-07,West,Technology,Consumer,Laptop,2,545,0.29,0.53,773.9,410.16700000000003,363.73299999999995,0.47,2034-04,2034
4095,2029-04-30,North,Office Supplies,Consumer,Storage,6,336,0.22,0.49,1572.48,770.5152,801.9648,0.51,2029-04,2029
4096,2030-10-12,West,Furniture,Consumer,Laptop,9,1912,0.09,0.5,15659.28,7829.64,7829.64,0.5,2030-10,2030
4097,2034-07-10,North,Office Supplies,Home Office,Desk,4,1614,0.07,0.55,6004.08,3302.244,2701.836,0.44999999999999996,2034-07,2034
4098,2032-09-29,East,Furniture,Home Office,Chair,2,1403,0.3,0.57,1964.1999999999998,1119.5939999999998,844.606,0.43000000000000005,2032-09,2032
4099,2032-04-21,West,Furniture,Home Office,Monitor,7,1167,0.02,0.72,8005.62,5764.046399999999,2241.5736000000006,0.2800000000000001,2032-04,2032
4100,2024-06-25,East,Technology,Corporate,Laptop,9,981,0.25,0.51,6621.75,3377.0925,3244.6575,0.49,2024-06,2024
4101,2030-05-18,East,Furniture,Consumer,Printer,6,865,0.11,0.74,4619.1,3418.134,1200.9660000000003,0.26000000000000006,2030-05,2030
4102,2035-10-19,North,Office Supplies,Consumer,Desk,4,1036,0.13,0.69,3605.28,2487.6432,1117.6368000000002,0.31000000000000005,2035-10,2035
4103,2025-12-24,West,Office Supplies,Home Office,Desk,1,458,0.25,0.71,343.5,243.885,99.61500000000001,0.29000000000000004,2025-12,2025
4104,2032-03-17,West,Technology,Corporate,Phone,4,745,0.03,0.73,2890.6,2110.138,780.462,0.27,2032-03,2032
4105,2023-01-25,East,Technology,Home Office,Chair,3,1691,0.11,0.68,4514.97,3070.1796000000004,1444.7903999999999,0.31999999999999995,2023-01,2023
4106,2027-04-22,East,Furniture,Consumer,Printer,7,1649,0.29,0.69,8195.529999999999,5654.915699999999,2540.6143,0.31000000000000005,2027-04,2027
4107,2031-02-06,North,Technology,Consumer,Printer,5,789,0.21,0.58,3116.55,1807.599,1308.9510000000002,0.42000000000000004,2031-02,2031
4108,2034-08-07,South,Office Supplies,Home Office,Phone,3,561,0.23,0.6,1295.91,777.546,518.364,0.4,2034-08,2034
4109,2027-11-03,South,Office Supplies,Home Office,Laptop,2,200,0.23,0.73,308.0,224.84,83.16,0.26999999999999996,2027-11,2027
4110,2035-12-27,East,Technology,Consumer,Laptop,2,791,0.02,0.56,1550.36,868.2016,682.1583999999999,0.43999999999999995,2035-12,2035
4111,2029-02-13,South,Technology,Home Office,Paper,5,1083,0.06,0.46,5090.099999999999,2341.446,2748.6539999999995,0.5399999999999999,2029-02,2029
4112,2023-07-20,South,Technology,Consumer,Paper,8,1584,0.15,0.68,10771.199999999999,7324.416,3446.7839999999987,0.3199999999999999,2023-07,2023
4113,2031-10-04,South,Furniture,Home Office,Printer,8,868,0.11,0.62,6180.16,3831.6992,2348.4608,0.38,2031-10,2031
4114,2023-09-14,South,Furniture,Corporate,Chair,5,367,0.12,0.69,1614.8,1114.212,500.58799999999997,0.31,2023-09,2023
4115,2033-04-05,East,Office Supplies,Consumer,Laptop,2,982,0.23,0.47,1512.28,710.7715999999999,801.5084,0.53,2033-04,2033
4116,2035-09-17,South,Furniture,Corporate,Desk,4,1485,0.0,0.64,5940.0,3801.6,2138.4,0.36000000000000004,2035-09,2035
4117,2029-02-19,South,Furniture,Home Office,Storage,7,507,0.2,0.52,2839.2000000000003,1476.3840000000002,1362.816,0.48,2029-02,2029
4118,2031-09-11,North,Furniture,Corporate,Phone,6,1160,0.0,0.72,6960.0,5011.2,1948.8000000000002,0.28,2031-09,2031
4119,2032-11-15,East,Furniture,Home Office,Chair,7,567,0.02,0.48,3889.62,1867.0176,2022.6024,0.52,2032-11,2032
4120,2032-02-19,West,Office Supplies,Corporate,Laptop,5,1839,0.12,0.7,8091.6,5664.12,2427.4800000000005,0.30000000000000004,2032-02,2032
4121,2036-05-29,West,Technology,Corporate,Storage,2,358,0.25,0.48,537.0,257.76,279.24,0.52,2036-05,2036
4122,2024-02-18,North,Office Supplies,Corporate,Printer,8,608,0.04,0.46,4669.44,2147.9424,2521.4975999999997,0.54,2024-02,2024
4123,2028-07-07,North,Furniture,Consumer,Phone,2,1790,0.17,0.52,2971.3999999999996,1545.128,1426.2719999999997,0.48,2028-07,2028
4124,2026-10-13,East,Technology,Corporate,Laptop,8,1873,0.2,0.55,11987.2,6592.960000000001,5394.24,0.44999999999999996,2026-10,2026
4125,2026-01-03,West,Technology,Home Office,Printer,7,408,0.07,0.64,2656.08,1699.8912,956.1887999999999,0.36,2026-01,2026
4126,2032-05-19,South,Technology,Home Office,Laptop,3,1735,0.15,0.49,4424.25,2167.8825,2256.3675,0.51,2032-05,2032
4127,2033-01-03,North,Office Supplies,Consumer,Phone,4,1396,0.27,0.58,4076.3199999999997,2364.2655999999997,1712.0544,0.42000000000000004,2033-01,2033
4128,2025-06-28,West,Technology,Consumer,Desk,7,724,0.15,0.51,4307.8,2196.978,2110.822,0.49,2025-06,2025
4129,2023-07-07,East,Office Supplies,Home Office,Monitor,4,209,0.05,0.71,794.1999999999999,563.882,230.31799999999998,0.29,2023-07,2023
4130,2034-01-27,South,Office Supplies,Corporate,Desk,9,1778,0.19,0.46,12961.62,5962.345200000001,6999.2748,0.5399999999999999,2034-01,2034
4131,2033-04-14,East,Furniture,Home Office,Monitor,7,778,0.18,0.56,4465.72,2500.8032000000003,1964.9168,0.43999999999999995,2033-04,2033
4132,2028-07-08,North,Furniture,Consumer,Storage,1,1383,0.01,0.64,1369.17,876.2688,492.9012,0.36,2028-07,2028
4133,2028-09-23,West,Technology,Consumer,Printer,1,1780,0.03,0.72,1726.6,1243.1519999999998,483.4480000000001,0.2800000000000001,2028-09,2028
4134,2032-12-23,West,Technology,Home Office,Monitor,4,841,0.05,0.71,3195.7999999999997,2269.0179999999996,926.7820000000002,0.2900000000000001,2032-12,2032
4135,2028-10-31,West,Furniture,Corporate,Desk,9,1006,0.04,0.72,8691.84,6258.1248,2433.7152000000006,0.2800000000000001,2028-10,2028
4136,2023-12-24,West,Office Supplies,Corporate,Phone,4,367,0.08,0.47,1350.56,634.7632,715.7968,0.53,2023-12,2023
4137,2029-08-19,South,Office Supplies,Consumer,Printer,5,1155,0.14,0.7,4966.5,3476.5499999999997,1489.9500000000003,0.30000000000000004,2029-08,2029
4138,2034-08-28,South,Furniture,Home Office,Laptop,1,1039,0.11,0.68,924.71,628.8028,295.9072,0.31999999999999995,2034-08,2034
4139,2035-06-12,East,Office Supplies,Home Office,Monitor,2,910,0.27,0.72,1328.6,956.5919999999999,372.00800000000004,0.28,2035-06,2035
4140,2027-02-06,South,Furniture,Consumer,Paper,4,1854,0.18,0.54,6081.120000000001,3283.804800000001,2797.3152,0.45999999999999996,2027-02,2027
4141,2028-11-28,North,Furniture,Home Office,Monitor,4,1300,0.26,0.72,3848.0,2770.56,1077.44,0.28,2028-11,2028
4142,2029-12-30,North,Technology,Consumer,Chair,6,203,0.16,0.57,1023.12,583.1783999999999,439.9416000000001,0.4300000000000001,2029-12,2029
4143,2029-05-31,West,Technology,Corporate,Monitor,6,1359,0.03,0.64,7909.38,5062.0032,2847.3768,0.36,2029-05,2029
4144,2031-01-30,North,Furniture,Corporate,Monitor,8,1216,0.14,0.58,8366.08,4852.3264,3513.7536,0.42,2031-01,2031
4145,2026-05-23,East,Technology,Home Office,Laptop,9,300,0.25,0.58,2025.0,1174.5,850.5,0.42,2026-05,2026
4146,2025-08-31,South,Furniture,Corporate,Phone,1,1934,0.06,0.61,1817.9599999999998,1108.9555999999998,709.0044,0.39000000000000007,2025-08,2025
4147,2035-12-11,South,Office Supplies,Corporate,Storage,1,998,0.03,0.56,968.06,542.1136,425.9463999999999,0.43999999999999995,2035-12,2035
4148,2033-11-09,South,Office Supplies,Consumer,Printer,6,842,0.1,0.69,4546.8,3137.292,1409.5080000000003,0.31000000000000005,2033-11,2033
4149,2025-11-16,North,Office Supplies,Consumer,Laptop,4,1024,0.12,0.64,3604.48,2306.8672,1297.6127999999999,0.36,2025-11,2025
4150,2033-02-18,South,Office Supplies,Home Office,Printer,4,1890,0.09,0.66,6879.6,4540.536,2339.0640000000003,0.34,2033-02,2033
4151,2030-08-12,West,Furniture,Consumer,Paper,1,696,0.04,0.52,668.16,347.4432,320.7168,0.48,2030-08,2030
4152,2027-05-08,West,Office Supplies,Home Office,Desk,9,1158,0.08,0.74,9588.24,7095.2976,2492.9424,0.26,2027-05,2027
4153,2033-08-14,West,Office Supplies,Home Office,Chair,3,1240,0.2,0.65,2976.0,1934.4,1041.6,0.35,2033-08,2033
4154,2029-06-26,North,Office Supplies,Consumer,Paper,5,787,0.12,0.51,3462.8,1766.028,1696.7720000000002,0.49000000000000005,2029-06,2029
4155,2024-03-12,South,Office Supplies,Corporate,Phone,1,1581,0.19,0.68,1280.6100000000001,870.8148000000001,409.7952,0.32,2024-03,2024
4156,2030-09-29,North,Furniture,Corporate,Laptop,8,1594,0.16,0.5,10711.68,5355.84,5355.84,0.5,2030-09,2030
4157,2027-04-06,South,Office Supplies,Corporate,Chair,3,1019,0.16,0.47,2567.88,1206.9035999999999,1360.9764000000002,0.53,2027-04,2027
4158,2033-07-25,East,Technology,Corporate,Monitor,1,887,0.07,0.61,824.91,503.19509999999997,321.7149,0.39,2033-07,2033
4159,2026-07-28,East,Technology,Home Office,Phone,6,498,0.16,0.62,2509.92,1556.1504,953.7696000000001,0.38,2026-07,2026
4160,2029-07-12,North,Technology,Corporate,Paper,1,696,0.01,0.51,689.04,351.4104,337.6296,0.49,2029-07,2029
4161,2023-07-02,West,Technology,Home Office,Phone,3,216,0.13,0.55,563.76,310.06800000000004,253.69199999999995,0.4499999999999999,2023-07,2023
4162,2027-05-09,North,Technology,Consumer,Storage,5,461,0.17,0.73,1913.1499999999999,1396.5994999999998,516.5505,0.2700000000000001,2027-05,2027
4163,2027-05-07,West,Technology,Consumer,Paper,4,303,0.05,0.54,1151.3999999999999,621.756,529.6439999999999,0.45999999999999996,2027-05,2027
4164,2024-10-21,South,Furniture,Home Office,Paper,7,1269,0.08,0.5,8172.360000000001,4086.1800000000003,4086.1800000000003,0.5,2024-10,2024
4165,2023-06-09,West,Technology,Corporate,Desk,6,543,0.07,0.75,3029.9399999999996,2272.455,757.4849999999997,0.24999999999999992,2023-06,2023
4166,2033-10-28,West,Office Supplies,Home Office,Storage,3,826,0.02,0.54,2428.44,1311.3576,1117.0824,0.46,2033-10,2033
4167,2025-10-08,South,Technology,Corporate,Storage,8,1740,0.1,0.65,12528.0,8143.200000000001,4384.799999999999,0.3499999999999999,2025-10,2025
4168,2023-02-22,East,Furniture,Corporate,Printer,8,960,0.29,0.52,5452.799999999999,2835.4559999999997,2617.3439999999996,0.48,2023-02,2023
4169,2029-04-26,South,Technology,Home Office,Printer,2,1420,0.11,0.62,2527.6,1567.1119999999999,960.488,0.38000000000000006,2029-04,2029
4170,2026-05-13,North,Office Supplies,Home Office,Monitor,7,967,0.14,0.57,5821.34,3318.1638,2503.1762000000003,0.43000000000000005,2026-05,2026
4171,2025-11-01,North,Office Supplies,Corporate,Chair,1,1704,0.2,0.74,1363.2,1008.768,354.432,0.26,2025-11,2025
4172,2033-02-19,North,Furniture,Home Office,Desk,2,1610,0.19,0.58,2608.2000000000003,1512.756,1095.4440000000002,0.42000000000000004,2033-02,2033
4173,2034-01-28,North,Furniture,Corporate,Paper,8,866,0.28,0.63,4988.16,3142.5407999999998,1845.6192,0.37000000000000005,2034-01,2034
4174,2036-07-16,North,Furniture,Home Office,Phone,1,1354,0.26,0.73,1001.96,731.4308,270.52920000000006,0.2700000000000001,2036-07,2036
4175,2035-03-08,East,Furniture,Consumer,Monitor,2,1326,0.24,0.75,2015.52,1511.6399999999999,503.8800000000001,0.25000000000000006,2035-03,2035
4176,2026-06-18,East,Technology,Corporate,Desk,1,461,0.29,0.48,327.31,157.1088,170.2012,0.52,2026-06,2026
4177,2028-02-28,West,Technology,Consumer,Desk,5,494,0.07,0.7,2297.1,1607.9699999999998,689.1300000000001,0.30000000000000004,2028-02,2028
4178,2027-12-15,North,Office Supplies,Home Office,Paper,7,347,0.19,0.56,1967.4900000000002,1101.7944000000002,865.6956,0.43999999999999995,2027-12,2027
4179,2031-09-03,South,Furniture,Consumer,Paper,6,1563,0.27,0.63,6845.94,4312.9421999999995,2532.9978,0.37000000000000005,2031-09,2031
4180,2033-05-25,North,Furniture,Home Office,Chair,6,1013,0.19,0.56,4923.18,2756.9808000000003,2166.1992,0.44,2033-05,2033
4181,2029-05-30,East,Technology,Corporate,Printer,6,1519,0.29,0.57,6470.94,3688.4357999999993,2782.5042000000003,0.43000000000000005,2029-05,2029
4182,2032-05-07,North,Furniture,Home Office,Paper,8,860,0.03,0.5,6673.599999999999,3336.7999999999997,3336.7999999999997,0.5,2032-05,2032
4183,2025-03-28,East,Office Supplies,Home Office,Desk,5,755,0.13,0.62,3284.25,2036.235,1248.015,0.38,2025-03,2025
4184,2029-09-03,West,Office Supplies,Corporate,Desk,7,1918,0.29,0.61,9532.46,5814.8006,3717.6593999999996,0.39,2029-09,2029
4185,2025-06-07,West,Furniture,Home Office,Desk,3,455,0.11,0.51,1214.85,619.5735,595.2764999999999,0.49,2025-06,2025
4186,2024-10-29,West,Office Supplies,Corporate,Laptop,9,1524,0.22,0.61,10698.48,6526.0728,4172.4072,0.38999999999999996,2024-10,2024
4187,2035-12-12,East,Office Supplies,Home Office,Desk,3,340,0.01,0.74,1009.8,747.252,262.548,0.26,2035-12,2035
4188,2030-03-09,North,Technology,Corporate,Desk,6,1464,0.21,0.66,6939.360000000001,4579.9776,2359.3824000000004,0.34,2030-03,2030
4189,2034-08-03,North,Office Supplies,Consumer,Paper,3,328,0.28,0.59,708.48,418.0032,290.4768,0.41000000000000003,2034-08,2034
4190,2035-05-21,South,Furniture,Home Office,Phone,1,1666,0.11,0.72,1482.74,1067.5728,415.1672000000001,0.2800000000000001,2035-05,2035
4191,2025-03-29,East,Furniture,Home Office,Storage,1,720,0.01,0.62,712.8,441.936,270.864,0.38,2025-03,2025
4192,2028-12-28,South,Office Supplies,Home Office,Laptop,3,1030,0.01,0.49,3059.1,1498.9589999999998,1560.141,0.51,2028-12,2028
4193,2026-01-11,West,Furniture,Corporate,Desk,4,1662,0.27,0.61,4853.04,2960.3543999999997,1892.6856000000002,0.39000000000000007,2026-01,2026
4194,2029-02-02,North,Technology,Home Office,Storage,2,954,0.22,0.5,1488.24,744.12,744.12,0.5,2029-02,2029
4195,2023-07-17,East,Office Supplies,Corporate,Desk,9,1795,0.03,0.68,15670.35,10655.838000000002,5014.511999999999,0.3199999999999999,2023-07,2023
4196,2030-04-25,South,Office Supplies,Home Office,Chair,8,628,0.02,0.74,4923.5199999999995,3643.4048,1280.1151999999997,0.25999999999999995,2030-04,2030
4197,2032-07-24,South,Office Supplies,Consumer,Paper,3,366,0.24,0.56,834.48,467.3088000000001,367.17119999999994,0.43999999999999995,2032-07,2032
4198,2029-09-14,South,Furniture,Home Office,Paper,7,1252,0.24,0.58,6660.64,3863.1711999999998,2797.4688000000006,0.42000000000000004,2029-09,2029
4199,2024-04-15,North,Furniture,Consumer,Chair,4,319,0.04,0.58,1224.96,710.4768,514.4832,0.42,2024-04,2024
4200,2028-05-02,North,Office Supplies,Corporate,Storage,5,1205,0.09,0.54,5482.75,2960.6850000000004,2522.0649999999996,0.4599999999999999,2028-05,2028
4201,2033-09-04,North,Furniture,Consumer,Paper,4,660,0.23,0.69,2032.8,1402.6319999999998,630.1680000000001,0.31000000000000005,2033-09,2033
4202,2028-07-03,East,Furniture,Home Office,Laptop,9,1676,0.16,0.64,12670.56,8109.1584,4561.401599999999,0.35999999999999993,2028-07,2028
4203,2033-05-28,North,Office Supplies,Home Office,Phone,7,1143,0.29,0.47,5680.71,2669.9337,3010.7763,0.53,2033-05,2033
4204,2034-04-11,East,Office Supplies,Corporate,Laptop,4,1450,0.14,0.7,4988.0,3491.6,1496.4,0.30000000000000004,2034-04,2034
4205,2033-05-24,South,Furniture,Home Office,Laptop,8,1160,0.2,0.51,7424.0,3786.2400000000002,3637.7599999999998,0.49,2033-05,2033
4206,2033-12-02,South,Office Supplies,Home Office,Chair,2,481,0.15,0.74,817.6999999999999,605.098,212.60199999999998,0.26,2033-12,2033
4207,2023-08-23,West,Office Supplies,Corporate,Chair,7,138,0.28,0.56,695.52,389.49120000000005,306.02879999999993,0.4399999999999999,2023-08,2023
4208,2025-07-17,North,Office Supplies,Corporate,Phone,1,1232,0.12,0.63,1084.16,683.0208,401.1392000000001,0.37000000000000005,2025-07,2025
4209,2032-11-16,South,Office Supplies,Consumer,Monitor,8,528,0.07,0.47,3928.3199999999997,1846.3103999999998,2082.0096,0.53,2032-11,2032
4210,2024-06-06,North,Furniture,Corporate,Monitor,6,1187,0.1,0.55,6409.8,3525.3900000000003,2884.41,0.44999999999999996,2024-06,2024
4211,2032-08-24,East,Office Supplies,Home Office,Monitor,5,1298,0.26,0.69,4802.6,3313.794,1488.8060000000005,0.31000000000000005,2032-08,2032
4212,2035-05-24,South,Technology,Corporate,Desk,9,890,0.15,0.59,6808.5,4017.015,2791.485,0.41000000000000003,2035-05,2035
4213,2036-05-20,North,Office Supplies,Home Office,Phone,9,131,0.11,0.72,1049.31,755.5031999999999,293.80680000000007,0.2800000000000001,2036-05,2036
4214,2027-06-18,South,Technology,Consumer,Desk,3,1044,0.16,0.62,2630.88,1631.1456,999.7344,0.38,2027-06,2027
4215,2035-09-03,South,Office Supplies,Corporate,Storage,9,1844,0.04,0.73,15932.16,11630.4768,4301.6831999999995,0.26999999999999996,2035-09,2035
4216,2026-08-09,North,Technology,Home Office,Storage,9,630,0.0,0.74,5670.0,4195.8,1474.1999999999998,0.25999999999999995,2026-08,2026
4217,2030-10-28,South,Technology,Corporate,Printer,2,205,0.08,0.59,377.2,222.54799999999997,154.65200000000002,0.41000000000000003,2030-10,2030
4218,2026-01-29,South,Office Supplies,Corporate,Monitor,5,581,0.18,0.62,2382.1000000000004,1476.9020000000003,905.1980000000001,0.38,2026-01,2026
4219,2030-01-31,South,Office Supplies,Corporate,Chair,2,305,0.21,0.7,481.90000000000003,337.33,144.57000000000005,0.3000000000000001,2030-01,2030
4220,2025-10-20,South,Office Supplies,Corporate,Printer,1,1370,0.25,0.52,1027.5,534.3000000000001,493.19999999999993,0.4799999999999999,2025-10,2025
4221,2026-10-10,East,Technology,Consumer,Printer,7,934,0.28,0.71,4707.36,3342.2255999999998,1365.1344,0.29,2026-10,2026
4222,2032-03-28,South,Furniture,Home Office,Chair,4,1802,0.12,0.63,6343.04,3996.1152,2346.9248,0.36999999999999994,2032-03,2032
4223,2027-02-28,West,Furniture,Corporate,Paper,5,188,0.22,0.67,733.2,491.2440000000001,241.95599999999996,0.3299999999999999,2027-02,2027
4224,2023-08-15,South,Office Supplies,Home Office,Printer,4,1439,0.02,0.47,5640.88,2651.2136,2989.6664,0.53,2023-08,2023
4225,2036-08-08,North,Furniture,Consumer,Paper,6,1134,0.02,0.68,6667.92,4534.185600000001,2133.7343999999994,0.3199999999999999,2036-08,2036
4226,2025-06-10,West,Furniture,Home Office,Monitor,2,1172,0.04,0.54,2250.24,1215.1296,1035.1103999999998,0.45999999999999996,2025-06,2025
4227,2034-02-24,East,Office Supplies,Home Office,Laptop,8,995,0.13,0.69,6925.2,4778.388,2146.812,0.31,2034-02,2034
4228,2029-03-07,West,Technology,Consumer,Paper,4,1696,0.06,0.6,6376.96,3826.176,2550.784,0.4,2029-03,2029
4229,2030-08-20,West,Office Supplies,Corporate,Desk,8,1294,0.09,0.53,9420.32,4992.7696000000005,4427.550399999999,0.4699999999999999,2030-08,2030
4230,2024-02-01,West,Furniture,Home Office,Monitor,3,242,0.19,0.74,588.0600000000001,435.16440000000006,152.8956,0.25999999999999995,2024-02,2024
4231,2028-09-09,North,Technology,Home Office,Paper,5,306,0.11,0.68,1361.7,925.9560000000001,435.7439999999999,0.31999999999999995,2028-09,2028
4232,2035-12-28,North,Furniture,Corporate,Phone,3,1586,0.17,0.75,3949.14,2961.855,987.2849999999999,0.24999999999999997,2035-12,2035
4233,2035-02-11,North,Technology,Corporate,Chair,7,608,0.12,0.56,3745.28,2097.3568000000005,1647.9231999999997,0.4399999999999999,2035-02,2035
4234,2031-11-12,East,Furniture,Home Office,Laptop,3,1324,0.05,0.64,3773.3999999999996,2414.9759999999997,1358.424,0.36000000000000004,2031-11,2031
4235,2033-08-29,North,Office Supplies,Consumer,Storage,8,104,0.02,0.63,815.36,513.6768,301.68320000000006,0.37000000000000005,2033-08,2033
4236,2028-06-28,North,Furniture,Corporate,Phone,9,310,0.07,0.66,2594.7,1712.502,882.1979999999999,0.33999999999999997,2028-06,2028
4237,2028-07-09,West,Furniture,Corporate,Phone,2,128,0.02,0.46,250.88,115.40480000000001,135.47519999999997,0.5399999999999999,2028-07,2028
4238,2031-09-07,North,Technology,Consumer,Paper,3,1313,0.19,0.54,3190.59,1722.9186000000002,1467.6714,0.45999999999999996,2031-09,2031
4239,2030-04-22,South,Furniture,Home Office,Phone,7,287,0.24,0.72,1526.84,1099.3247999999999,427.51520000000005,0.28,2030-04,2030
4240,2028-02-22,North,Office Supplies,Corporate,Printer,5,1960,0.1,0.58,8820.0,5115.599999999999,3704.4000000000005,0.42000000000000004,2028-02,2028
4241,2026-04-11,East,Office Supplies,Home Office,Printer,7,1890,0.12,0.74,11642.4,8615.376,3027.0239999999994,0.25999999999999995,2026-04,2026
4242,2027-11-08,East,Office Supplies,Home Office,Printer,2,1273,0.24,0.51,1934.96,986.8296,948.1304,0.49,2027-11,2027
4243,2023-06-11,South,Technology,Home Office,Monitor,4,624,0.07,0.75,2321.2799999999997,1740.9599999999998,580.3199999999999,0.25,2023-06,2023
4244,2033-11-20,East,Technology,Consumer,Paper,1,1045,0.04,0.66,1003.1999999999999,662.112,341.08799999999997,0.33999999999999997,2033-11,2033
4245,2027-10-18,East,Furniture,Home Office,Printer,5,1489,0.15,0.68,6328.25,4303.21,2025.04,0.32,2027-10,2027
4246,2025-02-14,West,Furniture,Home Office,Laptop,8,256,0.19,0.57,1658.88,945.5616,713.3184000000001,0.43000000000000005,2025-02,2025
4247,2025-07-28,South,Furniture,Corporate,Printer,1,179,0.18,0.72,146.78,105.6816,41.0984,0.27999999999999997,2025-07,2025
4248,2031-10-26,West,Technology,Corporate,Paper,7,1991,0.21,0.61,11010.230000000001,6716.2403,4293.989700000001,0.39000000000000007,2031-10,2031
4249,2024-06-23,West,Technology,Consumer,Chair,7,1396,0.02,0.65,9576.56,6224.764,3351.7959999999994,0.35,2024-06,2024
4250,2036-06-18,North,Furniture,Consumer,Phone,7,759,0.13,0.48,4622.31,2218.7088,2403.6012000000005,0.52,2036-06,2036
4251,2027-01-01,South,Technology,Corporate,Laptop,1,1841,0.07,0.64,1712.1299999999999,1095.7631999999999,616.3668,0.36000000000000004,2027-01,2027
4252,2023-12-22,North,Technology,Corporate,Paper,3,725,0.23,0.71,1674.75,1189.0725,485.6775,0.29,2023-12,2023
4253,2032-11-13,North,Office Supplies,Consumer,Storage,2,1641,0.26,0.5,2428.68,1214.34,1214.34,0.5,2032-11,2032
4254,2032-02-06,West,Office Supplies,Home Office,Printer,5,1913,0.08,0.67,8799.800000000001,5895.866000000001,2903.934,0.32999999999999996,2032-02,2032
4255,2023-08-23,East,Furniture,Consumer,Storage,2,331,0.03,0.46,642.14,295.3844,346.75559999999996,0.5399999999999999,2023-08,2023
4256,2027-03-29,South,Furniture,Home Office,Phone,5,1772,0.08,0.73,8151.200000000001,5950.376,2200.8240000000005,0.27,2027-03,2027
4257,2028-09-27,East,Office Supplies,Corporate,Laptop,5,259,0.03,0.74,1256.1499999999999,929.5509999999999,326.59899999999993,0.25999999999999995,2028-09,2028
4258,2034-07-15,West,Technology,Corporate,Phone,4,443,0.1,0.56,1594.8,893.0880000000001,701.7119999999999,0.43999999999999995,2034-07,2034
4259,2028-10-02,West,Furniture,Corporate,Storage,7,1412,0.16,0.48,8302.56,3985.2287999999994,4317.3312000000005,0.5200000000000001,2028-10,2028
4260,2027-08-01,West,Furniture,Home Office,Monitor,6,304,0.29,0.65,1295.04,841.776,453.264,0.35000000000000003,2027-08,2027
4261,2028-10-01,West,Furniture,Consumer,Laptop,2,1094,0.12,0.46,1925.44,885.7024,1039.7376,0.5399999999999999,2028-10,2028
4262,2033-01-05,West,Technology,Home Office,Desk,4,937,0.07,0.59,3485.64,2056.5276,1429.1124,0.41000000000000003,2033-01,2033
4263,2035-09-28,West,Office Supplies,Consumer,Monitor,7,404,0.05,0.53,2686.6,1423.898,1262.702,0.47000000000000003,2035-09,2035
4264,2032-11-05,East,Furniture,Consumer,Laptop,9,1483,0.05,0.59,12679.65,7480.9935,5198.6565,0.41000000000000003,2032-11,2032
4265,2033-04-06,North,Office Supplies,Consumer,Printer,9,769,0.06,0.46,6505.74,2992.6404,3513.0995999999996,0.5399999999999999,2033-04,2033
4266,2031-09-09,East,Office Supplies,Corporate,Paper,3,1993,0.23,0.47,4603.83,2163.8001,2440.0299,0.53,2031-09,2031
4267,2027-12-21,South,Technology,Consumer,Storage,1,499,0.02,0.45,489.02,220.059,268.961,0.55,2027-12,2027
4268,2033-07-08,East,Technology,Corporate,Phone,9,1572,0.3,0.64,9903.599999999999,6338.303999999999,3565.2959999999994,0.36,2033-07,2033
4269,2028-06-28,West,Technology,Consumer,Paper,8,205,0.16,0.62,1377.6,854.112,523.4879999999999,0.38,2028-06,2028
4270,2035-04-21,East,Technology,Consumer,Phone,7,1205,0.16,0.52,7085.4,3684.408,3400.9919999999997,0.48,2035-04,2035
4271,2024-11-05,North,Technology,Corporate,Phone,6,441,0.11,0.64,2354.94,1507.1616000000001,847.7783999999999,0.35999999999999993,2024-11,2024
4272,2024-01-22,South,Technology,Corporate,Chair,7,1085,0.21,0.72,6000.05,4320.036,1680.0140000000001,0.28,2024-01,2024
4273,2028-11-28,East,Furniture,Home Office,Chair,9,1905,0.14,0.53,14744.699999999999,7814.691,6930.008999999999,0.47,2028-11,2028
4274,2030-04-15,North,Office Supplies,Consumer,Printer,6,1051,0.1,0.7,5675.400000000001,3972.78,1702.6200000000003,0.30000000000000004,2030-04,2030
4275,2028-08-26,East,Technology,Corporate,Desk,3,1544,0.08,0.65,4261.4400000000005,2769.9360000000006,1491.504,0.3499999999999999,2028-08,2028
4276,2033-07-18,South,Furniture,Home Office,Paper,3,148,0.28,0.46,319.68,147.05280000000002,172.6272,0.5399999999999999,2033-07,2033
4277,2031-11-28,East,Office Supplies,Home Office,Chair,4,305,0.09,0.56,1110.2,621.7120000000001,488.48799999999994,0.43999999999999995,2031-11,2031
4278,2036-08-19,West,Technology,Corporate,Laptop,8,1341,0.13,0.6,9333.36,5600.0160000000005,3733.344,0.39999999999999997,2036-08,2036
4279,2035-09-11,East,Technology,Consumer,Monitor,9,1941,0.11,0.67,15547.41,10416.7647,5130.6453,0.33,2035-09,2035
4280,2034-09-06,North,Furniture,Home Office,Storage,8,1799,0.03,0.54,13960.24,7538.529600000001,6421.710399999999,0.45999999999999996,2034-09,2034
4281,2025-01-09,East,Office Supplies,Consumer,Printer,2,1559,0.06,0.74,2930.9199999999996,2168.8808,762.0391999999997,0.25999999999999995,2025-01,2025
4282,2026-11-02,North,Technology,Consumer,Monitor,4,890,0.06,0.66,3346.3999999999996,2208.624,1137.7759999999998,0.33999999999999997,2026-11,2026
4283,2031-12-04,South,Office Supplies,Home Office,Desk,4,1445,0.21,0.56,4566.2,2557.072,2009.1279999999997,0.43999999999999995,2031-12,2031
4284,2029-03-27,East,Furniture,Corporate,Monitor,2,330,0.12,0.48,580.8,278.784,302.01599999999996,0.52,2029-03,2029
4285,2033-09-09,South,Technology,Consumer,Paper,8,1834,0.23,0.5,11297.44,5648.72,5648.72,0.5,2033-09,2033
4286,2033-09-28,South,Office Supplies,Corporate,Laptop,3,1610,0.21,0.6,3815.7000000000003,2289.42,1526.2800000000002,0.4,2033-09,2033
4287,2034-07-16,East,Furniture,Home Office,Phone,2,1552,0.06,0.6,2917.7599999999998,1750.6559999999997,1167.104,0.4,2034-07,2034
4288,2031-11-02,North,Furniture,Consumer,Chair,7,982,0.17,0.68,5705.42,3879.6856000000002,1825.7343999999998,0.31999999999999995,2031-11,2031
4289,2030-10-02,South,Technology,Corporate,Laptop,1,825,0.22,0.67,643.5,431.14500000000004,212.35499999999996,0.32999999999999996,2030-10,2030
4290,2033-04-16,South,Office Supplies,Corporate,Desk,6,383,0.19,0.51,1861.38,949.3038,912.0762000000001,0.49,2033-04,2033
4291,2029-11-17,East,Technology,Consumer,Printer,3,1609,0.18,0.63,3958.1400000000003,2493.6282,1464.5118000000002,0.37000000000000005,2029-11,2029
4292,2028-11-21,East,Technology,Corporate,Monitor,3,375,0.22,0.46,877.5,403.65000000000003,473.84999999999997,0.5399999999999999,2028-11,2028
4293,2033-01-23,East,Office Supplies,Corporate,Laptop,5,532,0.02,0.57,2606.7999999999997,1485.8759999999997,1120.924,0.43000000000000005,2033-01,2033
4294,2030-07-08,East,Office Supplies,Home Office,Paper,3,1308,0.22,0.68,3060.7200000000003,2081.2896000000005,979.4303999999997,0.3199999999999999,2030-07,2030
4295,2033-08-02,East,Office Supplies,Home Office,Printer,4,1845,0.08,0.57,6789.6,3870.0719999999997,2919.5280000000007,0.4300000000000001,2033-08,2033
4296,2033-04-22,West,Furniture,Corporate,Phone,3,732,0.17,0.7,1822.6799999999998,1275.8759999999997,546.8040000000001,0.3000000000000001,2033-04,2033
4297,2029-01-31,East,Furniture,Corporate,Desk,7,315,0.07,0.74,2050.6499999999996,1517.4809999999998,533.1689999999999,0.26,2029-01,2029
4298,2030-08-24,North,Office Supplies,Consumer,Desk,3,196,0.25,0.63,441.0,277.83,163.17000000000002,0.37000000000000005,2030-08,2030
4299,2027-08-25,South,Furniture,Home Office,Monitor,4,1054,0.14,0.49,3625.7599999999998,1776.6223999999997,1849.1376,0.51,2027-08,2027
4300,2032-06-24,North,Technology,Consumer,Chair,2,1242,0.19,0.56,2012.0400000000002,1126.7424000000003,885.2975999999999,0.4399999999999999,2032-06,2032
4301,2034-02-15,North,Office Supplies,Corporate,Storage,2,464,0.24,0.45,705.28,317.376,387.904,0.55,2034-02,2034
4302,2027-03-05,West,Technology,Consumer,Desk,9,1917,0.27,0.63,12594.69,7934.6547,4660.0353000000005,0.37,2027-03,2027
4303,2036-01-13,East,Office Supplies,Corporate,Paper,1,1526,0.22,0.7,1190.28,833.1959999999999,357.08400000000006,0.30000000000000004,2036-01,2036
4304,2023-02-02,South,Technology,Home Office,Laptop,1,1107,0.04,0.64,1062.72,680.1408,382.5792,0.36,2023-02,2023
4305,2034-01-08,North,Office Supplies,Home Office,Paper,1,717,0.26,0.69,530.58,366.1002,164.47980000000007,0.3100000000000001,2034-01,2034
4306,2030-01-10,East,Technology,Corporate,Laptop,3,496,0.19,0.69,1205.28,831.6431999999999,373.6368000000001,0.3100000000000001,2030-01,2030
4307,2030-09-04,East,Office Supplies,Home Office,Laptop,2,557,0.18,0.71,913.48,648.5708,264.90920000000006,0.29000000000000004,2030-09,2030
4308,2033-09-01,West,Office Supplies,Corporate,Phone,3,417,0.28,0.53,900.7199999999999,477.3816,423.3383999999999,0.47,2033-09,2033
4309,2033-02-26,West,Furniture,Consumer,Desk,5,481,0.07,0.71,2236.6499999999996,1588.0214999999996,648.6285,0.29000000000000004,2033-02,2033
4310,2024-12-20,West,Technology,Corporate,Desk,9,241,0.07,0.65,2017.1699999999998,1311.1605,706.0094999999999,0.35,2024-12,2024
4311,2035-07-16,South,Furniture,Consumer,Laptop,2,556,0.15,0.54,945.1999999999999,510.408,434.7919999999999,0.45999999999999996,2035-07,2035
4312,2025-08-30,North,Technology,Corporate,Monitor,1,600,0.23,0.75,462.0,346.5,115.5,0.25,2025-08,2025
4313,2033-03-07,West,Furniture,Home Office,Paper,6,422,0.13,0.74,2202.84,1630.1016000000002,572.7384,0.25999999999999995,2033-03,2033
4314,2035-01-20,West,Office Supplies,Corporate,Chair,3,1099,0.19,0.62,2670.57,1655.7534,1014.8166000000001,0.38,2035-01,2035
4315,2035-06-19,West,Furniture,Corporate,Monitor,7,367,0.14,0.7,2209.34,1546.538,662.8020000000001,0.30000000000000004,2035-06,2035
4316,2029-01-16,North,Furniture,Corporate,Chair,6,1926,0.18,0.53,9475.92,5022.2376,4453.6824,0.47,2029-01,2029
4317,2035-02-13,North,Office Supplies,Home Office,Desk,7,586,0.25,0.57,3076.5,1753.6049999999998,1322.8950000000002,0.43000000000000005,2035-02,2035
4318,2034-10-30,West,Furniture,Corporate,Monitor,5,977,0.05,0.51,4640.75,2366.7825000000003,2273.9674999999997,0.48999999999999994,2034-10,2034
4319,2031-04-19,West,Office Supplies,Home Office,Paper,1,778,0.21,0.61,614.62,374.9182,239.7018,0.38999999999999996,2031-04,2031
4320,2032-10-15,East,Technology,Corporate,Desk,3,1283,0.24,0.6,2925.2400000000002,1755.144,1170.0960000000002,0.4,2032-10,2032
4321,2031-07-14,West,Furniture,Consumer,Printer,3,1866,0.13,0.51,4870.26,2483.8326,2386.4274,0.49,2031-07,2031
4322,2031-12-30,South,Office Supplies,Corporate,Desk,7,113,0.1,0.65,711.9,462.735,249.16499999999996,0.35,2031-12,2031
4323,2024-10-05,South,Office Supplies,Consumer,Monitor,3,1103,0.0,0.49,3309.0,1621.41,1687.59,0.51,2024-10,2024
4324,2035-11-25,West,Furniture,Home Office,Paper,5,804,0.24,0.47,3055.2,1435.9439999999997,1619.256,0.53,2035-11,2035
4325,2023-07-14,North,Technology,Home Office,Laptop,4,254,0.1,0.57,914.4,521.208,393.192,0.43,2023-07,2023
4326,2033-12-10,East,Furniture,Corporate,Storage,4,200,0.11,0.57,712.0,405.84,306.16,0.43000000000000005,2033-12,2033
4327,2024-05-03,North,Office Supplies,Home Office,Phone,7,671,0.1,0.55,4227.3,2325.0150000000003,1902.2849999999999,0.44999999999999996,2024-05,2024
4328,2029-01-13,West,Technology,Corporate,Paper,1,1166,0.15,0.53,991.1,525.283,465.817,0.47,2029-01,2029
4329,2030-04-11,South,Furniture,Home Office,Desk,7,1316,0.21,0.55,7277.4800000000005,4002.6140000000005,3274.866,0.44999999999999996,2030-04,2030
4330,2031-12-21,East,Office Supplies,Consumer,Desk,8,1434,0.23,0.5,8833.44,4416.72,4416.72,0.5,2031-12,2031
4331,2026-01-07,North,Furniture,Home Office,Laptop,3,720,0.12,0.57,1900.8,1083.456,817.344,0.43000000000000005,2026-01,2026
4332,2026-05-26,North,Technology,Consumer,Paper,3,1728,0.2,0.72,4147.2,2985.984,1161.216,0.27999999999999997,2026-05,2026
4333,2024-05-30,West,Technology,Corporate,Printer,4,1851,0.22,0.52,5775.12,3003.0624000000003,2772.0575999999996,0.4799999999999999,2024-05,2024
4334,2024-01-28,East,Technology,Corporate,Storage,6,1114,0.09,0.66,6082.4400000000005,4014.4104000000007,2068.0296,0.33999999999999997,2024-01,2024
4335,2024-09-22,South,Technology,Corporate,Paper,7,564,0.03,0.49,3829.56,1876.4844,1953.0756,0.51,2024-09,2024
4336,2033-03-05,West,Technology,Consumer,Desk,1,1286,0.27,0.56,938.78,525.7168,413.06319999999994,0.43999999999999995,2033-03,2033
4337,2028-01-22,East,Furniture,Corporate,Chair,4,450,0.2,0.55,1440.0,792.0000000000001,647.9999999999999,0.4499999999999999,2028-01,2028
4338,2030-04-09,North,Technology,Corporate,Chair,7,333,0.19,0.73,1888.1100000000001,1378.3203,509.78970000000004,0.27,2030-04,2030
4339,2025-09-06,West,Technology,Consumer,Chair,2,502,0.02,0.58,983.92,570.6736,413.2464,0.42,2025-09,2025
4340,2035-05-27,North,Office Supplies,Home Office,Phone,1,450,0.25,0.66,337.5,222.75,114.75,0.34,2035-05,2035
4341,2032-04-25,North,Technology,Corporate,Phone,1,1290,0.17,0.63,1070.7,674.541,396.159,0.37,2032-04,2032
4342,2033-08-07,West,Office Supplies,Home Office,Paper,6,1271,0.25,0.49,5719.5,2802.555,2916.945,0.51,2033-08,2033
4343,2023-10-05,West,Office Supplies,Home Office,Storage,5,127,0.29,0.73,450.84999999999997,329.1205,121.72949999999997,0.26999999999999996,2023-10,2023
4344,2023-08-21,West,Office Supplies,Corporate,Desk,1,358,0.29,0.55,254.17999999999998,139.799,114.38099999999997,0.4499999999999999,2023-08,2023
4345,2027-04-02,West,Furniture,Corporate,Desk,3,1721,0.26,0.46,3820.62,1757.4852,2063.1348,0.5399999999999999,2027-04,2027
4346,2031-12-15,West,Furniture,Consumer,Desk,7,719,0.0,0.54,5033.0,2717.82,2315.18,0.45999999999999996,2031-12,2031
4347,2029-08-06,North,Office Supplies,Consumer,Phone,9,1565,0.27,0.55,10282.05,5655.1275000000005,4626.922499999999,0.4499999999999999,2029-08,2029
4348,2032-08-13,South,Furniture,Corporate,Storage,9,1752,0.02,0.48,15452.64,7417.267199999999,8035.3728,0.52,2032-08,2032
4349,2023-01-26,South,Technology,Home Office,Desk,6,975,0.26,0.64,4329.0,2770.56,1558.44,0.36,2023-01,2023
4350,2024-04-05,West,Furniture,Consumer,Laptop,3,1650,0.08,0.55,4554.0,2504.7000000000003,2049.2999999999997,0.44999999999999996,2024-04,2024
4351,2033-04-22,North,Technology,Consumer,Printer,1,1334,0.18,0.64,1093.88,700.0832,393.7968000000001,0.36000000000000004,2033-04,2033
4352,2032-05-24,South,Technology,Corporate,Monitor,3,1953,0.01,0.45,5800.41,2610.1845,3190.2255,0.55,2032-05,2032
4353,2032-07-15,South,Furniture,Corporate,Paper,2,642,0.23,0.74,988.6800000000001,731.6232,257.05680000000007,0.26000000000000006,2032-07,2032
4354,2028-06-17,South,Furniture,Corporate,Paper,5,1568,0.03,0.5,7604.8,3802.4,3802.4,0.5,2028-06,2028
4355,2024-05-05,North,Office Supplies,Corporate,Chair,8,1917,0.12,0.65,13495.68,8772.192000000001,4723.487999999999,0.3499999999999999,2024-05,2024
4356,2025-12-08,West,Furniture,Consumer,Chair,5,552,0.25,0.66,2070.0,1366.2,703.8,0.33999999999999997,2025-12,2025
4357,2031-09-09,West,Furniture,Consumer,Paper,1,796,0.21,0.5,628.84,314.42,314.42,0.5,2031-09,2031
4358,2023-08-04,West,Furniture,Consumer,Laptop,3,503,0.0,0.48,1509.0,724.3199999999999,784.6800000000001,0.52,2023-08,2023
4359,2027-09-20,East,Technology,Home Office,Desk,5,1118,0.12,0.5,4919.2,2459.6,2459.6,0.5,2027-09,2027
4360,2027-05-12,East,Technology,Consumer,Storage,7,1189,0.01,0.52,8239.77,4284.6804,3955.0896000000002,0.48,2027-05,2027
4361,2030-02-19,East,Technology,Consumer,Storage,5,1528,0.2,0.5,6112.0,3056.0,3056.0,0.5,2030-02,2030
4362,2023-06-08,North,Office Supplies,Corporate,Phone,5,982,0.29,0.65,3486.1,2265.965,1220.1349999999998,0.3499999999999999,2023-06,2023
4363,2036-02-03,South,Office Supplies,Consumer,Desk,7,1951,0.2,0.58,10925.6,6336.848,4588.752,0.42000000000000004,2036-02,2036
4364,2032-01-27,South,Office Supplies,Consumer,Storage,8,674,0.07,0.61,5014.5599999999995,3058.8815999999997,1955.6783999999998,0.39,2032-01,2032
4365,2030-10-12,North,Technology,Consumer,Desk,8,1558,0.11,0.46,11092.960000000001,5102.761600000001,5990.1984,0.5399999999999999,2030-10,2030
4366,2027-11-12,North,Furniture,Corporate,Chair,7,1351,0.29,0.71,6714.469999999999,4767.2737,1947.1962999999996,0.29,2027-11,2027
4367,2028-08-14,West,Office Supplies,Consumer,Monitor,3,1599,0.07,0.5,4461.21,2230.605,2230.605,0.5,2028-08,2028
4368,2029-04-14,West,Office Supplies,Consumer,Monitor,2,1591,0.17,0.56,2641.06,1478.9936,1162.0664,0.44,2029-04,2029
4369,2027-08-24,East,Technology,Home Office,Monitor,1,1224,0.12,0.47,1077.1200000000001,506.24640000000005,570.8736000000001,0.53,2027-08,2027
4370,2031-03-13,East,Office Supplies,Home Office,Chair,6,522,0.23,0.49,2411.64,1181.7035999999998,1229.9364,0.51,2031-03,2031
4371,2029-10-05,North,Furniture,Home Office,Phone,9,1479,0.26,0.65,9850.14,6402.590999999999,3447.549,0.35000000000000003,2029-10,2029
4372,2028-04-30,East,Technology,Home Office,Monitor,3,1262,0.1,0.66,3407.4,2248.884,1158.516,0.34,2028-04,2028
4373,2033-06-06,South,Technology,Corporate,Chair,5,1754,0.2,0.65,7016.0,4560.400000000001,2455.5999999999995,0.3499999999999999,2033-06,2033
4374,2030-08-15,North,Furniture,Home Office,Desk,9,1692,0.16,0.62,12791.519999999999,7930.742399999999,4860.777599999999,0.38,2030-08,2030
4375,2032-12-23,North,Furniture,Consumer,Monitor,9,1254,0.08,0.74,10383.12,7683.5088000000005,2699.6112000000003,0.26,2032-12,2032
4376,2029-11-05,South,Furniture,Home Office,Laptop,7,648,0.08,0.6,4173.12,2503.872,1669.248,0.4,2029-11,2029
4377,2032-12-24,West,Office Supplies,Corporate,Phone,4,567,0.16,0.58,1905.12,1104.9696,800.1504,0.42000000000000004,2032-12,2032
4378,2030-03-30,West,Furniture,Home Office,Laptop,2,1603,0.05,0.52,3045.7,1583.764,1461.936,0.48,2030-03,2030
4379,2029-06-07,South,Technology,Home Office,Paper,2,210,0.24,0.48,319.2,153.21599999999998,165.984,0.52,2029-06,2029
4380,2028-04-16,South,Furniture,Corporate,Desk,4,252,0.02,0.61,987.84,602.5824,385.2576,0.39,2028-04,2028
4381,2032-01-08,East,Technology,Corporate,Phone,1,1016,0.03,0.54,985.52,532.1808,453.3392,0.46,2032-01,2032
4382,2027-10-24,North,Technology,Corporate,Laptop,4,861,0.1,0.61,3099.6,1890.7559999999999,1208.844,0.39,2027-10,2027
4383,2026-01-21,East,Office Supplies,Corporate,Phone,6,1365,0.04,0.51,7862.4,4009.824,3852.5759999999996,0.49,2026-01,2026
4384,2030-01-11,South,Furniture,Corporate,Desk,6,819,0.14,0.7,4226.04,2958.2279999999996,1267.8120000000004,0.3000000000000001,2030-01,2030
4385,2032-07-31,East,Office Supplies,Corporate,Paper,7,979,0.12,0.75,6030.64,4522.9800000000005,1507.6599999999999,0.24999999999999997,2032-07,2032
4386,2024-05-07,South,Furniture,Consumer,Storage,5,781,0.22,0.55,3045.9,1675.2450000000001,1370.655,0.44999999999999996,2024-05,2024
4387,2032-01-20,East,Furniture,Home Office,Monitor,9,868,0.29,0.7,5546.5199999999995,3882.5639999999994,1663.9560000000001,0.30000000000000004,2032-01,2032
4388,2024-09-11,East,Furniture,Home Office,Paper,2,378,0.23,0.71,582.12,413.30519999999996,168.81480000000005,0.2900000000000001,2024-09,2024
4389,2031-11-07,West,Furniture,Corporate,Phone,2,462,0.05,0.75,877.8,658.3499999999999,219.45000000000005,0.25000000000000006,2031-11,2031
4390,2033-06-20,South,Furniture,Corporate,Monitor,4,1748,0.28,0.55,5034.24,2768.832,2265.408,0.45,2033-06,2033
4391,2029-07-08,East,Technology,Consumer,Paper,4,1531,0.12,0.68,5389.12,3664.6016,1724.5184,0.32,2029-07,2029
4392,2027-03-27,North,Technology,Consumer,Monitor,4,1298,0.14,0.52,4465.12,2321.8624,2143.2576,0.48,2027-03,2027
4393,2036-07-29,East,Furniture,Corporate,Storage,1,700,0.13,0.64,609.0,389.76,219.24,0.36000000000000004,2036-07,2036
4394,2032-10-03,East,Technology,Consumer,Desk,4,1258,0.08,0.66,4629.4400000000005,3055.4304000000006,1574.0095999999999,0.3399999999999999,2032-10,2032
4395,2027-05-25,North,Office Supplies,Consumer,Phone,5,1629,0.27,0.67,5945.849999999999,3983.7194999999997,1962.1304999999998,0.33,2027-05,2027
4396,2033-04-10,South,Office Supplies,Corporate,Phone,9,393,0.1,0.51,3183.3,1623.4830000000002,1559.817,0.49,2033-04,2033
4397,2035-10-20,West,Office Supplies,Corporate,Storage,3,1618,0.17,0.7,4028.8199999999997,2820.1739999999995,1208.6460000000002,0.30000000000000004,2035-10,2035
4398,2028-03-05,West,Furniture,Corporate,Chair,3,1938,0.07,0.58,5407.0199999999995,3136.0715999999993,2270.9484,0.4200000000000001,2028-03,2028
4399,2026-06-29,West,Furniture,Corporate,Storage,5,970,0.24,0.51,3686.0,1879.8600000000001,1806.1399999999999,0.49,2026-06,2026
4400,2030-07-06,North,Technology,Home Office,Storage,6,1542,0.23,0.61,7124.04,4345.6644,2778.3756000000003,0.39000000000000007,2030-07,2030
4401,2029-10-29,East,Technology,Home Office,Storage,3,1329,0.09,0.71,3628.17,2576.0007,1052.1693,0.29,2029-10,2029
4402,2023-12-23,South,Technology,Corporate,Desk,1,1441,0.2,0.74,1152.8,853.072,299.72799999999995,0.25999999999999995,2023-12,2023
4403,2025-05-19,East,Office Supplies,Consumer,Paper,8,172,0.21,0.67,1087.04,728.3168000000001,358.7231999999999,0.3299999999999999,2025-05,2025
4404,2025-06-04,West,Office Supplies,Corporate,Printer,1,358,0.17,0.45,297.14,133.713,163.427,0.55,2025-06,2025
4405,2028-06-24,East,Office Supplies,Home Office,Storage,2,1481,0.18,0.49,2428.84,1190.1316000000002,1238.7084,0.51,2028-06,2028
4406,2026-07-07,North,Office Supplies,Consumer,Phone,3,1271,0.17,0.47,3164.79,1487.4513,1677.3387,0.53,2026-07,2026
4407,2024-09-11,North,Technology,Home Office,Laptop,6,1348,0.02,0.48,7926.24,3804.5951999999997,4121.6448,0.52,2024-09,2024
4408,2025-06-01,South,Furniture,Corporate,Chair,4,1228,0.2,0.56,3929.6000000000004,2200.5760000000005,1729.024,0.43999999999999995,2025-06,2025
4409,2025-03-07,South,Furniture,Home Office,Storage,4,1679,0.14,0.55,5775.76,3176.6680000000006,2599.0919999999996,0.4499999999999999,2025-03,2025
4410,2032-12-21,West,Office Supplies,Home Office,Storage,9,455,0.13,0.48,3562.65,1710.072,1852.5780000000002,0.52,2032-12,2032
4411,2032-05-18,South,Furniture,Home Office,Chair,6,1661,0.26,0.71,7374.84,5236.136399999999,2138.7036000000007,0.2900000000000001,2032-05,2032
4412,2026-07-20,East,Furniture,Consumer,Storage,2,1939,0.01,0.63,3839.22,2418.7086,1420.5113999999999,0.37,2026-07,2026
4413,2035-11-28,North,Furniture,Home Office,Phone,7,1384,0.08,0.69,8912.960000000001,6149.9424,2763.017600000001,0.3100000000000001,2035-11,2035
4414,2023-09-02,North,Office Supplies,Consumer,Printer,3,670,0.04,0.56,1929.6,1080.576,849.0239999999999,0.43999999999999995,2023-09,2023
4415,2030-12-05,North,Technology,Corporate,Storage,9,672,0.01,0.57,5987.5199999999995,3412.8863999999994,2574.6336,0.43000000000000005,2030-12,2030
4416,2025-07-18,South,Technology,Corporate,Chair,6,916,0.08,0.55,5056.320000000001,2780.9760000000006,2275.344,0.44999999999999996,2025-07,2025
4417,2024-06-03,North,Furniture,Home Office,Storage,8,1193,0.3,0.58,6680.799999999999,3874.863999999999,2805.936,0.4200000000000001,2024-06,2024
4418,2031-10-18,North,Technology,Consumer,Desk,1,1570,0.08,0.63,1444.4,909.9720000000001,534.428,0.37,2031-10,2031
4419,2029-08-06,North,Technology,Corporate,Phone,2,546,0.2,0.6,873.6,524.16,349.44000000000005,0.4000000000000001,2029-08,2029
4420,2023-01-08,West,Office Supplies,Consumer,Phone,6,882,0.04,0.7,5080.32,3556.2239999999997,1524.096,0.30000000000000004,2023-01,2023
4421,2029-11-30,West,Office Supplies,Consumer,Printer,3,1380,0.18,0.72,3394.8,2444.256,950.5440000000003,0.2800000000000001,2029-11,2029
4422,2032-05-16,South,Furniture,Home Office,Paper,1,1008,0.3,0.59,705.5999999999999,416.3039999999999,289.296,0.41000000000000003,2032-05,2032
4423,2028-07-12,North,Furniture,Home Office,Desk,6,1043,0.09,0.52,5694.78,2961.2856,2733.4943999999996,0.4799999999999999,2028-07,2028
4424,2035-07-27,South,Furniture,Consumer,Desk,5,995,0.25,0.73,3731.25,2723.8125,1007.4375,0.27,2035-07,2035
4425,2034-09-22,North,Office Supplies,Consumer,Printer,9,1029,0.3,0.67,6482.7,4343.409000000001,2139.2909999999993,0.3299999999999999,2034-09,2034
4426,2033-01-15,North,Technology,Home Office,Monitor,6,736,0.18,0.64,3621.1200000000003,2317.5168000000003,1303.6032,0.36,2033-01,2033
4427,2033-01-19,North,Office Supplies,Consumer,Monitor,5,1025,0.09,0.67,4663.75,3124.7125,1539.0375,0.32999999999999996,2033-01,2033
4428,2030-09-02,South,Office Supplies,Home Office,Paper,1,630,0.2,0.47,504.0,236.88,267.12,0.53,2030-09,2030
4429,2023-03-27,South,Technology,Consumer,Laptop,1,218,0.25,0.47,163.5,76.845,86.655,0.53,2023-03,2023
4430,2031-07-13,North,Technology,Home Office,Paper,1,1955,0.05,0.5,1857.25,928.625,928.625,0.5,2031-07,2031
4431,2034-08-03,East,Furniture,Consumer,Monitor,7,165,0.14,0.49,993.3,486.717,506.58299999999997,0.51,2034-08,2034
4432,2029-10-04,South,Technology,Home Office,Paper,6,344,0.1,0.58,1857.6000000000001,1077.408,780.1920000000002,0.4200000000000001,2029-10,2029
4433,2032-11-28,West,Technology,Consumer,Storage,5,156,0.09,0.5,709.8000000000001,354.90000000000003,354.90000000000003,0.5,2032-11,2032
4434,2027-06-25,South,Technology,Corporate,Desk,4,1167,0.26,0.71,3454.32,2452.5672,1001.7528000000002,0.29000000000000004,2027-06,2027
4435,2032-10-23,North,Technology,Corporate,Paper,8,623,0.13,0.62,4336.08,2688.3696,1647.7104,0.38,2032-10,2032
4436,2033-12-23,East,Furniture,Consumer,Laptop,8,523,0.1,0.56,3765.6,2108.7360000000003,1656.8639999999996,0.4399999999999999,2033-12,2033
4437,2032-02-09,North,Furniture,Corporate,Laptop,5,1871,0.18,0.47,7671.1,3605.417,4065.6830000000004,0.53,2032-02,2032
4438,2029-01-27,West,Technology,Consumer,Phone,4,1659,0.07,0.63,6171.48,3888.0323999999996,2283.4476,0.37,2029-01,2029
4439,2029-01-26,South,Technology,Consumer,Storage,2,494,0.07,0.48,918.8399999999999,441.04319999999996,477.79679999999996,0.52,2029-01,2029
4440,2036-08-07,South,Furniture,Corporate,Phone,7,549,0.16,0.67,3228.12,2162.8404,1065.2795999999998,0.32999999999999996,2036-08,2036
4441,2029-06-27,North,Furniture,Consumer,Chair,5,1380,0.12,0.69,6072.0,4189.679999999999,1882.3200000000006,0.3100000000000001,2029-06,2029
4442,2032-12-17,North,Technology,Home Office,Monitor,3,1053,0.09,0.61,2874.69,1753.5609,1121.1291,0.39,2032-12,2032
4443,2029-11-08,West,Office Supplies,Consumer,Phone,9,1919,0.02,0.49,16925.579999999998,8293.534199999998,8632.0458,0.51,2029-11,2029
4444,2025-08-01,East,Furniture,Consumer,Desk,9,1959,0.16,0.69,14810.039999999999,10218.927599999999,4591.1124,0.31,2025-08,2025
4445,2030-10-08,West,Furniture,Corporate,Desk,8,1484,0.24,0.54,9022.72,4872.2688,4150.4511999999995,0.45999999999999996,2030-10,2030
4446,2030-04-14,East,Furniture,Home Office,Storage,1,862,0.26,0.52,637.88,331.6976,306.1824,0.48,2030-04,2030
4447,2031-01-15,South,Technology,Consumer,Laptop,3,1729,0.07,0.59,4823.91,2846.1068999999998,1977.8031,0.41000000000000003,2031-01,2031
4448,2035-03-03,East,Technology,Consumer,Desk,2,1503,0.18,0.73,2464.92,1799.3916,665.5284000000001,0.2700000000000001,2035-03,2035
4449,2033-10-22,East,Furniture,Consumer,Monitor,4,542,0.26,0.54,1604.32,866.3328,737.9871999999999,0.45999999999999996,2033-10,2033
4450,2027-08-04,South,Technology,Consumer,Phone,2,1066,0.12,0.72,1876.16,1350.8352,525.3248000000001,0.28,2027-08,2027
4451,2026-04-11,South,Technology,Consumer,Monitor,8,991,0.28,0.47,5708.16,2682.8352,3025.3248,0.53,2026-04,2026
4452,2034-03-29,South,Furniture,Consumer,Paper,1,633,0.27,0.48,462.09,221.80319999999998,240.2868,0.52,2034-03,2034
4453,2030-08-19,West,Technology,Home Office,Phone,4,1597,0.06,0.66,6004.719999999999,3963.1151999999997,2041.6047999999996,0.33999999999999997,2030-08,2030
4454,2027-01-01,South,Office Supplies,Home Office,Storage,5,256,0.08,0.51,1177.6000000000001,600.5760000000001,577.024,0.48999999999999994,2027-01,2027
4455,2032-02-01,North,Technology,Consumer,Paper,4,188,0.05,0.54,714.4,385.776,328.62399999999997,0.45999999999999996,2032-02,2032
4456,2024-10-28,South,Technology,Consumer,Monitor,8,301,0.06,0.49,2263.52,1109.1248,1154.3952,0.51,2024-10,2024
4457,2028-12-16,South,Furniture,Corporate,Phone,2,1079,0.27,0.55,1575.34,866.437,708.9029999999999,0.44999999999999996,2028-12,2028
4458,2033-04-01,South,Furniture,Home Office,Monitor,9,561,0.28,0.53,3635.2799999999997,1926.6984,1708.5815999999998,0.47,2033-04,2033
4459,2024-08-23,East,Office Supplies,Home Office,Printer,2,1604,0.02,0.67,3143.84,2106.3728,1037.4672,0.33,2024-08,2024
4460,2030-04-06,West,Technology,Consumer,Storage,2,808,0.18,0.66,1325.1200000000001,874.5792000000001,450.5408,0.33999999999999997,2030-04,2030
4461,2035-02-09,South,Office Supplies,Home Office,Storage,2,1680,0.17,0.74,2788.7999999999997,2063.712,725.0879999999997,0.25999999999999995,2035-02,2035
4462,2033-06-21,West,Office Supplies,Home Office,Desk,8,553,0.12,0.67,3893.12,2608.3904,1284.7295999999997,0.3299999999999999,2033-06,2033
4463,2033-09-11,North,Furniture,Corporate,Storage,3,1593,0.19,0.66,3870.9900000000002,2554.8534000000004,1316.1365999999998,0.3399999999999999,2033-09,2033
4464,2025-09-06,North,Technology,Corporate,Chair,8,479,0.28,0.66,2759.04,1820.9664,938.0735999999999,0.33999999999999997,2025-09,2025
4465,2029-09-17,South,Furniture,Home Office,Desk,7,500,0.05,0.71,3325.0,2360.75,964.25,0.29,2029-09,2029
4466,2024-09-20,North,Office Supplies,Home Office,Desk,4,1202,0.04,0.54,4615.679999999999,2492.4672,2123.2127999999993,0.4599999999999999,2024-09,2024
4467,2027-06-18,West,Office Supplies,Home Office,Paper,7,650,0.01,0.54,4504.5,2432.4300000000003,2072.0699999999997,0.4599999999999999,2027-06,2027
4468,2033-02-13,East,Furniture,Consumer,Paper,8,1035,0.11,0.67,7369.2,4937.3640000000005,2431.8359999999993,0.3299999999999999,2033-02,2033
4469,2032-05-23,South,Furniture,Corporate,Monitor,6,1919,0.1,0.52,10362.6,5388.552000000001,4974.048,0.48,2032-05,2032
4470,2033-01-22,North,Furniture,Consumer,Printer,6,1112,0.13,0.72,5804.64,4179.3408,1625.2992000000004,0.28,2033-01,2033
4471,2033-10-04,West,Furniture,Corporate,Desk,3,1509,0.15,0.61,3847.95,2347.2495,1500.7005,0.39,2033-10,2033
4472,2030-07-28,West,Furniture,Corporate,Paper,5,1077,0.23,0.54,4146.45,2239.083,1907.3669999999997,0.45999999999999996,2030-07,2030
4473,2034-12-18,North,Office Supplies,Corporate,Laptop,2,1790,0.12,0.68,3150.4,2142.2720000000004,1008.1279999999997,0.3199999999999999,2034-12,2034
4474,2036-02-02,West,Furniture,Home Office,Phone,5,760,0.1,0.54,3420.0,1846.8000000000002,1573.1999999999998,0.45999999999999996,2036-02,2036
4475,2023-04-26,West,Technology,Corporate,Phone,5,1466,0.25,0.74,5497.5,4068.15,1429.35,0.26,2023-04,2023
4476,2036-07-27,South,Office Supplies,Consumer,Storage,7,1002,0.25,0.74,5260.5,3892.77,1367.73,0.26,2036-07,2036
4477,2028-06-26,West,Office Supplies,Corporate,Monitor,4,544,0.07,0.65,2023.6799999999998,1315.3919999999998,708.288,0.35000000000000003,2028-06,2028
4478,2024-11-23,North,Technology,Consumer,Printer,6,151,0.09,0.48,824.46,395.7408,428.71920000000006,0.52,2024-11,2024
4479,2031-08-29,South,Technology,Corporate,Phone,9,1374,0.25,0.53,9274.5,4915.485000000001,4359.014999999999,0.4699999999999999,2031-08,2031
4480,2026-01-10,North,Office Supplies,Corporate,Laptop,4,1782,0.02,0.6,6985.44,4191.263999999999,2794.1760000000004,0.4000000000000001,2026-01,2026
4481,2031-03-28,East,Furniture,Home Office,Printer,6,428,0.1,0.71,2311.2000000000003,1640.952,670.2480000000003,0.2900000000000001,2031-03,2031
4482,2028-12-01,North,Office Supplies,Consumer,Chair,9,1617,0.13,0.51,12661.11,6457.1661,6203.9439,0.49,2028-12,2028
4483,2023-06-03,North,Office Supplies,Corporate,Phone,1,1473,0.06,0.48,1384.62,664.6175999999999,720.0024,0.52,2023-06,2023
4484,2033-02-16,South,Technology,Corporate,Desk,8,869,0.05,0.47,6604.4,3104.0679999999998,3500.332,0.53,2033-02,2033
4485,2035-01-28,West,Office Supplies,Consumer,Laptop,1,1908,0.13,0.6,1659.96,995.976,663.984,0.4,2035-01,2035
4486,2033-05-14,North,Furniture,Corporate,Monitor,4,1582,0.23,0.72,4872.56,3508.2432000000003,1364.3168,0.27999999999999997,2033-05,2033
4487,2025-11-30,South,Technology,Home Office,Monitor,3,597,0.25,0.46,1343.25,617.895,725.355,0.54,2025-11,2025
4488,2034-07-02,East,Office Supplies,Consumer,Laptop,4,224,0.29,0.51,636.16,324.4416,311.7184,0.49,2034-07,2034
4489,2028-03-28,South,Office Supplies,Home Office,Phone,7,303,0.02,0.66,2078.58,1371.8628,706.7171999999998,0.3399999999999999,2028-03,2028
4490,2026-05-01,South,Furniture,Consumer,Paper,9,867,0.07,0.7,7256.79,5079.753,2177.0370000000003,0.30000000000000004,2026-05,2026
4491,2029-07-29,West,Office Supplies,Consumer,Paper,9,742,0.23,0.69,5142.06,3548.0214,1594.0386000000003,0.31000000000000005,2029-07,2029
4492,2027-11-08,North,Office Supplies,Consumer,Storage,1,1144,0.16,0.69,960.9599999999999,663.0623999999999,297.8976,0.31000000000000005,2027-11,2027
4493,2028-05-14,East,Office Supplies,Corporate,Chair,1,689,0.1,0.49,620.1,303.849,316.25100000000003,0.51,2028-05,2028
4494,2030-08-12,South,Office Supplies,Consumer,Desk,9,1970,0.06,0.57,16666.2,9499.734,7166.466,0.43,2030-08,2030
4495,2036-02-26,North,Furniture,Consumer,Chair,4,1686,0.08,0.75,6204.4800000000005,4653.360000000001,1551.12,0.24999999999999997,2036-02,2036
4496,2035-12-30,North,Office Supplies,Consumer,Chair,3,461,0.13,0.75,1203.21,902.4075,300.8025,0.25,2035-12,2035
4497,2030-11-11,South,Office Supplies,Home Office,Phone,9,460,0.05,0.63,3933.0,2477.79,1455.21,0.37,2030-11,2030
4498,2024-10-22,North,Office Supplies,Consumer,Desk,5,1901,0.29,0.66,6748.549999999999,4454.043,2294.5069999999996,0.33999999999999997,2024-10,2024
4499,2030-03-20,South,Technology,Corporate,Phone,6,1239,0.03,0.74,7210.98,5336.1251999999995,1874.8548,0.26,2030-03,2030
4500,2029-05-18,South,Furniture,Consumer,Phone,1,154,0.3,0.58,107.8,62.523999999999994,45.276,0.42000000000000004,2029-05,2029
4501,2033-10-29,South,Technology,Consumer,Storage,1,391,0.25,0.49,293.25,143.6925,149.5575,0.51,2033-10,2033
4502,2029-09-16,East,Technology,Home Office,Laptop,7,1174,0.13,0.65,7149.66,4647.279,2502.3809999999994,0.3499999999999999,2029-09,2029
4503,2026-02-06,South,Furniture,Corporate,Monitor,8,941,0.22,0.74,5871.84,4345.1616,1526.6783999999998,0.25999999999999995,2026-02,2026
4504,2024-11-30,West,Technology,Corporate,Storage,8,884,0.2,0.66,5657.6,3734.0160000000005,1923.5839999999998,0.33999999999999997,2024-11,2024
4505,2028-07-31,North,Technology,Corporate,Monitor,7,353,0.06,0.69,2322.74,1602.6905999999997,720.0494000000001,0.31000000000000005,2028-07,2028
4506,2035-09-22,East,Technology,Consumer,Storage,9,591,0.1,0.58,4787.1,2776.518,2010.5820000000003,0.42000000000000004,2035-09,2035
4507,2035-04-28,North,Furniture,Consumer,Phone,1,1084,0.15,0.48,921.4,442.272,479.128,0.52,2035-04,2035
4508,2035-06-24,East,Office Supplies,Corporate,Storage,2,672,0.19,0.5,1088.64,544.32,544.32,0.5,2035-06,2035
4509,2028-12-19,West,Furniture,Corporate,Monitor,3,958,0.16,0.74,2414.16,1786.4784,627.6815999999999,0.25999999999999995,2028-12,2028
4510,2030-10-09,East,Furniture,Home Office,Storage,5,1092,0.14,0.6,4695.6,2817.36,1878.2400000000002,0.4,2030-10,2030
4511,2025-05-23,East,Furniture,Corporate,Printer,4,1060,0.13,0.45,3688.8,1659.96,2028.8400000000001,0.55,2025-05,2025
4512,2023-03-25,East,Technology,Consumer,Desk,4,1986,0.15,0.74,6752.4,4996.776,1755.6239999999998,0.26,2023-03,2023
4513,2026-11-23,North,Office Supplies,Consumer,Laptop,8,324,0.13,0.6,2255.04,1353.024,902.0160000000001,0.4,2026-11,2026
4514,2030-04-29,South,Furniture,Consumer,Monitor,8,1592,0.16,0.7,10698.24,7488.767999999999,3209.4720000000007,0.30000000000000004,2030-04,2030
4515,2031-09-16,North,Furniture,Home Office,Desk,7,1971,0.27,0.61,10071.81,6143.804099999999,3928.0059,0.39,2031-09,2031
4516,2034-10-26,South,Office Supplies,Corporate,Laptop,1,202,0.19,0.48,163.62,78.5376,85.0824,0.52,2034-10,2034
4517,2033-11-19,North,Office Supplies,Consumer,Paper,4,1069,0.22,0.63,3335.28,2101.2264,1234.0536000000002,0.37000000000000005,2033-11,2033
4518,2026-10-23,West,Office Supplies,Home Office,Printer,1,1171,0.18,0.75,960.22,720.165,240.05500000000006,0.25000000000000006,2026-10,2026
4519,2031-10-24,West,Technology,Home Office,Phone,5,836,0.19,0.46,3385.8,1557.468,1828.332,0.54,2031-10,2031
4520,2034-07-09,East,Office Supplies,Consumer,Paper,3,1465,0.17,0.7,3647.85,2553.495,1094.355,0.3,2034-07,2034
4521,2024-09-06,West,Technology,Home Office,Monitor,3,332,0.01,0.52,986.04,512.7408,473.2991999999999,0.4799999999999999,2024-09,2024
4522,2031-02-19,East,Furniture,Home Office,Paper,4,1705,0.3,0.57,4774.0,2721.18,2052.82,0.43000000000000005,2031-02,2031
4523,2032-10-05,South,Technology,Consumer,Laptop,2,1682,0.01,0.56,3330.36,1865.0016000000003,1465.3583999999998,0.43999999999999995,2032-10,2032
4524,2032-10-16,West,Office Supplies,Home Office,Laptop,7,327,0.12,0.72,2014.32,1450.3103999999998,564.0096000000001,0.28,2032-10,2032
4525,2035-07-07,South,Technology,Consumer,Laptop,4,1106,0.03,0.6,4291.28,2574.7679999999996,1716.5120000000002,0.4000000000000001,2035-07,2035
4526,2023-09-28,North,Office Supplies,Consumer,Printer,5,621,0.03,0.58,3011.85,1746.8729999999998,1264.977,0.42000000000000004,2023-09,2023
4527,2034-02-18,South,Technology,Home Office,Paper,2,1820,0.24,0.7,2766.4,1936.48,829.9200000000001,0.3,2034-02,2034
4528,2029-10-04,North,Furniture,Consumer,Desk,6,1715,0.13,0.46,8952.3,4118.058,4834.241999999999,0.5399999999999999,2029-10,2029
4529,2026-10-22,South,Technology,Consumer,Printer,9,112,0.24,0.48,766.08,367.71840000000003,398.3616,0.52,2026-10,2026
4530,2032-03-08,South,Furniture,Corporate,Laptop,8,1622,0.08,0.46,11937.92,5491.443200000001,6446.4767999999995,0.5399999999999999,2032-03,2032
4531,2034-04-28,West,Office Supplies,Consumer,Storage,8,544,0.08,0.66,4003.84,2642.5344,1361.3056000000001,0.34,2034-04,2034
4532,2032-11-16,South,Furniture,Corporate,Laptop,2,1949,0.08,0.61,3586.1600000000003,2187.5576,1398.6024000000002,0.39,2032-11,2032
4533,2030-01-27,West,Office Supplies,Corporate,Storage,4,439,0.18,0.71,1439.92,1022.3432,417.57680000000005,0.29000000000000004,2030-01,2030
4534,2034-02-25,West,Office Supplies,Corporate,Phone,8,1447,0.24,0.6,8797.76,5278.656,3519.1040000000003,0.4,2034-02,2034
4535,2031-06-03,East,Furniture,Corporate,Printer,1,1719,0.14,0.52,1478.34,768.7368,709.6031999999999,0.48,2031-06,2031
4536,2033-09-11,East,Furniture,Home Office,Storage,8,697,0.11,0.69,4962.64,3424.2216,1538.4184000000005,0.31000000000000005,2033-09,2033
4537,2023-10-17,North,Technology,Home Office,Printer,3,256,0.29,0.54,545.28,294.45120000000003,250.82879999999994,0.4599999999999999,2023-10,2023
4538,2029-10-16,South,Technology,Consumer,Chair,8,755,0.04,0.73,5798.4,4232.831999999999,1565.5680000000002,0.2700000000000001,2029-10,2029
4539,2031-11-27,North,Furniture,Consumer,Desk,6,1102,0.15,0.53,5620.2,2978.706,2641.4939999999997,0.47,2031-11,2031
4540,2023-10-06,South,Furniture,Consumer,Chair,7,1698,0.12,0.5,10459.68,5229.84,5229.84,0.5,2023-10,2023
4541,2031-01-03,East,Furniture,Home Office,Storage,2,1554,0.03,0.6,3014.7599999999998,1808.8559999999998,1205.904,0.4,2031-01,2031
4542,2024-08-03,East,Furniture,Corporate,Chair,1,1678,0.08,0.47,1543.76,725.5672,818.1928,0.53,2024-08,2024
4543,2036-07-29,South,Office Supplies,Home Office,Paper,6,1530,0.01,0.46,9088.2,4180.572,4907.628000000001,0.54,2036-07,2036
4544,2023-09-11,South,Furniture,Home Office,Monitor,3,1281,0.26,0.6,2843.82,1706.2920000000001,1137.528,0.39999999999999997,2023-09,2023
4545,2034-09-16,East,Furniture,Consumer,Desk,4,1308,0.18,0.51,4290.240000000001,2188.0224000000003,2102.2176000000004,0.49,2034-09,2034
4546,2036-01-29,East,Furniture,Consumer,Storage,9,897,0.24,0.45,6135.4800000000005,2760.9660000000003,3374.514,0.5499999999999999,2036-01,2036
4547,2025-04-04,North,Furniture,Consumer,Phone,3,590,0.16,0.54,1486.8,802.8720000000001,683.9279999999999,0.4599999999999999,2025-04,2025
4548,2033-06-29,East,Office Supplies,Corporate,Paper,2,934,0.18,0.59,1531.7600000000002,903.7384000000001,628.0216000000001,0.41000000000000003,2033-06,2033
4549,2024-11-30,South,Technology,Corporate,Phone,2,1051,0.21,0.57,1660.5800000000002,946.5306,714.0494000000001,0.43000000000000005,2024-11,2024
4550,2026-10-12,North,Technology,Home Office,Desk,2,1659,0.27,0.49,2422.14,1186.8485999999998,1235.2914,0.51,2026-10,2026
4551,2033-09-01,South,Technology,Corporate,Desk,6,456,0.03,0.62,2653.92,1645.4304,1008.4896000000001,0.38,2033-09,2033
4552,2027-08-01,West,Technology,Consumer,Storage,2,816,0.1,0.66,1468.8,969.408,499.39199999999994,0.33999999999999997,2027-08,2027
4553,2030-06-20,North,Technology,Corporate,Printer,7,461,0.21,0.65,2549.33,1657.0645,892.2655,0.35,2030-06,2030
4554,2031-08-23,South,Office Supplies,Corporate,Monitor,7,1347,0.29,0.57,6694.589999999999,3815.9162999999994,2878.6737,0.43000000000000005,2031-08,2031
4555,2032-04-11,East,Technology,Corporate,Storage,7,1736,0.29,0.49,8627.92,4227.6808,4400.2392,0.51,2032-04,2032
4556,2034-10-17,West,Office Supplies,Corporate,Paper,2,1327,0.19,0.6,2149.7400000000002,1289.844,859.8960000000002,0.4,2034-10,2034
4557,2024-01-19,South,Office Supplies,Consumer,Printer,7,107,0.06,0.72,704.06,506.92319999999995,197.1368,0.28,2024-01,2024
4558,2023-12-08,North,Technology,Consumer,Printer,8,571,0.04,0.59,4385.28,2587.3151999999995,1797.9648000000002,0.4100000000000001,2023-12,2023
4559,2028-06-10,South,Technology,Home Office,Printer,8,271,0.28,0.51,1560.96,796.0896,764.8704,0.49,2028-06,2028
4560,2034-02-11,West,Technology,Home Office,Storage,2,1843,0.13,0.48,3206.82,1539.2736,1667.5464000000002,0.52,2034-02,2034
4561,2036-07-10,North,Furniture,Home Office,Laptop,5,195,0.06,0.73,916.5,669.045,247.45500000000004,0.27,2036-07,2036
4562,2031-07-07,West,Office Supplies,Corporate,Laptop,6,773,0.28,0.67,3339.3599999999997,2237.3712,1101.9887999999996,0.3299999999999999,2031-07,2031
4563,2034-03-06,South,Technology,Corporate,Phone,9,1926,0.03,0.54,16813.98,9079.5492,7734.4308,0.46,2034-03,2034
4564,2035-05-13,East,Furniture,Consumer,Laptop,6,707,0.22,0.54,3308.76,1786.7304000000001,1522.0296,0.45999999999999996,2035-05,2035
4565,2030-08-30,East,Office Supplies,Home Office,Laptop,6,1429,0.19,0.72,6944.9400000000005,5000.3568000000005,1944.5832,0.27999999999999997,2030-08,2030
4566,2031-11-15,South,Furniture,Consumer,Printer,6,1780,0.03,0.5,10359.6,5179.8,5179.8,0.5,2031-11,2031
4567,2028-06-11,South,Furniture,Home Office,Printer,9,1381,0.1,0.61,11186.1,6823.521,4362.579000000001,0.39000000000000007,2028-06,2028
4568,2032-05-07,South,Technology,Home Office,Desk,7,573,0.04,0.66,3850.56,2541.3696,1309.1904,0.33999999999999997,2032-05,2032
4569,2028-01-24,North,Office Supplies,Home Office,Printer,1,1423,0.18,0.57,1166.8600000000001,665.1102,501.74980000000016,0.4300000000000001,2028-01,2028
4570,2023-11-02,West,Furniture,Corporate,Storage,1,1588,0.14,0.46,1365.68,628.2128,737.4672,0.54,2023-11,2023
4571,2032-11-22,West,Office Supplies,Home Office,Desk,4,713,0.0,0.52,2852.0,1483.04,1368.96,0.48000000000000004,2032-11,2032
4572,2030-07-12,West,Technology,Home Office,Monitor,2,788,0.29,0.72,1118.96,805.6512,313.3088,0.28,2030-07,2030
4573,2036-08-04,South,Office Supplies,Corporate,Desk,3,997,0.1,0.61,2691.9,1642.059,1049.8410000000001,0.39,2036-08,2036
4574,2026-02-09,West,Furniture,Home Office,Paper,7,1451,0.08,0.69,9344.44,6447.6636,2896.7764000000006,0.31000000000000005,2026-02,2026
4575,2023-07-25,South,Furniture,Corporate,Laptop,7,209,0.07,0.62,1360.59,843.5658,517.0242,0.38,2023-07,2023
4576,2035-07-28,North,Office Supplies,Corporate,Paper,3,809,0.05,0.73,2305.65,1683.1245000000001,622.5255,0.26999999999999996,2035-07,2035
4577,2032-06-12,East,Furniture,Consumer,Printer,2,1252,0.3,0.72,1752.8,1262.0159999999998,490.7840000000001,0.2800000000000001,2032-06,2032
4578,2033-06-08,South,Furniture,Corporate,Laptop,1,1064,0.09,0.59,968.24,571.2615999999999,396.9784000000001,0.4100000000000001,2033-06,2033
4579,2032-12-01,South,Furniture,Corporate,Printer,9,970,0.12,0.55,7682.4,4225.32,3457.08,0.45,2032-12,2032
4580,2032-11-08,East,Technology,Corporate,Laptop,3,1260,0.26,0.63,2797.2,1762.2359999999999,1034.964,0.37,2032-11,2032
4581,2029-12-26,East,Technology,Home Office,Monitor,9,1662,0.19,0.65,12115.980000000001,7875.3870000000015,4240.593,0.3499999999999999,2029-12,2029
4582,2034-10-18,North,Furniture,Consumer,Laptop,4,748,0.11,0.6,2662.88,1597.728,1065.152,0.4,2034-10,2034
4583,2023-11-06,West,Office Supplies,Home Office,Laptop,6,1287,0.27,0.7,5637.0599999999995,3945.9419999999996,1691.118,0.3,2023-11,2023
4584,2030-06-01,South,Technology,Corporate,Storage,7,448,0.22,0.5,2446.08,1223.04,1223.04,0.5,2030-06,2030
4585,2028-06-14,West,Office Supplies,Corporate,Monitor,6,562,0.07,0.55,3135.9599999999996,1724.778,1411.1819999999996,0.4499999999999999,2028-06,2028
4586,2023-09-29,South,Furniture,Consumer,Paper,1,1991,0.19,0.66,1612.71,1064.3886,548.3214,0.34,2023-09,2023
4587,2032-12-21,North,Furniture,Consumer,Phone,6,1766,0.28,0.52,7629.12,3967.1424,3661.9775999999997,0.48,2032-12,2032
4588,2034-03-10,East,Office Supplies,Corporate,Monitor,6,1627,0.15,0.58,8297.699999999999,4812.665999999999,3485.0339999999997,0.42000000000000004,2034-03,2034
4589,2027-12-28,North,Technology,Corporate,Laptop,5,984,0.22,0.74,3837.6,2839.824,997.7759999999998,0.25999999999999995,2027-12,2027
4590,2031-12-18,East,Office Supplies,Home Office,Chair,3,1274,0.29,0.64,2713.62,1736.7168,976.9032,0.36,2031-12,2031
4591,2035-06-05,West,Office Supplies,Corporate,Chair,3,345,0.21,0.73,817.6500000000001,596.8845,220.7655000000001,0.2700000000000001,2035-06,2035
4592,2034-11-28,West,Furniture,Home Office,Chair,7,1233,0.03,0.67,8372.07,5609.2869,2762.7830999999996,0.32999999999999996,2034-11,2034
4593,2024-06-04,North,Technology,Consumer,Storage,8,1708,0.07,0.67,12707.519999999999,8514.0384,4193.481599999999,0.32999999999999996,2024-06,2024
4594,2025-09-03,East,Office Supplies,Home Office,Desk,3,897,0.18,0.63,2206.6200000000003,1390.1706000000001,816.4494000000002,0.37000000000000005,2025-09,2025
4595,2033-03-11,North,Technology,Corporate,Paper,3,1398,0.08,0.49,3858.48,1890.6552,1967.8248,0.51,2033-03,2033
4596,2032-09-21,East,Furniture,Home Office,Laptop,7,969,0.29,0.61,4815.929999999999,2937.7172999999993,1878.2127,0.39000000000000007,2032-09,2032
4597,2034-03-29,East,Technology,Home Office,Monitor,7,1190,0.12,0.53,7330.4,3885.112,3445.2879999999996,0.47,2034-03,2034
4598,2030-08-05,West,Furniture,Consumer,Chair,9,1173,0.14,0.75,9079.02,6809.265,2269.755,0.25,2030-08,2030
4599,2029-12-27,West,Technology,Home Office,Storage,6,915,0.21,0.53,4337.1,2298.6630000000005,2038.437,0.4699999999999999,2029-12,2029
4600,2030-10-03,East,Office Supplies,Corporate,Desk,7,614,0.16,0.52,3610.3199999999997,1877.3663999999999,1732.9535999999998,0.48,2030-10,2030
4601,2033-09-12,East,Furniture,Home Office,Paper,1,325,0.11,0.64,289.25,185.12,104.13,0.36,2033-09,2033
4602,2023-06-02,East,Office Supplies,Home Office,Chair,7,677,0.02,0.6,4644.22,2786.532,1857.688,0.4,2023-06,2023
4603,2031-02-12,West,Furniture,Home Office,Printer,2,605,0.18,0.46,992.2,456.41200000000003,535.788,0.54,2031-02,2031
4604,2030-12-26,West,Technology,Corporate,Phone,7,254,0.26,0.49,1315.72,644.7028,671.0172,0.51,2030-12,2030
4605,2030-09-01,South,Technology,Home Office,Laptop,3,1997,0.21,0.69,4732.89,3265.6941,1467.1959000000002,0.31,2030-09,2030
4606,2027-10-19,East,Furniture,Corporate,Phone,9,1603,0.11,0.6,12840.03,7704.018,5136.012000000001,0.4,2027-10,2027
4607,2030-02-23,South,Furniture,Home Office,Phone,5,210,0.04,0.49,1008.0,493.92,514.0799999999999,0.5099999999999999,2030-02,2030
4608,2033-08-11,East,Furniture,Consumer,Printer,7,582,0.24,0.59,3096.2400000000002,1826.7816,1269.4584000000002,0.41000000000000003,2033-08,2033
4609,2026-01-09,West,Technology,Consumer,Printer,8,907,0.28,0.53,5224.32,2768.8896,2455.4303999999997,0.47,2026-01,2026
4610,2029-12-11,South,Furniture,Consumer,Printer,2,1891,0.12,0.52,3328.16,1730.6432,1597.5167999999999,0.48,2029-12,2029
4611,2036-08-30,South,Furniture,Corporate,Desk,1,373,0.22,0.74,290.94,215.2956,75.64439999999999,0.25999999999999995,2036-08,2036
4612,2034-07-01,North,Office Supplies,Corporate,Chair,7,254,0.12,0.56,1564.64,876.1984000000001,688.4416,0.43999999999999995,2034-07,2034
4613,2033-07-21,East,Furniture,Corporate,Monitor,6,1774,0.15,0.46,9047.4,4161.804,4885.596,0.5399999999999999,2033-07,2033
4614,2032-07-26,West,Office Supplies,Home Office,Laptop,6,1290,0.25,0.74,5805.0,4295.7,1509.3000000000002,0.26,2032-07,2032
4615,2028-03-29,North,Office Supplies,Corporate,Printer,2,1142,0.03,0.69,2215.48,1528.6812,686.7988,0.31,2028-03,2028
4616,2031-05-31,North,Office Supplies,Corporate,Storage,3,444,0.16,0.53,1118.8799999999999,593.0064,525.8735999999999,0.47,2031-05,2031
4617,2025-10-03,East,Technology,Corporate,Paper,4,834,0.06,0.57,3135.8399999999997,1787.4287999999997,1348.4112,0.43000000000000005,2025-10,2025
4618,2024-02-11,North,Office Supplies,Corporate,Laptop,3,668,0.1,0.71,1803.6000000000001,1280.556,523.0440000000001,0.29000000000000004,2024-02,2024
4619,2023-06-16,East,Furniture,Consumer,Paper,2,393,0.19,0.56,636.6600000000001,356.5296000000001,280.1304,0.43999999999999995,2023-06,2023
4620,2024-05-23,North,Technology,Home Office,Monitor,3,744,0.01,0.62,2209.68,1370.0015999999998,839.6784,0.38000000000000006,2024-05,2024
4621,2027-07-20,East,Technology,Consumer,Laptop,6,1585,0.18,0.61,7798.200000000001,4756.902,3041.2980000000007,0.39000000000000007,2027-07,2027
4622,2033-01-12,West,Technology,Home Office,Laptop,9,437,0.09,0.57,3579.03,2040.0471,1538.9829000000002,0.43000000000000005,2033-01,2033
4623,2032-07-21,East,Technology,Home Office,Printer,4,1927,0.2,0.64,6166.400000000001,3946.4960000000005,2219.904,0.36,2032-07,2032
4624,2036-04-20,East,Technology,Consumer,Printer,6,551,0.04,0.59,3173.7599999999998,1872.5183999999997,1301.2416,0.41000000000000003,2036-04,2036
4625,2024-11-11,South,Technology,Corporate,Chair,1,443,0.22,0.46,345.54,158.94840000000002,186.5916,0.5399999999999999,2024-11,2024
4626,2029-11-29,West,Technology,Consumer,Monitor,6,816,0.19,0.69,3965.76,2736.3744,1229.3856,0.31,2029-11,2029
4627,2028-10-21,West,Office Supplies,Home Office,Printer,3,730,0.29,0.48,1554.8999999999999,746.3519999999999,808.548,0.52,2028-10,2028
4628,2035-10-22,West,Furniture,Home Office,Printer,9,864,0.27,0.59,5676.48,3349.1231999999995,2327.3568,0.41000000000000003,2035-10,2035
4629,2034-12-06,North,Furniture,Corporate,Laptop,4,184,0.08,0.62,677.12,419.8144,257.3056,0.38000000000000006,2034-12,2034
4630,2026-09-25,South,Office Supplies,Consumer,Chair,7,1820,0.01,0.66,12612.6,8324.316,4288.284,0.33999999999999997,2026-09,2026
4631,2026-08-24,West,Office Supplies,Home Office,Phone,4,836,0.2,0.57,2675.2000000000003,1524.864,1150.3360000000002,0.43000000000000005,2026-08,2026
4632,2029-04-11,North,Technology,Consumer,Printer,6,759,0.18,0.67,3734.28,2501.9676000000004,1232.3123999999998,0.3299999999999999,2029-04,2029
4633,2027-03-19,North,Technology,Corporate,Storage,7,1512,0.01,0.49,10478.16,5134.2984,5343.8616,0.51,2027-03,2027
4634,2032-05-01,North,Office Supplies,Corporate,Printer,2,1915,0.04,0.65,3676.7999999999997,2389.92,1286.8799999999997,0.3499999999999999,2032-05,2032
4635,2024-07-14,South,Technology,Home Office,Phone,6,326,0.18,0.7,1603.92,1122.744,481.17600000000016,0.3000000000000001,2024-07,2024
4636,2026-01-04,North,Furniture,Corporate,Laptop,8,1409,0.27,0.72,8228.56,5924.5632,2303.9968,0.28,2026-01,2026
4637,2028-03-18,South,Furniture,Home Office,Monitor,6,1407,0.27,0.62,6162.66,3820.8491999999997,2341.8108,0.38000000000000006,2028-03,2028
4638,2023-06-24,East,Technology,Home Office,Chair,2,1816,0.05,0.54,3450.3999999999996,1863.216,1587.1839999999997,0.45999999999999996,2023-06,2023
4639,2028-11-26,North,Technology,Corporate,Laptop,4,208,0.12,0.5,732.16,366.08,366.08,0.5,2028-11,2028
4640,2029-02-08,West,Technology,Corporate,Monitor,1,234,0.01,0.55,231.66,127.41300000000001,104.24699999999999,0.44999999999999996,2029-02,2029
4641,2034-09-27,North,Furniture,Consumer,Desk,7,1037,0.14,0.61,6242.74,3808.0714,2434.6686,0.39,2034-09,2034
4642,2034-05-23,East,Technology,Consumer,Printer,8,390,0.23,0.51,2402.4,1225.2240000000002,1177.176,0.48999999999999994,2034-05,2034
4643,2033-09-25,East,Office Supplies,Home Office,Monitor,2,1925,0.24,0.74,2926.0,2165.24,760.7600000000002,0.26000000000000006,2033-09,2033
4644,2027-02-06,North,Technology,Consumer,Storage,5,1738,0.15,0.72,7386.5,5318.28,2068.2200000000003,0.28,2027-02,2027
4645,2033-07-21,East,Office Supplies,Home Office,Monitor,8,1836,0.03,0.46,14247.359999999999,6553.7856,7693.574399999999,0.5399999999999999,2033-07,2033
4646,2031-09-07,South,Technology,Corporate,Desk,8,1631,0.11,0.62,11612.72,7199.886399999999,4412.8336,0.38,2031-09,2031
4647,2027-04-17,South,Technology,Corporate,Printer,5,1752,0.28,0.69,6307.2,4351.968,1955.232,0.31,2027-04,2027
4648,2026-02-25,North,Furniture,Consumer,Desk,8,1967,0.07,0.52,14634.48,7609.9296,7024.550399999999,0.48,2026-02,2026
4649,2024-01-04,South,Office Supplies,Home Office,Phone,6,921,0.1,0.61,4973.400000000001,3033.7740000000003,1939.6260000000002,0.39,2024-01,2024
4650,2036-07-17,South,Office Supplies,Home Office,Printer,5,1152,0.22,0.57,4492.8,2560.8959999999997,1931.9040000000005,0.4300000000000001,2036-07,2036
4651,2023-02-12,West,Office Supplies,Consumer,Storage,4,493,0.22,0.51,1538.16,784.4616000000001,753.6984,0.49,2023-02,2023
4652,2028-03-22,North,Furniture,Home Office,Printer,5,126,0.27,0.63,459.9,289.73699999999997,170.163,0.37000000000000005,2028-03,2028
4653,2032-07-22,East,Office Supplies,Home Office,Desk,4,1590,0.12,0.75,5596.8,4197.6,1399.1999999999998,0.24999999999999997,2032-07,2032
4654,2029-12-10,North,Furniture,Corporate,Paper,1,112,0.15,0.56,95.2,53.312000000000005,41.888,0.43999999999999995,2029-12,2029
4655,2034-06-05,South,Technology,Home Office,Chair,3,653,0.14,0.62,1684.74,1044.5388,640.2012,0.38,2034-06,2034
4656,2030-11-13,West,Technology,Home Office,Desk,8,1032,0.28,0.55,5944.32,3269.376,2674.9439999999995,0.44999999999999996,2030-11,2030
4657,2027-12-30,North,Office Supplies,Home Office,Printer,7,544,0.23,0.71,2932.16,2081.8336,850.3263999999999,0.29,2027-12,2027
4658,2026-07-17,North,Technology,Consumer,Paper,7,323,0.25,0.71,1695.75,1203.9824999999998,491.76750000000015,0.2900000000000001,2026-07,2026
4659,2036-01-22,South,Technology,Consumer,Printer,3,1586,0.04,0.5,4567.679999999999,2283.8399999999997,2283.8399999999997,0.5,2036-01,2036
4660,2036-02-18,South,Office Supplies,Consumer,Monitor,9,120,0.24,0.72,820.8,590.976,229.82399999999996,0.27999999999999997,2036-02,2036
4661,2036-04-16,North,Technology,Home Office,Paper,6,1510,0.13,0.5,7882.2,3941.1,3941.1,0.5,2036-04,2036
4662,2032-04-09,South,Office Supplies,Home Office,Chair,8,1771,0.01,0.48,14026.32,6732.633599999999,7293.6864000000005,0.52,2032-04,2032
4663,2031-02-20,South,Office Supplies,Consumer,Laptop,8,1449,0.02,0.65,11360.16,7384.104,3976.0559999999996,0.35,2031-02,2031
4664,2033-09-27,South,Technology,Consumer,Chair,3,1856,0.2,0.57,4454.400000000001,2539.0080000000003,1915.3920000000003,0.43,2033-09,2033
4665,2036-09-06,South,Technology,Home Office,Laptop,4,566,0.11,0.61,2014.96,1229.1256,785.8344,0.38999999999999996,2036-09,2036
4666,2025-09-19,South,Technology,Home Office,Storage,6,1780,0.26,0.65,7903.2,5137.08,2766.12,0.35,2025-09,2025
4667,2029-07-14,West,Technology,Corporate,Printer,2,1645,0.22,0.47,2566.2000000000003,1206.114,1360.0860000000002,0.53,2029-07,2029
4668,2029-02-18,South,Technology,Consumer,Monitor,7,1348,0.01,0.54,9341.64,5044.4856,4297.154399999999,0.45999999999999996,2029-02,2029
4669,2027-01-16,East,Furniture,Home Office,Paper,2,752,0.21,0.59,1188.16,701.0144,487.14560000000006,0.41000000000000003,2027-01,2027
4670,2032-04-30,North,Technology,Consumer,Phone,5,1598,0.06,0.53,7510.599999999999,3980.618,3529.9819999999995,0.47,2032-04,2032
4671,2024-01-25,West,Furniture,Consumer,Phone,4,717,0.13,0.46,2495.16,1147.7736,1347.3863999999999,0.5399999999999999,2024-01,2024
4672,2025-09-26,West,Office Supplies,Consumer,Desk,9,879,0.19,0.48,6407.910000000001,3075.7968,3332.1132000000007,0.52,2025-09,2025
4673,2035-08-26,South,Technology,Corporate,Chair,2,1829,0.26,0.69,2706.92,1867.7748,839.1452000000002,0.31000000000000005,2035-08,2035
4674,2028-01-30,North,Technology,Home Office,Paper,7,557,0.14,0.72,3353.14,2414.2608,938.8791999999999,0.27999999999999997,2028-01,2028
4675,2024-10-20,East,Technology,Home Office,Chair,7,739,0.24,0.5,3931.48,1965.74,1965.74,0.5,2024-10,2024
4676,2030-07-26,South,Office Supplies,Consumer,Paper,7,1336,0.23,0.52,7201.04,3744.5408,3456.4991999999997,0.48,2030-07,2030
4677,2033-01-11,North,Furniture,Home Office,Phone,1,762,0.12,0.65,670.5600000000001,435.86400000000003,234.69600000000003,0.35000000000000003,2033-01,2033
4678,2036-08-26,South,Furniture,Corporate,Laptop,8,1060,0.15,0.74,7208.0,5333.92,1874.08,0.26,2036-08,2036
4679,2027-01-21,South,Technology,Consumer,Chair,2,1604,0.21,0.54,2534.32,1368.5328000000002,1165.7872,0.45999999999999996,2027-01,2027
4680,2033-03-20,South,Technology,Corporate,Laptop,5,279,0.01,0.71,1381.05,980.5455,400.5045,0.29000000000000004,2033-03,2033
4681,2024-03-27,South,Technology,Corporate,Laptop,2,1952,0.27,0.6,2849.92,1709.952,1139.968,0.4,2024-03,2024
4682,2029-10-11,South,Technology,Home Office,Laptop,5,637,0.23,0.74,2452.4500000000003,1814.813,637.6370000000002,0.26000000000000006,2029-10,2029
4683,2031-10-28,South,Office Supplies,Home Office,Laptop,7,626,0.07,0.49,4075.2599999999998,1996.8773999999999,2078.3826,0.51,2031-10,2031
4684,2027-03-18,South,Technology,Corporate,Monitor,6,121,0.29,0.74,515.4599999999999,381.44039999999995,134.01959999999997,0.25999999999999995,2027-03,2027
4685,2031-06-21,East,Office Supplies,Home Office,Desk,5,1468,0.05,0.58,6973.0,4044.3399999999997,2928.6600000000003,0.42000000000000004,2031-06,2031
4686,2025-06-01,West,Technology,Corporate,Desk,4,676,0.27,0.74,1973.9199999999998,1460.7007999999998,513.2192,0.26,2025-06,2025
4687,2035-01-26,East,Furniture,Corporate,Monitor,8,862,0.1,0.59,6206.400000000001,3661.7760000000003,2544.6240000000003,0.41000000000000003,2035-01,2035
4688,2034-02-20,South,Furniture,Consumer,Phone,8,1021,0.23,0.61,6289.360000000001,3836.5096000000003,2452.8504000000003,0.39,2034-02,2034
4689,2036-07-06,South,Technology,Corporate,Paper,1,1144,0.14,0.69,983.84,678.8496,304.9904,0.31,2036-07,2036
4690,2030-01-10,East,Technology,Corporate,Desk,2,844,0.22,0.67,1316.64,882.1488000000002,434.49119999999994,0.3299999999999999,2030-01,2030
4691,2031-12-22,East,Office Supplies,Home Office,Paper,3,1531,0.05,0.64,4363.349999999999,2792.544,1570.8059999999996,0.35999999999999993,2031-12,2031
4692,2024-01-10,West,Technology,Consumer,Storage,1,1610,0.08,0.58,1481.2,859.096,622.104,0.42000000000000004,2024-01,2024
4693,2035-06-13,East,Technology,Home Office,Monitor,3,1651,0.03,0.69,4804.41,3315.0428999999995,1489.3671000000004,0.3100000000000001,2035-06,2035
4694,2033-02-14,West,Technology,Consumer,Chair,8,1539,0.26,0.73,9110.88,6650.942399999999,2459.9376,0.2700000000000001,2033-02,2033
4695,2031-05-21,South,Furniture,Home Office,Storage,4,1395,0.09,0.45,5077.8,2285.01,2792.79,0.5499999999999999,2031-05,2031
4696,2035-11-04,North,Office Supplies,Corporate,Monitor,7,1328,0.21,0.63,7343.84,4626.6192,2717.2208,0.37,2035-11,2035
4697,2031-11-25,North,Furniture,Consumer,Desk,7,1421,0.25,0.71,7460.25,5296.7775,2163.4725,0.29,2031-11,2031
4698,2035-08-01,North,Office Supplies,Consumer,Chair,5,771,0.27,0.65,2814.15,1829.1975000000002,984.9524999999999,0.3499999999999999,2035-08,2035
4699,2035-06-26,North,Furniture,Consumer,Paper,1,1676,0.03,0.69,1625.72,1121.7468,503.97320000000013,0.31000000000000005,2035-06,2035
4700,2023-04-23,South,Technology,Consumer,Chair,4,1231,0.27,0.72,3594.52,2588.0544,1006.4656,0.28,2023-04,2023
4701,2031-10-03,North,Furniture,Home Office,Paper,7,736,0.06,0.68,4842.88,3293.1584000000003,1549.7215999999999,0.31999999999999995,2031-10,2031
4702,2029-07-06,East,Furniture,Home Office,Laptop,5,1123,0.22,0.67,4379.7,2934.399,1445.301,0.33,2029-07,2029
4703,2028-04-08,East,Office Supplies,Consumer,Phone,2,251,0.22,0.74,391.56,289.7544,101.80560000000003,0.26000000000000006,2028-04,2028
4704,2023-05-20,North,Office Supplies,Consumer,Laptop,8,112,0.0,0.71,896.0,636.16,259.84000000000003,0.29000000000000004,2023-05,2023
4705,2026-11-25,East,Furniture,Consumer,Monitor,2,814,0.07,0.69,1514.04,1044.6876,469.3524,0.31,2026-11,2026
4706,2031-01-28,West,Office Supplies,Home Office,Laptop,8,1202,0.15,0.48,8173.599999999999,3923.3279999999995,4250.272,0.52,2031-01,2031
4707,2031-09-04,South,Office Supplies,Consumer,Storage,2,1005,0.13,0.52,1748.7,909.3240000000001,839.376,0.48,2031-09,2031
4708,2024-05-31,North,Office Supplies,Consumer,Paper,5,1677,0.28,0.62,6037.2,3743.064,2294.136,0.38,2024-05,2024
4709,2030-03-01,North,Office Supplies,Consumer,Paper,4,1292,0.11,0.66,4599.52,3035.6832000000004,1563.8368,0.33999999999999997,2030-03,2030
4710,2025-06-06,South,Office Supplies,Home Office,Desk,1,348,0.28,0.54,250.56,135.3024,115.2576,0.45999999999999996,2025-06,2025
4711,2031-07-02,East,Furniture,Corporate,Paper,8,1244,0.14,0.48,8558.72,4108.1856,4450.5344,0.52,2031-07,2031
4712,2023-02-19,South,Office Supplies,Corporate,Storage,3,486,0.29,0.54,1035.1799999999998,558.9971999999999,476.18279999999993,0.46,2023-02,2023
4713,2033-10-26,South,Technology,Home Office,Desk,4,538,0.22,0.68,1678.56,1141.4208,537.1391999999998,0.3199999999999999,2033-10,2033
4714,2032-09-30,East,Furniture,Corporate,Storage,4,1395,0.25,0.71,4185.0,2971.35,1213.65,0.29000000000000004,2032-09,2032
4715,2023-01-19,South,Furniture,Consumer,Chair,5,399,0.03,0.72,1935.1499999999999,1393.3079999999998,541.8420000000001,0.2800000000000001,2023-01,2023
4716,2036-03-14,East,Furniture,Consumer,Desk,3,820,0.18,0.56,2017.2,1129.632,887.568,0.44,2036-03,2036
4717,2027-01-13,East,Office Supplies,Home Office,Paper,9,572,0.04,0.56,4942.08,2767.5648,2174.5152,0.43999999999999995,2027-01,2027
4718,2034-02-13,South,Technology,Home Office,Desk,4,1281,0.09,0.57,4662.84,2657.8188,2005.0212000000001,0.43,2034-02,2034
4719,2030-02-19,West,Office Supplies,Corporate,Storage,4,1106,0.19,0.56,3583.44,2006.7264000000002,1576.7135999999998,0.43999999999999995,2030-02,2030
4720,2024-03-27,East,Furniture,Corporate,Printer,6,732,0.22,0.65,3425.76,2226.744,1199.016,0.35,2024-03,2024
4721,2033-04-23,South,Furniture,Consumer,Chair,8,1350,0.01,0.56,10692.0,5987.52,4704.48,0.43999999999999995,2033-04,2033
4722,2029-09-04,East,Furniture,Home Office,Monitor,7,520,0.16,0.46,3057.6,1406.496,1651.1039999999998,0.5399999999999999,2029-09,2029
4723,2034-10-20,West,Furniture,Corporate,Paper,4,1055,0.17,0.58,3502.6,2031.5079999999998,1471.092,0.42000000000000004,2034-10,2034
4724,2027-03-30,West,Office Supplies,Corporate,Chair,4,1072,0.02,0.52,4202.24,2185.1648,2017.0751999999998,0.48,2027-03,2027
4725,2032-07-06,North,Technology,Consumer,Paper,5,123,0.15,0.46,522.75,240.465,282.28499999999997,0.5399999999999999,2032-07,2032
4726,2023-05-08,East,Technology,Consumer,Monitor,5,1865,0.21,0.59,7366.75,4346.3825,3020.3675000000003,0.41000000000000003,2023-05,2023
4727,2036-04-17,East,Furniture,Consumer,Printer,1,637,0.02,0.51,624.26,318.3726,305.8874,0.49000000000000005,2036-04,2036
4728,2030-07-24,South,Technology,Consumer,Storage,8,1693,0.23,0.59,10428.880000000001,6153.0392,4275.840800000001,0.41000000000000003,2030-07,2030
4729,2035-03-15,East,Furniture,Corporate,Storage,5,876,0.17,0.53,3635.3999999999996,1926.762,1708.6379999999997,0.47,2035-03,2035
4730,2035-10-09,North,Furniture,Home Office,Chair,3,737,0.25,0.63,1658.25,1044.6975,613.5525,0.37,2035-10,2035
4731,2026-11-16,West,Technology,Home Office,Storage,3,1910,0.07,0.75,5328.9,3996.6749999999997,1332.225,0.25,2026-11,2026
4732,2023-07-21,West,Furniture,Consumer,Phone,4,639,0.25,0.61,1917.0,1169.37,747.6300000000001,0.39000000000000007,2023-07,2023
4733,2029-06-27,North,Technology,Consumer,Phone,7,1002,0.03,0.64,6803.58,4354.2912,2449.2888000000003,0.36000000000000004,2029-06,2029
4734,2024-06-01,East,Furniture,Corporate,Paper,5,1936,0.12,0.73,8518.4,6218.432,2299.968,0.27,2024-06,2024
4735,2026-09-03,East,Technology,Consumer,Monitor,1,1251,0.06,0.56,1175.9399999999998,658.5264,517.4135999999999,0.43999999999999995,2026-09,2026
4736,2036-01-29,North,Furniture,Home Office,Printer,5,1217,0.26,0.5,4502.9,2251.45,2251.45,0.5,2036-01,2036
4737,2028-06-11,South,Technology,Consumer,Paper,5,1826,0.21,0.53,7212.700000000001,3822.7310000000007,3389.969,0.47,2028-06,2028
4738,2032-09-15,West,Furniture,Home Office,Desk,6,520,0.01,0.57,3088.8,1760.616,1328.1840000000002,0.43000000000000005,2032-09,2032
4739,2035-05-18,North,Furniture,Consumer,Paper,7,1395,0.0,0.64,9765.0,6249.6,3515.3999999999996,0.36,2035-05,2035
4740,2033-05-30,North,Furniture,Consumer,Phone,5,583,0.09,0.45,2652.65,1193.6925,1458.9575,0.5499999999999999,2033-05,2033
4741,2031-12-20,East,Technology,Home Office,Paper,2,1128,0.04,0.71,2165.7599999999998,1537.6895999999997,628.0704000000001,0.29000000000000004,2031-12,2031
4742,2033-01-02,West,Office Supplies,Corporate,Monitor,2,256,0.19,0.47,414.72,194.9184,219.80160000000004,0.53,2033-01,2033
4743,2029-08-31,East,Furniture,Corporate,Paper,4,151,0.2,0.72,483.20000000000005,347.904,135.29600000000005,0.2800000000000001,2029-08,2029
4744,2036-05-05,North,Furniture,Consumer,Storage,1,342,0.28,0.73,246.23999999999998,179.75519999999997,66.4848,0.2700000000000001,2036-05,2036
4745,2023-07-27,South,Technology,Consumer,Printer,7,1786,0.29,0.75,8876.42,6657.3150000000005,2219.1049999999996,0.24999999999999994,2023-07,2023
4746,2030-03-18,West,Furniture,Home Office,Monitor,1,873,0.2,0.69,698.4000000000001,481.896,216.50400000000008,0.31000000000000005,2030-03,2030
4747,2034-04-10,North,Furniture,Home Office,Monitor,3,519,0.0,0.49,1557.0,762.93,794.07,0.51,2034-04,2034
4748,2023-06-03,North,Furniture,Consumer,Phone,7,1940,0.11,0.66,12086.2,7976.892000000001,4109.308,0.33999999999999997,2023-06,2023
4749,2032-03-20,South,Furniture,Home Office,Laptop,6,524,0.15,0.51,2672.4,1362.924,1309.476,0.49000000000000005,2032-03,2032
4750,2034-10-24,North,Office Supplies,Corporate,Printer,7,179,0.15,0.72,1065.05,766.8359999999999,298.21400000000006,0.2800000000000001,2034-10,2034
4751,2036-01-17,North,Office Supplies,Corporate,Chair,5,794,0.18,0.54,3255.4,1757.9160000000002,1497.484,0.45999999999999996,2036-01,2036
4752,2027-02-27,West,Furniture,Home Office,Monitor,8,453,0.29,0.55,2573.04,1415.172,1157.868,0.44999999999999996,2027-02,2027
4753,2030-02-13,West,Furniture,Home Office,Phone,6,1742,0.27,0.73,7629.96,5569.8708,2060.0892000000003,0.27,2030-02,2030
4754,2029-01-04,West,Furniture,Home Office,Chair,4,1789,0.03,0.45,6941.32,3123.594,3817.7259999999997,0.5499999999999999,2029-01,2029
4755,2035-04-26,East,Office Supplies,Corporate,Printer,1,392,0.08,0.51,360.64000000000004,183.92640000000003,176.7136,0.49,2035-04,2035
4756,2035-11-05,South,Office Supplies,Consumer,Phone,2,816,0.25,0.58,1224.0,709.92,514.08,0.42000000000000004,2035-11,2035
4757,2032-09-24,West,Technology,Home Office,Chair,6,1239,0.25,0.66,5575.5,3679.8300000000004,1895.6699999999996,0.3399999999999999,2032-09,2032
4758,2029-08-11,East,Technology,Home Office,Paper,4,628,0.08,0.64,2311.04,1479.0656,831.9744000000001,0.36000000000000004,2029-08,2029
4759,2030-10-20,East,Furniture,Home Office,Desk,3,579,0.22,0.65,1354.8600000000001,880.6590000000001,474.201,0.35,2030-10,2030
4760,2027-10-09,South,Furniture,Consumer,Monitor,7,1411,0.2,0.71,7901.6,5610.136,2291.464,0.29,2027-10,2027
4761,2026-07-30,South,Office Supplies,Home Office,Desk,7,1791,0.14,0.49,10781.82,5283.0918,5498.7282,0.51,2026-07,2026
4762,2033-07-16,North,Furniture,Home Office,Laptop,2,576,0.06,0.61,1082.8799999999999,660.5568,422.32319999999993,0.38999999999999996,2033-07,2033
4763,2034-05-31,East,Furniture,Corporate,Storage,8,124,0.27,0.67,724.16,485.1872,238.97279999999995,0.32999999999999996,2034-05,2034
4764,2035-07-13,West,Office Supplies,Home Office,Printer,1,530,0.2,0.64,424.0,271.36,152.64,0.36,2035-07,2035
4765,2035-09-30,South,Office Supplies,Corporate,Storage,7,1401,0.05,0.58,9316.65,5403.656999999999,3912.9930000000004,0.42000000000000004,2035-09,2035
4766,2036-04-02,East,Office Supplies,Consumer,Storage,1,416,0.21,0.46,328.64,151.1744,177.4656,0.54,2036-04,2036
4767,2034-06-27,West,Office Supplies,Home Office,Chair,3,737,0.22,0.47,1724.5800000000002,810.5526,914.0274000000002,0.53,2034-06,2034
4768,2029-12-30,East,Technology,Home Office,Laptop,3,1935,0.27,0.49,4237.65,2076.4485,2161.2014999999997,0.51,2029-12,2029
4769,2029-04-24,South,Office Supplies,Corporate,Printer,2,457,0.07,0.55,850.02,467.511,382.50899999999996,0.44999999999999996,2029-04,2029
4770,2035-05-06,North,Office Supplies,Consumer,Desk,5,1399,0.3,0.49,4896.5,2399.285,2497.215,0.51,2035-05,2035
4771,2025-12-24,East,Furniture,Consumer,Storage,4,789,0.05,0.58,2998.2,1738.9559999999997,1259.2440000000001,0.4200000000000001,2025-12,2025
4772,2030-03-27,West,Furniture,Corporate,Chair,6,443,0.18,0.5,2179.56,1089.78,1089.78,0.5,2030-03,2030
4773,2026-03-23,South,Furniture,Consumer,Storage,2,1554,0.2,0.68,2486.4,1690.7520000000002,795.6479999999999,0.31999999999999995,2026-03,2026
4774,2036-06-17,North,Technology,Consumer,Phone,4,658,0.13,0.71,2289.84,1625.7864,664.0536000000002,0.2900000000000001,2036-06,2036
4775,2036-01-10,West,Office Supplies,Consumer,Desk,7,811,0.14,0.57,4882.22,2782.8653999999997,2099.3546000000006,0.4300000000000001,2036-01,2036
4776,2031-03-14,West,Office Supplies,Consumer,Storage,1,662,0.27,0.6,483.26,289.95599999999996,193.30400000000003,0.4000000000000001,2031-03,2031
4777,2024-07-13,West,Technology,Consumer,Phone,3,538,0.19,0.74,1307.3400000000001,967.4316000000001,339.90840000000003,0.26,2024-07,2024
4778,2031-02-12,East,Office Supplies,Consumer,Phone,1,1585,0.15,0.61,1347.25,821.8225,525.4275,0.39,2031-02,2031
4779,2026-06-25,South,Furniture,Consumer,Chair,2,1930,0.04,0.75,3705.6,2779.2,926.4000000000001,0.25000000000000006,2026-06,2026
4780,2027-12-19,West,Technology,Consumer,Chair,9,1393,0.0,0.49,12537.0,6143.13,6393.87,0.51,2027-12,2027
4781,2030-12-25,East,Office Supplies,Home Office,Phone,5,1832,0.04,0.71,8793.6,6243.456,2550.1440000000002,0.29000000000000004,2030-12,2030
4782,2024-09-01,South,Technology,Corporate,Laptop,4,1554,0.29,0.6,4413.36,2648.0159999999996,1765.344,0.4,2024-09,2024
4783,2029-09-27,South,Technology,Consumer,Storage,4,1144,0.23,0.46,3523.52,1620.8192000000001,1902.7007999999998,0.5399999999999999,2029-09,2029
4784,2034-04-13,East,Office Supplies,Corporate,Phone,8,242,0.29,0.74,1374.56,1017.1744,357.38559999999995,0.25999999999999995,2034-04,2034
4785,2023-10-11,East,Furniture,Consumer,Phone,3,1883,0.01,0.74,5592.51,4138.4574,1454.0526,0.26,2023-10,2023
4786,2031-01-07,West,Office Supplies,Consumer,Chair,4,967,0.2,0.56,3094.4,1732.8640000000003,1361.5359999999998,0.43999999999999995,2031-01,2031
4787,2035-01-14,South,Office Supplies,Home Office,Storage,2,452,0.01,0.74,894.96,662.2704,232.68960000000004,0.26,2035-01,2035
4788,2025-12-27,North,Furniture,Corporate,Printer,6,1588,0.23,0.49,7336.56,3594.9144,3741.6456000000003,0.51,2025-12,2025
4789,2025-03-27,East,Office Supplies,Corporate,Desk,9,1116,0.11,0.65,8939.16,5810.454,3128.706,0.35000000000000003,2025-03,2025
4790,2023-03-24,South,Office Supplies,Home Office,Chair,4,567,0.03,0.51,2199.96,1121.9796000000001,1077.9804,0.48999999999999994,2023-03,2023
4791,2028-04-04,South,Office Supplies,Home Office,Storage,6,1636,0.17,0.52,8147.28,4236.5856,3910.6943999999994,0.4799999999999999,2028-04,2028
4792,2032-07-23,West,Technology,Corporate,Storage,4,1587,0.08,0.68,5840.16,3971.3088000000002,1868.8511999999996,0.31999999999999995,2032-07,2032
4793,2031-08-11,North,Technology,Consumer,Paper,2,976,0.2,0.56,1561.6000000000001,874.4960000000002,687.1039999999999,0.4399999999999999,2031-08,2031
4794,2028-09-24,West,Technology,Consumer,Monitor,6,1973,0.2,0.45,9470.4,4261.68,5208.719999999999,0.5499999999999999,2028-09,2028
4795,2035-11-27,North,Office Supplies,Corporate,Laptop,7,1517,0.21,0.57,8389.01,4781.735699999999,3607.274300000001,0.4300000000000001,2035-11,2035
4796,2023-06-25,North,Furniture,Consumer,Desk,4,1018,0.3,0.52,2850.3999999999996,1482.2079999999999,1368.1919999999998,0.48,2023-06,2023
4797,2030-05-28,East,Technology,Home Office,Chair,7,1909,0.12,0.65,11759.44,7643.636,4115.804,0.35,2030-05,2030
4798,2036-07-08,South,Furniture,Home Office,Chair,8,1876,0.14,0.51,12906.88,6582.5088,6324.3712,0.49,2036-07,2036
4799,2024-01-05,South,Office Supplies,Home Office,Printer,3,1181,0.24,0.7,2692.68,1884.8759999999997,807.8040000000001,0.30000000000000004,2024-01,2024
4800,2027-12-24,South,Technology,Corporate,Monitor,2,1249,0.17,0.53,2073.3399999999997,1098.8701999999998,974.4697999999999,0.47,2027-12,2027
4801,2028-10-02,North,Office Supplies,Corporate,Monitor,5,940,0.01,0.57,4653.0,2652.2099999999996,2000.7900000000004,0.4300000000000001,2028-10,2028
4802,2036-02-07,South,Furniture,Corporate,Laptop,2,977,0.25,0.54,1465.5,791.37,674.13,0.46,2036-02,2036
4803,2032-07-22,East,Technology,Consumer,Paper,5,1584,0.02,0.64,7761.599999999999,4967.424,2794.1759999999995,0.35999999999999993,2032-07,2032
4804,2027-11-15,North,Technology,Corporate,Paper,6,151,0.05,0.48,860.6999999999999,413.13599999999997,447.56399999999996,0.52,2027-11,2027
4805,2026-09-26,North,Technology,Corporate,Monitor,8,1111,0.03,0.59,8621.36,5086.6024,3534.757600000001,0.4100000000000001,2026-09,2026
4806,2035-03-21,North,Technology,Home Office,Laptop,6,1858,0.02,0.55,10925.039999999999,6008.772,4916.267999999999,0.44999999999999996,2035-03,2035
4807,2032-02-25,North,Furniture,Consumer,Paper,4,913,0.01,0.72,3615.48,2603.1456,1012.3344000000002,0.28,2032-02,2032
4808,2035-12-23,East,Technology,Consumer,Storage,3,1998,0.02,0.47,5874.12,2760.8363999999997,3113.2836,0.53,2035-12,2035
4809,2033-01-24,South,Office Supplies,Home Office,Storage,2,368,0.13,0.7,640.32,448.224,192.09600000000006,0.30000000000000004,2033-01,2033
4810,2029-08-23,East,Technology,Consumer,Chair,1,195,0.08,0.5,179.4,89.7,89.7,0.5,2029-08,2029
4811,2023-03-14,South,Furniture,Corporate,Paper,2,372,0.04,0.48,714.24,342.8352,371.4048,0.52,2023-03,2023
4812,2031-02-10,East,Technology,Consumer,Printer,2,1446,0.2,0.51,2313.6,1179.936,1133.664,0.49,2031-02,2031
4813,2025-05-09,West,Furniture,Home Office,Chair,5,1696,0.07,0.48,7886.4,3785.4719999999998,4100.928,0.52,2025-05,2025
4814,2033-07-23,West,Furniture,Consumer,Monitor,9,1956,0.01,0.61,17427.96,10631.0556,6796.904399999999,0.39,2033-07,2033
4815,2034-05-01,West,Office Supplies,Home Office,Phone,1,1816,0.13,0.75,1579.92,1184.94,394.98,0.25,2034-05,2034
4816,2029-08-21,West,Technology,Corporate,Storage,4,232,0.09,0.46,844.48,388.4608,456.0192,0.54,2029-08,2029
4817,2025-11-30,North,Technology,Corporate,Phone,7,1027,0.1,0.59,6470.1,3817.359,2652.7410000000004,0.41000000000000003,2025-11,2025
4818,2029-01-26,North,Technology,Home Office,Monitor,3,188,0.13,0.57,490.68,279.6876,210.99240000000003,0.43000000000000005,2029-01,2029
4819,2033-12-31,East,Office Supplies,Corporate,Paper,8,784,0.2,0.55,5017.6,2759.6800000000003,2257.92,0.44999999999999996,2033-12,2033
4820,2029-03-09,East,Office Supplies,Corporate,Printer,3,923,0.18,0.55,2270.5800000000004,1248.8190000000004,1021.761,0.4499999999999999,2029-03,2029
4821,2033-04-09,West,Furniture,Consumer,Chair,8,104,0.28,0.72,599.04,431.30879999999996,167.7312,0.28,2033-04,2033
4822,2028-09-17,South,Furniture,Corporate,Storage,2,456,0.16,0.46,766.0799999999999,352.3968,413.68319999999994,0.5399999999999999,2028-09,2028
4823,2024-01-04,West,Furniture,Home Office,Printer,5,1466,0.14,0.68,6303.8,4286.584000000001,2017.2159999999994,0.3199999999999999,2024-01,2024
4824,2030-09-05,East,Office Supplies,Corporate,Chair,4,303,0.06,0.53,1139.28,603.8184,535.4616,0.47,2030-09,2030
4825,2023-05-31,West,Office Supplies,Consumer,Chair,9,1797,0.23,0.56,12453.210000000001,6973.797600000001,5479.4124,0.44,2023-05,2023
4826,2026-02-08,East,Office Supplies,Home Office,Phone,3,1696,0.04,0.58,4884.48,2832.9983999999995,2051.4816,0.42000000000000004,2026-02,2026
4827,2030-08-16,West,Furniture,Corporate,Desk,5,570,0.15,0.54,2422.5,1308.15,1114.35,0.45999999999999996,2030-08,2030
4828,2034-05-27,South,Office Supplies,Corporate,Monitor,9,563,0.13,0.48,4408.29,2115.9791999999998,2292.3108,0.52,2034-05,2034
4829,2029-06-04,West,Furniture,Corporate,Laptop,6,596,0.2,0.48,2860.8,1373.184,1487.6160000000002,0.52,2029-06,2029
4830,2036-05-29,South,Furniture,Home Office,Storage,2,801,0.28,0.54,1153.44,622.8576,530.5824,0.45999999999999996,2036-05,2036
4831,2029-02-28,South,Technology,Consumer,Laptop,1,936,0.28,0.7,673.92,471.7439999999999,202.17600000000004,0.3000000000000001,2029-02,2029
4832,2023-03-02,East,Technology,Home Office,Paper,1,162,0.05,0.49,153.9,75.411,78.489,0.51,2023-03,2023
4833,2031-03-30,South,Technology,Home Office,Printer,7,1679,0.08,0.67,10812.76,7244.5492,3568.2108,0.32999999999999996,2031-03,2031
4834,2033-09-06,North,Furniture,Consumer,Paper,2,338,0.24,0.54,513.76,277.4304,236.32959999999997,0.45999999999999996,2033-09,2033
4835,2026-08-30,North,Technology,Home Office,Paper,7,639,0.16,0.72,3757.3199999999997,2705.2704,1052.0495999999998,0.27999999999999997,2026-08,2026
4836,2026-03-30,North,Technology,Home Office,Laptop,1,297,0.14,0.58,255.42,148.1436,107.2764,0.42,2026-03,2026
4837,2035-02-13,East,Technology,Corporate,Phone,4,880,0.21,0.5,2780.8,1390.4,1390.4,0.5,2035-02,2035
4838,2027-04-01,North,Office Supplies,Home Office,Desk,4,1806,0.18,0.75,5923.68,4442.76,1480.92,0.25,2027-04,2027
4839,2035-02-20,East,Furniture,Corporate,Storage,5,129,0.29,0.5,457.95,228.975,228.975,0.5,2035-02,2035
4840,2027-06-18,East,Technology,Home Office,Monitor,1,765,0.18,0.62,627.3000000000001,388.92600000000004,238.37400000000002,0.38,2027-06,2027
4841,2026-08-20,North,Office Supplies,Corporate,Chair,7,1332,0.14,0.62,8018.64,4971.5568,3047.0832,0.38,2026-08,2026
4842,2027-03-07,South,Office Supplies,Corporate,Chair,2,1186,0.16,0.56,1992.48,1115.7888,876.6912,0.44,2027-03,2027
4843,2027-08-01,West,Office Supplies,Corporate,Monitor,2,1964,0.24,0.74,2985.28,2209.1072,776.1728000000003,0.26000000000000006,2027-08,2027
4844,2026-09-23,East,Technology,Consumer,Phone,8,1180,0.18,0.7,7740.8,5418.5599999999995,2322.2400000000007,0.3000000000000001,2026-09,2026
4845,2027-04-23,North,Office Supplies,Home Office,Storage,9,1955,0.19,0.7,14251.95,9976.365,4275.585000000001,0.30000000000000004,2027-04,2027
4846,2030-05-10,East,Furniture,Home Office,Laptop,6,1843,0.29,0.74,7851.179999999999,5809.873199999999,2041.3068000000003,0.26000000000000006,2030-05,2030
4847,2034-12-19,South,Office Supplies,Home Office,Monitor,1,1556,0.19,0.59,1260.3600000000001,743.6124,516.7476000000001,0.4100000000000001,2034-12,2034
4848,2029-06-24,South,Office Supplies,Consumer,Chair,1,1431,0.11,0.48,1273.59,611.3231999999999,662.2668,0.52,2029-06,2029
4849,2033-04-15,North,Office Supplies,Corporate,Laptop,7,1698,0.21,0.68,9389.94,6385.159200000001,3004.7807999999995,0.31999999999999995,2033-04,2033
4850,2029-08-31,East,Office Supplies,Home Office,Phone,8,1883,0.2,0.56,12051.2,6748.672000000001,5302.527999999999,0.4399999999999999,2029-08,2029
4851,2028-06-16,West,Furniture,Consumer,Chair,3,1589,0.0,0.51,4767.0,2431.17,2335.83,0.49,2028-06,2028
4852,2025-05-19,West,Technology,Consumer,Printer,9,1776,0.14,0.59,13746.24,8110.281599999999,5635.9584,0.41000000000000003,2025-05,2025
4853,2025-10-11,East,Furniture,Home Office,Desk,4,1728,0.22,0.73,5391.360000000001,3935.6928000000003,1455.6672000000003,0.27,2025-10,2025
4854,2028-03-26,East,Furniture,Corporate,Laptop,4,1230,0.15,0.5,4182.0,2091.0,2091.0,0.5,2028-03,2028
4855,2024-08-25,East,Technology,Consumer,Monitor,3,699,0.23,0.7,1614.69,1130.283,484.40700000000015,0.3000000000000001,2024-08,2024
4856,2033-06-18,North,Office Supplies,Home Office,Storage,8,1117,0.14,0.58,7684.96,4457.2768,3227.6832000000004,0.42000000000000004,2033-06,2033
4857,2024-11-21,South,Technology,Corporate,Laptop,9,1424,0.29,0.49,9099.359999999999,4458.6864,4640.673599999999,0.51,2024-11,2024
4858,2024-05-08,West,Technology,Consumer,Laptop,1,719,0.09,0.7,654.2900000000001,458.00300000000004,196.28700000000003,0.30000000000000004,2024-05,2024
4859,2024-05-04,North,Furniture,Consumer,Laptop,2,1169,0.03,0.74,2267.86,1678.2164,589.6436000000001,0.26,2024-05,2024
4860,2029-12-31,East,Technology,Home Office,Monitor,1,176,0.13,0.54,153.12,82.68480000000001,70.4352,0.45999999999999996,2029-12,2029
4861,2035-04-13,East,Office Supplies,Home Office,Phone,4,828,0.16,0.54,2782.08,1502.3232,1279.7567999999999,0.45999999999999996,2035-04,2035
4862,2023-10-22,South,Furniture,Corporate,Phone,7,1292,0.1,0.57,8139.6,4639.572,3500.0280000000002,0.43,2023-10,2023
4863,2034-01-10,East,Office Supplies,Home Office,Storage,7,913,0.07,0.69,5943.629999999999,4101.104699999999,1842.5253000000002,0.3100000000000001,2034-01,2034
4864,2030-10-14,North,Furniture,Home Office,Phone,6,1252,0.2,0.45,6009.6,2704.32,3305.28,0.55,2030-10,2030
4865,2030-12-22,North,Office Supplies,Corporate,Monitor,5,1836,0.11,0.52,8170.2,4248.504,3921.696,0.48,2030-12,2030
4866,2027-09-14,South,Technology,Home Office,Storage,4,807,0.19,0.66,2614.6800000000003,1725.6888000000004,888.9911999999999,0.3399999999999999,2027-09,2027
4867,2030-02-09,North,Technology,Corporate,Paper,8,1983,0.23,0.57,12215.28,6962.7096,5252.5704000000005,0.43,2030-02,2030
4868,2035-12-28,West,Technology,Corporate,Storage,7,367,0.23,0.55,1978.13,1087.9715,890.1585,0.44999999999999996,2035-12,2035
4869,2028-02-17,North,Office Supplies,Corporate,Phone,1,1723,0.11,0.71,1533.47,1088.7637,444.70630000000006,0.29000000000000004,2028-02,2028
4870,2035-10-08,North,Furniture,Home Office,Paper,6,864,0.17,0.73,4302.719999999999,3140.9855999999995,1161.7343999999998,0.27,2035-10,2035
4871,2031-12-03,North,Furniture,Corporate,Chair,2,1873,0.13,0.73,3259.02,2379.0846,879.9353999999998,0.26999999999999996,2031-12,2031
4872,2030-09-18,West,Furniture,Home Office,Phone,4,684,0.26,0.53,2024.6399999999999,1073.0592,951.5808,0.47000000000000003,2030-09,2030
4873,2024-03-20,East,Technology,Corporate,Chair,5,518,0.26,0.72,1916.6,1379.9519999999998,536.6480000000001,0.2800000000000001,2024-03,2024
4874,2032-12-20,North,Office Supplies,Home Office,Printer,8,969,0.1,0.67,6976.8,4674.456,2302.344,0.33,2032-12,2032
4875,2035-03-17,South,Furniture,Corporate,Phone,6,1990,0.03,0.5,11581.8,5790.9,5790.9,0.5,2035-03,2035
4876,2025-01-11,West,Office Supplies,Consumer,Printer,2,1284,0.05,0.63,2439.6,1536.9479999999999,902.652,0.37000000000000005,2025-01,2025
4877,2028-08-03,South,Furniture,Consumer,Phone,5,1181,0.11,0.46,5255.45,2417.507,2837.9429999999998,0.5399999999999999,2028-08,2028
4878,2024-11-10,North,Technology,Consumer,Printer,5,483,0.17,0.66,2004.4499999999998,1322.937,681.5129999999999,0.33999999999999997,2024-11,2024
4879,2029-10-03,South,Office Supplies,Corporate,Desk,6,902,0.2,0.67,4329.6,2900.8320000000003,1428.768,0.32999999999999996,2029-10,2029
4880,2033-02-14,North,Furniture,Home Office,Printer,1,609,0.1,0.69,548.1,378.18899999999996,169.91100000000006,0.3100000000000001,2033-02,2033
4881,2026-09-20,West,Furniture,Corporate,Chair,8,529,0.2,0.5,3385.6000000000004,1692.8000000000002,1692.8000000000002,0.5,2026-09,2026
4882,2023-03-04,South,Furniture,Corporate,Laptop,3,1463,0.28,0.64,3160.08,2022.4512,1137.6288,0.36,2023-03,2023
4883,2030-01-03,South,Furniture,Corporate,Storage,5,677,0.2,0.5,2708.0,1354.0,1354.0,0.5,2030-01,2030
4884,2033-04-27,North,Technology,Corporate,Printer,7,1039,0.05,0.73,6909.349999999999,5043.8255,1865.5244999999995,0.26999999999999996,2033-04,2033
4885,2034-11-30,North,Furniture,Home Office,Laptop,3,1149,0.17,0.65,2861.0099999999998,1859.6564999999998,1001.3534999999999,0.35000000000000003,2034-11,2034
4886,2023-05-15,East,Furniture,Corporate,Monitor,6,1933,0.16,0.48,9742.32,4676.3135999999995,5066.0064,0.52,2023-05,2023
4887,2032-12-23,North,Technology,Consumer,Desk,5,688,0.26,0.51,2545.6,1298.256,1247.3439999999998,0.48999999999999994,2032-12,2032
4888,2036-08-10,North,Furniture,Consumer,Desk,7,897,0.11,0.65,5588.31,3632.4015000000004,1955.9085,0.35,2036-08,2036
4889,2036-06-18,East,Office Supplies,Consumer,Paper,3,471,0.13,0.59,1229.31,725.2928999999999,504.0171,0.41000000000000003,2036-06,2036
4890,2028-11-05,North,Office Supplies,Corporate,Monitor,2,1027,0.18,0.67,1684.2800000000002,1128.4676000000002,555.8124,0.32999999999999996,2028-11,2028
4891,2031-12-23,North,Furniture,Home Office,Monitor,4,1159,0.16,0.53,3894.24,2063.9472,1830.2927999999997,0.47,2031-12,2031
4892,2025-04-02,East,Technology,Home Office,Paper,3,1654,0.22,0.65,3870.36,2515.7340000000004,1354.6259999999997,0.3499999999999999,2025-04,2025
4893,2031-06-02,West,Technology,Home Office,Monitor,4,1913,0.01,0.5,7575.48,3787.74,3787.74,0.5,2031-06,2031
4894,2031-03-01,West,Technology,Corporate,Chair,7,1956,0.17,0.61,11364.359999999999,6932.259599999999,4432.100399999999,0.39,2031-03,2031
4895,2023-05-01,North,Furniture,Home Office,Monitor,5,1948,0.04,0.74,9350.4,6919.295999999999,2431.1040000000003,0.26000000000000006,2023-05,2023
4896,2027-06-26,North,Furniture,Consumer,Chair,4,1390,0.09,0.64,5059.6,3238.1440000000002,1821.4560000000001,0.36,2027-06,2027
4897,2025-07-13,East,Office Supplies,Home Office,Paper,6,1917,0.2,0.46,9201.6,4232.736000000001,4968.864,0.5399999999999999,2025-07,2025
4898,2024-10-06,East,Technology,Corporate,Printer,7,1555,0.05,0.75,10340.75,7755.5625,2585.1875,0.25,2024-10,2024
4899,2028-07-25,West,Furniture,Corporate,Paper,5,1142,0.09,0.5,5196.1,2598.05,2598.05,0.5,2028-07,2028
4900,2030-07-24,South,Furniture,Home Office,Phone,7,1462,0.21,0.67,8084.860000000001,5416.856200000001,2668.0037999999995,0.3299999999999999,2030-07,2030
4901,2028-08-30,North,Furniture,Corporate,Monitor,3,239,0.2,0.61,573.6,349.896,223.704,0.39,2028-08,2028
4902,2023-08-30,South,Technology,Home Office,Monitor,7,166,0.03,0.54,1127.1399999999999,608.6555999999999,518.4843999999999,0.46,2023-08,2023
4903,2030-04-22,South,Technology,Home Office,Desk,3,1114,0.17,0.5,2773.8599999999997,1386.9299999999998,1386.9299999999998,0.5,2030-04,2030
4904,2025-03-13,East,Office Supplies,Consumer,Paper,6,1947,0.04,0.5,11214.72,5607.36,5607.36,0.5,2025-03,2025
4905,2034-05-27,North,Technology,Corporate,Paper,8,1653,0.08,0.71,12166.08,8637.916799999999,3528.163200000001,0.2900000000000001,2034-05,2034
4906,2023-07-15,North,Furniture,Consumer,Laptop,6,1492,0.14,0.71,7698.72,5466.0912,2232.6288000000004,0.29000000000000004,2023-07,2023
4907,2028-12-27,East,Office Supplies,Corporate,Phone,3,360,0.03,0.59,1047.6,618.084,429.51599999999996,0.41,2028-12,2028
4908,2032-08-16,South,Technology,Home Office,Desk,5,1747,0.3,0.48,6114.5,2934.96,3179.54,0.52,2032-08,2032
4909,2029-05-19,East,Technology,Corporate,Printer,9,1073,0.05,0.72,9174.15,6605.388,2568.7619999999997,0.27999999999999997,2029-05,2029
4910,2029-06-17,West,Technology,Home Office,Monitor,8,726,0.23,0.6,4472.16,2683.296,1788.864,0.4,2029-06,2029
4911,2036-04-03,North,Technology,Corporate,Desk,6,1801,0.25,0.58,8104.5,4700.61,3403.8900000000003,0.42000000000000004,2036-04,2036
4912,2032-11-15,West,Furniture,Consumer,Chair,9,678,0.3,0.57,4271.4,2434.6979999999994,1836.7020000000002,0.4300000000000001,2032-11,2032
4913,2023-10-04,East,Technology,Consumer,Laptop,2,1890,0.13,0.56,3288.6,1841.6160000000002,1446.9839999999997,0.43999999999999995,2023-10,2023
4914,2023-03-02,North,Furniture,Home Office,Laptop,9,1705,0.26,0.61,11355.3,6926.732999999999,4428.567,0.39,2023-03,2023
4915,2032-04-13,West,Furniture,Consumer,Chair,6,1943,0.29,0.63,8277.18,5214.6234,3062.5566,0.37,2032-04,2032
4916,2028-03-28,West,Furniture,Home Office,Paper,9,1121,0.05,0.59,9584.55,5654.884499999999,3929.6655,0.41000000000000003,2028-03,2028
4917,2033-10-02,South,Office Supplies,Home Office,Monitor,4,1326,0.14,0.72,4561.44,3284.2367999999997,1277.2032,0.28,2033-10,2033
4918,2030-02-04,North,Furniture,Home Office,Monitor,5,738,0.02,0.55,3616.2,1988.91,1627.2899999999997,0.44999999999999996,2030-02,2030
4919,2024-07-20,West,Technology,Corporate,Phone,2,509,0.19,0.62,824.58,511.2396,313.34040000000005,0.38000000000000006,2024-07,2024
4920,2033-10-10,West,Office Supplies,Home Office,Chair,3,932,0.17,0.54,2320.68,1253.1672,1067.5127999999997,0.4599999999999999,2033-10,2033
4921,2027-04-21,South,Technology,Consumer,Monitor,1,1203,0.06,0.68,1130.82,768.9576,361.8624,0.32,2027-04,2027
4922,2035-12-01,West,Furniture,Corporate,Laptop,4,1811,0.24,0.48,5505.4400000000005,2642.6112000000003,2862.8288000000002,0.52,2035-12,2035
4923,2026-04-15,West,Technology,Consumer,Monitor,2,212,0.01,0.51,419.76,214.0776,205.6824,0.49,2026-04,2026
4924,2035-01-27,West,Office Supplies,Home Office,Printer,2,722,0.24,0.69,1097.44,757.2336,340.20640000000003,0.31,2035-01,2035
4925,2030-10-25,South,Office Supplies,Home Office,Monitor,1,920,0.01,0.5,910.8,455.4,455.4,0.5,2030-10,2030
4926,2030-12-05,West,Technology,Consumer,Phone,2,1260,0.2,0.64,2016.0,1290.24,725.76,0.36,2030-12,2030
4927,2026-05-21,West,Technology,Corporate,Storage,4,1768,0.02,0.74,6930.5599999999995,5128.6143999999995,1801.9456,0.26,2026-05,2026
4928,2023-05-17,North,Technology,Consumer,Desk,6,939,0.08,0.61,5183.280000000001,3161.8008000000004,2021.4792000000002,0.39,2023-05,2023
4929,2025-10-26,North,Office Supplies,Home Office,Storage,7,288,0.22,0.51,1572.48,801.9648,770.5152,0.49000000000000005,2025-10,2025
4930,2028-11-26,South,Furniture,Corporate,Printer,7,376,0.08,0.55,2421.44,1331.7920000000001,1089.648,0.44999999999999996,2028-11,2028
4931,2030-02-07,East,Technology,Home Office,Storage,7,1860,0.15,0.7,11067.0,7746.9,3320.1000000000004,0.30000000000000004,2030-02,2030
4932,2024-10-23,North,Furniture,Home Office,Monitor,4,202,0.27,0.56,589.84,330.3104000000001,259.52959999999996,0.4399999999999999,2024-10,2024
4933,2029-10-08,South,Office Supplies,Consumer,Phone,5,206,0.01,0.67,1019.7,683.1990000000001,336.501,0.32999999999999996,2029-10,2029
4934,2030-05-01,West,Technology,Home Office,Laptop,3,1698,0.24,0.68,3871.44,2632.5792,1238.8608,0.31999999999999995,2030-05,2030
4935,2029-04-27,West,Technology,Consumer,Laptop,1,856,0.02,0.6,838.88,503.328,335.552,0.4,2029-04,2029
4936,2023-03-28,South,Office Supplies,Corporate,Printer,8,272,0.04,0.68,2088.96,1420.4928000000002,668.4671999999998,0.3199999999999999,2023-03,2023
4937,2029-11-17,West,Technology,Home Office,Storage,7,1968,0.04,0.55,13224.96,7273.728,5951.231999999999,0.44999999999999996,2029-11,2029
4938,2031-01-21,West,Furniture,Home Office,Paper,9,1098,0.3,0.6,6917.4,4150.44,2766.96,0.4,2031-01,2031
4939,2030-08-05,East,Office Supplies,Corporate,Paper,4,1454,0.05,0.66,5525.2,3646.632,1878.5679999999998,0.33999999999999997,2030-08,2030
4940,2029-11-09,West,Office Supplies,Consumer,Phone,5,821,0.27,0.5,2996.65,1498.325,1498.325,0.5,2029-11,2029
4941,2032-01-24,North,Technology,Home Office,Desk,5,1314,0.3,0.53,4599.0,2437.4700000000003,2161.5299999999997,0.4699999999999999,2032-01,2032
4942,2027-08-28,West,Office Supplies,Corporate,Monitor,7,1793,0.12,0.65,11044.88,7179.172,3865.7079999999996,0.35,2027-08,2027
4943,2033-01-18,South,Technology,Home Office,Storage,9,930,0.19,0.65,6779.700000000001,4406.805,2372.8950000000004,0.35000000000000003,2033-01,2033
4944,2030-05-24,East,Technology,Consumer,Paper,8,324,0.23,0.6,1995.8400000000001,1197.5040000000001,798.336,0.39999999999999997,2030-05,2030
4945,2032-12-08,West,Office Supplies,Consumer,Paper,7,1807,0.12,0.69,11131.12,7680.4728,3450.6472000000012,0.3100000000000001,2032-12,2032
4946,2035-07-27,South,Technology,Consumer,Storage,1,1446,0.05,0.59,1373.7,810.483,563.2170000000001,0.41000000000000003,2035-07,2035
4947,2027-07-06,North,Furniture,Consumer,Desk,6,1631,0.13,0.71,8513.82,6044.812199999999,2469.0078000000003,0.29000000000000004,2027-07,2027
4948,2032-02-01,West,Furniture,Corporate,Chair,9,1671,0.23,0.67,11580.03,7758.620100000001,3821.4098999999997,0.32999999999999996,2032-02,2032
4949,2033-02-04,East,Technology,Home Office,Monitor,7,233,0.23,0.54,1255.8700000000001,678.1698000000001,577.7002,0.45999999999999996,2033-02,2033
4950,2024-08-19,West,Furniture,Corporate,Printer,1,1160,0.07,0.57,1078.8,614.9159999999999,463.884,0.43000000000000005,2024-08,2024
4951,2035-06-12,South,Technology,Consumer,Monitor,9,192,0.05,0.65,1641.6,1067.04,574.56,0.35,2035-06,2035
4952,2024-04-29,East,Furniture,Consumer,Phone,3,174,0.28,0.72,375.84,270.60479999999995,105.23520000000002,0.2800000000000001,2024-04,2024
4953,2024-10-07,West,Office Supplies,Consumer,Printer,9,855,0.01,0.5,7618.05,3809.025,3809.025,0.5,2024-10,2024
4954,2031-06-17,North,Technology,Consumer,Desk,4,282,0.22,0.6,879.84,527.904,351.93600000000004,0.4,2031-06,2031
4955,2036-01-10,East,Technology,Home Office,Phone,9,816,0.01,0.49,7270.5599999999995,3562.5743999999995,3707.9856,0.51,2036-01,2036
4956,2036-04-15,North,Technology,Consumer,Laptop,8,558,0.25,0.53,3348.0,1774.44,1573.56,0.47,2036-04,2036
4957,2035-01-02,South,Technology,Home Office,Laptop,7,1822,0.27,0.66,9310.42,6144.8772,3165.5428,0.34,2035-01,2035
4958,2024-12-21,West,Technology,Consumer,Monitor,4,1801,0.09,0.47,6555.64,3081.1508,3474.4892000000004,0.53,2024-12,2024
4959,2035-12-17,North,Technology,Home Office,Phone,9,726,0.02,0.65,6403.32,4162.158,2241.1619999999994,0.3499999999999999,2035-12,2035
4960,2024-05-13,South,Office Supplies,Home Office,Printer,4,508,0.14,0.72,1747.52,1258.2143999999998,489.30560000000014,0.2800000000000001,2024-05,2024
4961,2035-12-13,West,Office Supplies,Consumer,Printer,1,306,0.09,0.74,278.46000000000004,206.06040000000002,72.39960000000002,0.26000000000000006,2035-12,2035
4962,2027-08-01,South,Furniture,Corporate,Laptop,6,1368,0.13,0.51,7140.96,3641.8896,3499.0704,0.49,2027-08,2027
4963,2031-05-26,North,Technology,Corporate,Laptop,4,1456,0.2,0.67,4659.2,3121.664,1537.5359999999996,0.3299999999999999,2031-05,2031
4964,2023-04-25,South,Furniture,Corporate,Desk,3,772,0.06,0.73,2177.04,1589.2392,587.8008,0.27,2023-04,2023
4965,2031-02-27,East,Furniture,Corporate,Phone,5,1648,0.11,0.48,7333.6,3520.128,3813.472,0.52,2031-02,2031
4966,2036-01-22,West,Office Supplies,Corporate,Printer,3,1417,0.23,0.57,3273.27,1865.7639,1407.5061,0.43,2036-01,2036
4967,2027-10-03,South,Furniture,Consumer,Paper,9,1112,0.19,0.73,8106.4800000000005,5917.7304,2188.7496,0.27,2027-10,2027
4968,2032-11-20,North,Office Supplies,Consumer,Desk,6,847,0.1,0.51,4573.8,2332.638,2241.1620000000003,0.49000000000000005,2032-11,2032
4969,2029-03-03,West,Furniture,Consumer,Printer,3,372,0.2,0.73,892.8000000000001,651.744,241.05600000000004,0.27,2029-03,2029
4970,2029-04-13,East,Technology,Consumer,Laptop,5,478,0.23,0.61,1840.3,1122.5829999999999,717.7170000000001,0.39000000000000007,2029-04,2029
4971,2032-12-09,West,Furniture,Consumer,Phone,8,725,0.18,0.48,4756.0,2282.88,2473.12,0.52,2032-12,2032
4972,2023-05-27,East,Office Supplies,Consumer,Chair,8,763,0.07,0.58,5676.719999999999,3292.4975999999992,2384.2224,0.42000000000000004,2023-05,2023
4973,2033-11-26,West,Office Supplies,Home Office,Phone,6,1149,0.0,0.55,6894.0,3791.7000000000003,3102.2999999999997,0.44999999999999996,2033-11,2033
4974,2032-06-15,South,Office Supplies,Home Office,Storage,5,779,0.24,0.53,2960.2,1568.906,1391.2939999999999,0.47,2032-06,2032
4975,2035-05-05,South,Furniture,Consumer,Paper,5,643,0.25,0.61,2411.25,1470.8625,940.3875,0.39,2035-05,2035
4976,2029-08-07,North,Furniture,Consumer,Paper,1,832,0.21,0.6,657.28,394.368,262.912,0.39999999999999997,2029-08,2029
4977,2023-05-17,East,Office Supplies,Home Office,Paper,2,1841,0.02,0.59,3608.36,2128.9324,1479.4276,0.41,2023-05,2023
4978,2032-03-14,North,Technology,Home Office,Chair,4,1977,0.18,0.48,6484.56,3112.5888,3371.9712000000004,0.52,2032-03,2032
4979,2031-03-25,South,Technology,Consumer,Monitor,6,1733,0.25,0.69,7798.5,5380.964999999999,2417.5350000000008,0.3100000000000001,2031-03,2031
4980,2032-09-22,East,Furniture,Home Office,Monitor,7,190,0.12,0.59,1170.4,690.5360000000001,479.86400000000003,0.41,2032-09,2032
4981,2023-01-19,North,Furniture,Corporate,Desk,1,575,0.06,0.7,540.5,378.34999999999997,162.15000000000003,0.30000000000000004,2023-01,2023
4982,2029-02-20,North,Office Supplies,Corporate,Chair,8,825,0.18,0.7,5412.0,3788.3999999999996,1623.6000000000004,0.30000000000000004,2029-02,2029
4983,2024-03-24,North,Furniture,Corporate,Chair,1,1311,0.25,0.55,983.25,540.7875,442.4625,0.44999999999999996,2024-03,2024
4984,2028-05-02,North,Furniture,Home Office,Desk,9,1692,0.01,0.45,15075.72,6784.074,8291.646,0.55,2028-05,2028
4985,2025-08-03,North,Office Supplies,Consumer,Phone,4,1742,0.18,0.72,5713.76,4113.9072,1599.8528000000006,0.2800000000000001,2025-08,2025
4986,2034-08-07,East,Office Supplies,Consumer,Desk,7,1318,0.19,0.68,7473.06,5081.680800000001,2391.3791999999994,0.3199999999999999,2034-08,2034
4987,2028-04-04,North,Furniture,Consumer,Storage,6,633,0.18,0.48,3114.36,1494.8928,1619.4672,0.52,2028-04,2028
4988,2031-02-25,East,Technology,Home Office,Laptop,9,797,0.2,0.66,5738.400000000001,3787.3440000000005,1951.056,0.33999999999999997,2031-02,2031
4989,2034-06-20,North,Furniture,Home Office,Monitor,2,979,0.19,0.46,1585.98,729.5508000000001,856.4291999999999,0.5399999999999999,2034-06,2034
4990,2033-12-29,South,Technology,Corporate,Laptop,7,184,0.04,0.46,1236.48,568.7808,667.6992,0.54,2033-12,2033
4991,2023-08-27,South,Technology,Home Office,Monitor,5,691,0.07,0.61,3213.1499999999996,1960.0214999999998,1253.1284999999998,0.38999999999999996,2023-08,2023
4992,2023-07-24,North,Technology,Corporate,Chair,7,940,0.19,0.48,5329.8,2558.304,2771.496,0.52,2023-07,2023
4993,2030-02-20,West,Office Supplies,Corporate,Paper,1,176,0.01,0.74,174.24,128.9376,45.302400000000006,0.26,2030-02,2030
4994,2034-11-19,South,Office Supplies,Consumer,Desk,9,429,0.19,0.72,3127.4100000000003,2251.7352,875.6748000000002,0.28,2034-11,2034
4995,2036-06-28,East,Office Supplies,Home Office,Desk,1,482,0.2,0.64,385.6,246.78400000000002,138.816,0.36,2036-06,2036
4996,2032-04-11,North,Furniture,Consumer,Desk,5,1556,0.07,0.47,7235.4,3400.6379999999995,3834.762,0.53,2032-04,2032
4997,2031-02-20,East,Office Supplies,Consumer,Paper,8,476,0.18,0.55,3122.5600000000004,1717.4080000000004,1405.152,0.44999999999999996,2031-02,2031
4998,2035-01-08,West,Office Supplies,Home Office,Storage,1,440,0.16,0.56,369.59999999999997,206.976,162.62399999999997,0.43999999999999995,2035-01,2035
4999,2030-05-11,North,Furniture,Home Office,Storage,7,1300,0.08,0.59,8372.0,4939.48,3432.5200000000004,0.41000000000000003,2030-05,2030
5000,2036-07-22,South,Furniture,Corporate,Paper,2,1549,0.14,0.5,2664.2799999999997,1332.1399999999999,1332.1399999999999,0.5,2036-07,2036
5001,2034-05-29,East,Technology,Corporate,Phone,7,523,0.27,0.62,2672.5299999999997,1656.9686,1015.5613999999998,0.37999999999999995,2034-05,2034
5002,2026-09-10,South,Furniture,Corporate,Paper,7,273,0.13,0.58,1662.57,964.2905999999999,698.2794,0.42000000000000004,2026-09,2026
5003,2035-01-18,South,Furniture,Corporate,Printer,9,505,0.19,0.73,3681.4500000000003,2687.4585,993.9915000000001,0.27,2035-01,2035
5004,2025-03-27,North,Office Supplies,Consumer,Monitor,6,181,0.01,0.73,1075.14,784.8522,290.28780000000006,0.27,2025-03,2025
5005,2025-03-31,East,Technology,Consumer,Printer,4,120,0.02,0.62,470.4,291.64799999999997,178.752,0.38000000000000006,2025-03,2025
5006,2023-07-12,West,Technology,Home Office,Printer,7,790,0.02,0.64,5419.4,3468.4159999999997,1950.984,0.36,2023-07,2023
5007,2027-11-12,South,Furniture,Corporate,Paper,7,1109,0.23,0.49,5977.51,2928.9799000000003,3048.5301,0.51,2027-11,2027
5008,2032-12-24,North,Office Supplies,Corporate,Monitor,4,497,0.11,0.52,1769.32,920.0464,849.2736,0.48000000000000004,2032-12,2032
5009,2035-08-30,North,Office Supplies,Corporate,Phone,2,429,0.07,0.72,797.9399999999999,574.5168,223.42319999999995,0.27999999999999997,2035-08,2035
5010,2023-09-08,West,Office Supplies,Consumer,Desk,9,324,0.22,0.66,2274.48,1501.1568,773.3232,0.34,2023-09,2023
5011,2027-11-24,North,Office Supplies,Home Office,Printer,8,1900,0.05,0.51,14440.0,7364.400000000001,7075.599999999999,0.48999999999999994,2027-11,2027
5012,2033-02-17,South,Furniture,Consumer,Paper,5,1525,0.07,0.62,7091.249999999999,4396.575,2694.6749999999993,0.37999999999999995,2033-02,2033
5013,2029-09-29,North,Office Supplies,Home Office,Desk,5,880,0.13,0.73,3828.0,2794.44,1033.56,0.26999999999999996,2029-09,2029
5014,2026-03-13,East,Technology,Home Office,Paper,1,1886,0.1,0.55,1697.4,933.5700000000002,763.8299999999999,0.44999999999999996,2026-03,2026
5015,2033-08-29,East,Technology,Consumer,Chair,9,1908,0.18,0.51,14081.04,7181.330400000001,6899.7096,0.49,2033-08,2033
5016,2026-01-01,South,Furniture,Consumer,Printer,8,993,0.1,0.73,7149.6,5219.2080000000005,1930.3919999999998,0.26999999999999996,2026-01,2026
5017,2030-05-03,East,Office Supplies,Home Office,Chair,5,1978,0.12,0.59,8703.2,5134.888,3568.312000000001,0.41000000000000003,2030-05,2030
5018,2028-01-22,West,Office Supplies,Consumer,Phone,6,537,0.26,0.58,2384.2799999999997,1382.8823999999997,1001.3976,0.42000000000000004,2028-01,2028
5019,2033-09-09,North,Office Supplies,Consumer,Laptop,8,1395,0.27,0.53,8146.8,4317.804,3828.996,0.47000000000000003,2033-09,2033
5020,2024-05-19,South,Office Supplies,Home Office,Storage,6,1403,0.25,0.72,6313.5,4545.72,1767.7799999999997,0.27999999999999997,2024-05,2024
5021,2027-06-10,West,Furniture,Home Office,Monitor,4,322,0.26,0.7,953.12,667.184,285.93600000000004,0.30000000000000004,2027-06,2027
5022,2029-10-08,North,Office Supplies,Corporate,Paper,3,1710,0.17,0.57,4257.9,2427.0029999999997,1830.897,0.43000000000000005,2029-10,2029
5023,2029-12-21,West,Furniture,Consumer,Phone,7,1786,0.19,0.46,10126.62,4658.2452,5468.3748000000005,0.54,2029-12,2029
5024,2026-10-19,South,Office Supplies,Home Office,Phone,2,1994,0.17,0.58,3310.04,1919.8231999999998,1390.2168000000001,0.42000000000000004,2026-10,2026
5025,2031-03-14,South,Office Supplies,Consumer,Phone,7,608,0.24,0.5,3234.56,1617.28,1617.28,0.5,2031-03,2031
5026,2033-06-13,West,Technology,Consumer,Printer,1,1465,0.17,0.49,1215.95,595.8155,620.1345,0.51,2033-06,2033
5027,2024-12-18,North,Furniture,Home Office,Chair,5,716,0.03,0.57,3472.6,1979.3819999999998,1493.218,0.43000000000000005,2024-12,2024
5028,2032-07-16,East,Technology,Corporate,Storage,9,1165,0.24,0.48,7968.6,3824.928,4143.6720000000005,0.52,2032-07,2032
5029,2035-02-21,East,Furniture,Home Office,Printer,1,1299,0.23,0.74,1000.23,740.1702,260.0598,0.26,2035-02,2035
5030,2024-10-20,West,Office Supplies,Home Office,Laptop,8,1368,0.25,0.46,8208.0,3775.6800000000003,4432.32,0.5399999999999999,2024-10,2024
5031,2033-12-22,South,Office Supplies,Consumer,Monitor,9,1376,0.06,0.57,11640.96,6635.347199999999,5005.6128,0.43000000000000005,2033-12,2033
5032,2035-05-22,North,Furniture,Corporate,Monitor,9,1397,0.08,0.5,11567.16,5783.58,5783.58,0.5,2035-05,2035
5033,2036-09-03,North,Technology,Home Office,Storage,8,1058,0.09,0.66,7702.240000000001,5083.478400000001,2618.7616,0.33999999999999997,2036-09,2036
5034,2034-08-05,South,Furniture,Consumer,Monitor,4,1457,0.15,0.47,4953.8,2328.286,2625.514,0.53,2034-08,2034
5035,2033-04-22,East,Furniture,Home Office,Monitor,7,703,0.04,0.61,4724.16,2881.7376,1842.4224,0.39,2033-04,2033
5036,2031-03-09,North,Office Supplies,Consumer,Phone,1,1134,0.12,0.68,997.92,678.5856,319.33439999999996,0.31999999999999995,2031-03,2031
5037,2035-09-12,West,Technology,Home Office,Desk,7,251,0.05,0.74,1669.1499999999999,1235.1709999999998,433.97900000000004,0.26000000000000006,2035-09,2035
5038,2028-10-05,East,Furniture,Corporate,Laptop,6,288,0.08,0.66,1589.76,1049.2416,540.5183999999999,0.33999999999999997,2028-10,2028
5039,2026-06-09,West,Technology,Home Office,Chair,5,1059,0.21,0.48,4183.05,2007.864,2175.186,0.52,2026-06,2026
5040,2029-10-18,East,Technology,Consumer,Paper,1,775,0.26,0.48,573.5,275.28,298.22,0.52,2029-10,2029
5041,2024-01-19,South,Furniture,Home Office,Laptop,8,737,0.01,0.67,5837.04,3910.8168,1926.2232,0.32999999999999996,2024-01,2024
5042,2030-02-20,West,Technology,Corporate,Printer,1,310,0.17,0.51,257.3,131.223,126.077,0.49,2030-02,2030
5043,2023-07-13,West,Office Supplies,Corporate,Monitor,1,1220,0.01,0.58,1207.8,700.5239999999999,507.27600000000007,0.4200000000000001,2023-07,2023
5044,2033-06-04,South,Office Supplies,Corporate,Desk,3,1944,0.03,0.74,5657.04,4186.2096,1470.8303999999998,0.25999999999999995,2033-06,2033
5045,2033-03-08,West,Office Supplies,Corporate,Paper,8,438,0.21,0.7,2768.1600000000003,1937.712,830.4480000000003,0.3000000000000001,2033-03,2033
5046,2030-01-25,East,Office Supplies,Consumer,Printer,8,146,0.22,0.7,911.0400000000001,637.7280000000001,273.312,0.3,2030-01,2030
5047,2030-01-09,North,Technology,Home Office,Storage,7,919,0.24,0.71,4889.08,3471.2468,1417.8332,0.29000000000000004,2030-01,2030
5048,2030-07-26,North,Office Supplies,Corporate,Phone,5,1859,0.14,0.64,7993.7,5115.968,2877.732,0.36,2030-07,2030
5049,2030-08-30,South,Furniture,Home Office,Monitor,8,1074,0.26,0.67,6358.08,4259.9136,2098.1664,0.33,2030-08,2030
5050,2029-05-28,East,Office Supplies,Consumer,Phone,2,1180,0.05,0.56,2242.0,1255.5200000000002,986.4799999999998,0.4399999999999999,2029-05,2029
5051,2032-04-29,West,Furniture,Home Office,Laptop,8,1198,0.07,0.75,8913.119999999999,6684.839999999999,2228.2799999999997,0.25,2032-04,2032
5052,2025-01-01,West,Furniture,Home Office,Phone,2,1377,0.04,0.53,2643.8399999999997,1401.2351999999998,1242.6047999999998,0.47,2025-01,2025
5053,2030-11-12,North,Office Supplies,Corporate,Phone,5,1786,0.24,0.63,6786.8,4275.684,2511.116,0.37,2030-11,2030
5054,2031-07-18,West,Office Supplies,Corporate,Storage,4,1694,0.07,0.53,6301.679999999999,3339.8903999999998,2961.7895999999996,0.47,2031-07,2031
5055,2036-02-02,North,Technology,Consumer,Chair,1,936,0.05,0.48,889.1999999999999,426.816,462.38399999999996,0.52,2036-02,2036
5056,2034-06-09,South,Furniture,Home Office,Chair,5,1051,0.19,0.62,4256.55,2639.061,1617.489,0.38,2034-06,2034
5057,2030-02-17,West,Office Supplies,Consumer,Printer,7,697,0.02,0.56,4781.42,2677.5952,2103.8248,0.43999999999999995,2030-02,2030
5058,2029-07-10,East,Technology,Consumer,Monitor,1,269,0.01,0.62,266.31,165.1122,101.1978,0.38,2029-07,2029
5059,2024-06-15,West,Office Supplies,Consumer,Printer,2,1269,0.03,0.62,2461.86,1526.3532,935.5068000000001,0.38,2024-06,2024
5060,2034-10-26,North,Office Supplies,Corporate,Chair,9,938,0.0,0.61,8442.0,5149.62,3292.38,0.39,2034-10,2034
5061,2024-09-26,South,Office Supplies,Corporate,Laptop,5,1156,0.21,0.49,4566.2,2237.4379999999996,2328.762,0.51,2024-09,2024
5062,2027-11-05,North,Furniture,Home Office,Chair,7,1638,0.17,0.58,9516.779999999999,5519.732399999999,3997.0476,0.42000000000000004,2027-11,2027
5063,2033-06-01,West,Office Supplies,Home Office,Printer,2,895,0.06,0.69,1682.6,1160.994,521.606,0.31,2033-06,2033
5064,2029-06-28,North,Technology,Home Office,Desk,7,1380,0.07,0.54,8983.8,4851.2519999999995,4132.548,0.46,2029-06,2029
5065,2023-01-03,North,Office Supplies,Corporate,Monitor,7,1249,0.24,0.58,6644.68,3853.9144,2790.7656,0.42,2023-01,2023
5066,2023-07-25,South,Office Supplies,Corporate,Phone,7,1058,0.15,0.6,6295.099999999999,3777.0599999999995,2518.04,0.4,2023-07,2023
5067,2034-04-28,East,Technology,Consumer,Storage,5,1236,0.21,0.71,4882.2,3466.3619999999996,1415.8380000000002,0.29000000000000004,2034-04,2034
5068,2030-03-06,West,Technology,Corporate,Desk,9,914,0.14,0.65,7074.36,4598.334,2476.026,0.35,2030-03,2030
5069,2035-12-23,South,Furniture,Consumer,Desk,2,1928,0.07,0.48,3586.08,1721.3183999999999,1864.7616,0.52,2035-12,2035
5070,2030-11-30,East,Furniture,Consumer,Phone,4,441,0.29,0.71,1252.4399999999998,889.2323999999999,363.20759999999996,0.29,2030-11,2030
5071,2031-09-29,North,Furniture,Corporate,Chair,2,147,0.17,0.7,244.01999999999998,170.81399999999996,73.20600000000002,0.3000000000000001,2031-09,2031
5072,2030-04-20,East,Furniture,Consumer,Paper,8,463,0.04,0.68,3555.8399999999997,2417.9712,1137.8687999999997,0.31999999999999995,2030-04,2030
5073,2032-01-20,North,Technology,Consumer,Monitor,1,1910,0.12,0.59,1680.8,991.6719999999999,689.128,0.41000000000000003,2032-01,2032
5074,2025-06-16,North,Office Supplies,Home Office,Laptop,9,1521,0.1,0.68,12320.1,8377.668000000001,3942.431999999999,0.3199999999999999,2025-06,2025
5075,2025-12-21,South,Office Supplies,Consumer,Desk,5,1318,0.06,0.59,6194.599999999999,3654.8139999999994,2539.786,0.41000000000000003,2025-12,2025
5076,2026-07-03,North,Office Supplies,Corporate,Laptop,3,1974,0.28,0.67,4263.84,2856.7728,1407.0672,0.32999999999999996,2026-07,2026
5077,2024-11-01,South,Furniture,Corporate,Storage,4,1860,0.26,0.71,5505.6,3908.976,1596.6240000000003,0.29000000000000004,2024-11,2024
5078,2027-02-14,East,Technology,Consumer,Storage,1,824,0.06,0.72,774.56,557.6831999999999,216.8768,0.28,2027-02,2027
5079,2032-10-15,East,Technology,Home Office,Storage,3,1444,0.11,0.59,3855.48,2274.7331999999997,1580.7468000000003,0.4100000000000001,2032-10,2032
5080,2036-03-07,North,Technology,Corporate,Printer,8,1917,0.23,0.71,11808.720000000001,8384.191200000001,3424.5288,0.29,2036-03,2036
5081,2028-05-09,South,Office Supplies,Corporate,Desk,2,237,0.06,0.48,445.56,213.8688,231.6912,0.52,2028-05,2028
5082,2023-09-07,North,Furniture,Home Office,Storage,2,454,0.18,0.48,744.5600000000001,357.3888,387.17120000000006,0.52,2023-09,2023
5083,2028-03-07,South,Technology,Consumer,Printer,9,1968,0.21,0.61,13992.480000000001,8535.4128,5457.067200000001,0.39000000000000007,2028-03,2028
5084,2032-06-01,South,Furniture,Corporate,Storage,5,1193,0.2,0.65,4772.0,3101.8,1670.1999999999998,0.35,2032-06,2032
5085,2028-01-28,South,Technology,Consumer,Chair,5,910,0.21,0.5,3594.5,1797.25,1797.25,0.5,2028-01,2028
5086,2030-10-25,East,Furniture,Consumer,Desk,1,1705,0.21,0.59,1346.95,794.7005,552.2495,0.41,2030-10,2030
5087,2027-02-12,South,Technology,Consumer,Printer,6,1606,0.29,0.48,6841.5599999999995,3283.9487999999997,3557.6112,0.52,2027-02,2027
5088,2032-04-08,East,Furniture,Consumer,Storage,8,1843,0.1,0.63,13269.6,8359.848,4909.752,0.37,2032-04,2032
5089,2032-10-11,South,Technology,Corporate,Monitor,6,811,0.26,0.71,3600.84,2556.5964,1044.2436000000002,0.29000000000000004,2032-10,2032
5090,2033-05-20,East,Technology,Home Office,Printer,7,158,0.01,0.67,1094.94,733.6098000000001,361.3302,0.32999999999999996,2033-05,2033
5091,2032-05-19,West,Furniture,Corporate,Storage,4,870,0.09,0.56,3166.8,1773.4080000000004,1393.3919999999998,0.43999999999999995,2032-05,2032
5092,2023-02-13,East,Furniture,Home Office,Chair,2,488,0.01,0.75,966.24,724.6800000000001,241.55999999999995,0.24999999999999994,2023-02,2023
5093,2032-11-21,East,Office Supplies,Consumer,Laptop,1,1976,0.2,0.65,1580.8000000000002,1027.5200000000002,553.28,0.3499999999999999,2032-11,2032
5094,2030-03-03,North,Furniture,Home Office,Paper,6,1474,0.03,0.69,8578.68,5919.2892,2659.3908,0.31,2030-03,2030
5095,2035-10-23,South,Technology,Consumer,Storage,9,945,0.25,0.65,6378.75,4146.1875,2232.5625,0.35,2035-10,2035
5096,2031-08-30,West,Technology,Corporate,Laptop,5,968,0.19,0.75,3920.4,2940.3,980.0999999999999,0.24999999999999997,2031-08,2031
5097,2026-07-12,North,Furniture,Corporate,Desk,2,438,0.01,0.7,867.24,607.068,260.172,0.30000000000000004,2026-07,2026
5098,2031-01-21,South,Office Supplies,Home Office,Chair,1,1800,0.21,0.61,1422.0,867.42,554.58,0.39,2031-01,2031
5099,2023-08-08,West,Furniture,Consumer,Monitor,3,856,0.26,0.56,1900.32,1064.1792,836.1407999999999,0.43999999999999995,2023-08,2023
5100,2028-04-09,West,Technology,Consumer,Desk,4,695,0.2,0.65,2224.0,1445.6000000000001,778.3999999999999,0.3499999999999999,2028-04,2028
5101,2031-02-20,West,Technology,Home Office,Monitor,7,535,0.01,0.63,3707.55,2335.7565,1371.7935000000002,0.37000000000000005,2031-02,2031
5102,2032-08-14,South,Office Supplies,Consumer,Laptop,9,1573,0.26,0.64,10476.18,6704.7552000000005,3771.4248,0.36,2032-08,2032
5103,2029-09-14,West,Furniture,Consumer,Chair,8,476,0.22,0.55,2970.2400000000002,1633.6320000000003,1336.608,0.44999999999999996,2029-09,2029
5104,2032-07-03,West,Technology,Consumer,Phone,9,490,0.11,0.58,3924.9,2276.442,1648.458,0.42,2032-07,2032
5105,2030-08-06,North,Technology,Corporate,Chair,7,580,0.1,0.62,3654.0,2265.48,1388.52,0.38,2030-08,2030
5106,2025-09-17,East,Technology,Corporate,Chair,8,920,0.14,0.7,6329.599999999999,4430.719999999999,1898.88,0.30000000000000004,2025-09,2025
5107,2031-01-25,South,Furniture,Corporate,Monitor,8,213,0.26,0.68,1260.96,857.4528000000001,403.5071999999999,0.3199999999999999,2031-01,2031
5108,2027-12-18,East,Furniture,Consumer,Phone,1,1869,0.08,0.49,1719.48,842.5452,876.9348,0.51,2027-12,2027
5109,2036-07-24,North,Office Supplies,Corporate,Printer,9,873,0.03,0.52,7621.29,3963.0708,3658.2192,0.48,2036-07,2036
5110,2025-03-14,East,Technology,Consumer,Printer,2,271,0.26,0.46,401.08,184.4968,216.58319999999998,0.5399999999999999,2025-03,2025
5111,2024-05-04,West,Technology,Consumer,Printer,7,117,0.01,0.45,810.81,364.86449999999996,445.9455,0.55,2024-05,2024
5112,2032-09-26,West,Office Supplies,Home Office,Laptop,5,334,0.27,0.52,1219.1,633.932,585.1679999999999,0.4799999999999999,2032-09,2032
5113,2027-02-02,South,Technology,Consumer,Chair,4,1433,0.09,0.69,5216.12,3599.1227999999996,1616.9972000000002,0.31000000000000005,2027-02,2027
5114,2032-12-24,South,Office Supplies,Corporate,Storage,1,1792,0.15,0.72,1523.2,1096.704,426.4960000000001,0.28,2032-12,2032
5115,2030-12-01,South,Office Supplies,Corporate,Phone,1,822,0.04,0.57,789.12,449.79839999999996,339.32160000000005,0.43000000000000005,2030-12,2030
5116,2027-09-02,North,Technology,Consumer,Storage,3,380,0.27,0.62,832.1999999999999,515.9639999999999,316.236,0.38,2027-09,2027
5117,2032-08-17,South,Furniture,Corporate,Laptop,1,930,0.22,0.66,725.4,478.764,246.63599999999997,0.33999999999999997,2032-08,2032
5118,2032-02-23,North,Furniture,Consumer,Phone,8,1319,0.28,0.74,7597.44,5622.1056,1975.3343999999997,0.25999999999999995,2032-02,2032
5119,2023-02-23,West,Furniture,Home Office,Storage,3,1238,0.2,0.72,2971.2000000000003,2139.264,831.9360000000001,0.28,2023-02,2023
5120,2030-01-19,East,Furniture,Consumer,Paper,2,1520,0.06,0.47,2857.6,1343.072,1514.528,0.53,2030-01,2030
5121,2032-10-31,West,Technology,Consumer,Monitor,6,1795,0.09,0.52,9800.7,5096.3640000000005,4704.336,0.48,2032-10,2032
5122,2024-09-07,West,Office Supplies,Home Office,Laptop,4,1790,0.15,0.46,6086.0,2799.56,3286.44,0.54,2024-09,2024
5123,2025-08-12,West,Office Supplies,Corporate,Laptop,4,1686,0.18,0.63,5530.080000000001,3483.9504000000006,2046.1296000000002,0.37,2025-08,2025
5124,2029-08-30,South,Technology,Home Office,Paper,2,517,0.28,0.66,744.48,491.3568,253.1232,0.33999999999999997,2029-08,2029
5125,2027-06-18,South,Furniture,Home Office,Laptop,2,383,0.12,0.54,674.08,364.00320000000005,310.0768,0.45999999999999996,2027-06,2027
5126,2030-08-13,South,Office Supplies,Consumer,Phone,6,684,0.21,0.71,3242.1600000000003,2301.9336000000003,940.2264,0.29,2030-08,2030
5127,2024-10-11,East,Technology,Consumer,Storage,5,1451,0.29,0.59,5151.05,3039.1195,2111.9305000000004,0.4100000000000001,2024-10,2024
5128,2029-06-05,South,Technology,Home Office,Storage,9,1464,0.05,0.75,12517.199999999999,9387.9,3129.2999999999993,0.24999999999999997,2029-06,2029
5129,2035-04-18,North,Furniture,Corporate,Desk,4,721,0.26,0.45,2134.16,960.372,1173.788,0.55,2035-04,2035
5130,2031-12-23,West,Technology,Home Office,Laptop,5,1921,0.13,0.48,8356.35,4011.0480000000002,4345.302,0.5199999999999999,2031-12,2031
5131,2030-03-25,East,Office Supplies,Corporate,Printer,1,320,0.22,0.54,249.60000000000002,134.78400000000002,114.816,0.45999999999999996,2030-03,2030
5132,2033-05-29,East,Office Supplies,Home Office,Chair,2,108,0.09,0.46,196.56,90.41760000000001,106.1424,0.5399999999999999,2033-05,2033
5133,2030-01-05,East,Technology,Home Office,Monitor,3,1205,0.1,0.68,3253.5,2212.38,1041.12,0.31999999999999995,2030-01,2030
5134,2031-11-24,East,Office Supplies,Corporate,Monitor,5,931,0.01,0.47,4608.45,2165.9714999999997,2442.4785,0.53,2031-11,2031
5135,2024-01-06,East,Technology,Home Office,Desk,5,1417,0.29,0.67,5030.349999999999,3370.3345,1660.0154999999995,0.32999999999999996,2024-01,2024
5136,2025-05-07,North,Office Supplies,Consumer,Desk,4,474,0.24,0.47,1440.96,677.2511999999999,763.7088000000001,0.53,2025-05,2025
5137,2036-05-18,West,Furniture,Home Office,Phone,3,633,0.03,0.53,1842.03,976.2759,865.7541,0.47000000000000003,2036-05,2036
5138,2036-01-06,East,Office Supplies,Consumer,Desk,9,1538,0.3,0.7,9689.4,6782.579999999999,2906.8200000000006,0.3000000000000001,2036-01,2036
5139,2024-01-19,West,Furniture,Corporate,Storage,1,1222,0.18,0.74,1002.0400000000001,741.5096000000001,260.5304,0.25999999999999995,2024-01,2024
5140,2033-08-13,South,Furniture,Corporate,Phone,6,1805,0.26,0.57,8014.2,4568.093999999999,3446.1060000000007,0.4300000000000001,2033-08,2033
5141,2029-12-27,East,Technology,Consumer,Phone,7,801,0.02,0.74,5494.86,4066.1964,1428.6635999999999,0.26,2029-12,2029
5142,2034-11-13,East,Furniture,Home Office,Monitor,4,1741,0.12,0.64,6128.32,3922.1248,2206.1951999999997,0.36,2034-11,2034
5143,2034-09-30,West,Office Supplies,Consumer,Monitor,3,931,0.2,0.57,2234.4,1273.608,960.7920000000001,0.43000000000000005,2034-09,2034
5144,2030-06-18,East,Office Supplies,Consumer,Printer,8,876,0.03,0.69,6797.76,4690.4544,2107.3056000000006,0.31000000000000005,2030-06,2030
5145,2034-01-17,East,Furniture,Corporate,Laptop,9,1505,0.15,0.54,11513.25,6217.155000000001,5296.094999999999,0.45999999999999996,2034-01,2034
5146,2032-01-07,East,Technology,Consumer,Paper,1,1986,0.13,0.53,1727.82,915.7446,812.0754,0.47,2032-01,2032
5147,2034-08-22,North,Furniture,Home Office,Paper,9,1039,0.06,0.65,8789.939999999999,5713.460999999999,3076.4789999999994,0.35,2034-08,2034
5148,2033-12-02,North,Office Supplies,Consumer,Desk,7,1627,0.09,0.57,10363.99,5907.474299999999,4456.515700000001,0.4300000000000001,2033-12,2033
5149,2025-07-11,East,Office Supplies,Corporate,Laptop,1,546,0.29,0.49,387.65999999999997,189.9534,197.70659999999998,0.51,2025-07,2025
5150,2030-12-25,North,Furniture,Home Office,Laptop,7,779,0.09,0.47,4962.2300000000005,2332.2481000000002,2629.9819,0.53,2030-12,2030
5151,2031-01-29,South,Furniture,Corporate,Laptop,5,443,0.06,0.69,2082.1,1436.649,645.451,0.31,2031-01,2031
5152,2031-05-05,East,Furniture,Consumer,Phone,7,524,0.16,0.65,3081.12,2002.728,1078.3919999999998,0.35,2031-05,2031
5153,2025-09-01,South,Office Supplies,Consumer,Laptop,9,724,0.2,0.57,5212.8,2971.296,2241.5040000000004,0.43000000000000005,2025-09,2025
5154,2026-05-15,West,Office Supplies,Corporate,Desk,8,1963,0.22,0.72,12249.12,8819.3664,3429.7536,0.27999999999999997,2026-05,2026
5155,2029-09-01,South,Office Supplies,Corporate,Phone,6,405,0.23,0.57,1871.1000000000001,1066.527,804.5730000000001,0.43,2029-09,2029
5156,2027-12-20,West,Technology,Home Office,Desk,2,247,0.01,0.66,489.06,322.7796,166.2804,0.33999999999999997,2027-12,2027
5157,2031-01-13,East,Office Supplies,Corporate,Phone,8,948,0.12,0.72,6673.92,4805.2224,1868.6976000000004,0.2800000000000001,2031-01,2031
5158,2036-07-04,West,Office Supplies,Corporate,Paper,4,831,0.23,0.7,2559.48,1791.636,767.844,0.30000000000000004,2036-07,2036
5159,2026-09-25,West,Technology,Consumer,Chair,8,553,0.27,0.6,3229.52,1937.712,1291.808,0.4,2026-09,2026
5160,2033-10-15,South,Technology,Consumer,Chair,7,1037,0.18,0.65,5952.38,3869.047,2083.333,0.35000000000000003,2033-10,2033
5161,2023-07-23,South,Technology,Corporate,Paper,4,132,0.02,0.57,517.4399999999999,294.94079999999997,222.49919999999997,0.43,2023-07,2023
5162,2023-06-10,South,Technology,Corporate,Chair,8,1855,0.12,0.64,13059.2,8357.888,4701.312,0.36,2023-06,2023
5163,2035-04-15,East,Technology,Consumer,Chair,2,1624,0.02,0.53,3183.04,1687.0112000000001,1496.0287999999998,0.47,2035-04,2035
5164,2025-02-07,East,Technology,Home Office,Paper,9,1442,0.22,0.58,10122.84,5871.2472,4251.5928,0.42000000000000004,2025-02,2025
5165,2033-04-06,South,Furniture,Home Office,Phone,6,1820,0.02,0.51,10701.6,5457.816000000001,5243.784,0.48999999999999994,2033-04,2033
5166,2030-01-25,East,Furniture,Home Office,Laptop,7,1316,0.06,0.46,8659.279999999999,3983.2688,4676.011199999999,0.5399999999999999,2030-01,2030
5167,2025-12-29,East,Furniture,Home Office,Paper,1,1996,0.13,0.63,1736.52,1094.0076,642.5124000000001,0.37000000000000005,2025-12,2025
5168,2035-04-28,West,Furniture,Consumer,Printer,3,1303,0.14,0.71,3361.74,2386.8354,974.9045999999998,0.29,2035-04,2035
5169,2024-08-30,West,Office Supplies,Corporate,Monitor,5,1990,0.12,0.46,8756.0,4027.76,4728.24,0.5399999999999999,2024-08,2024
5170,2027-03-21,South,Technology,Home Office,Storage,7,1083,0.14,0.51,6519.66,3325.0266,3194.6333999999997,0.49,2027-03,2027
5171,2030-11-15,East,Office Supplies,Consumer,Printer,1,1641,0.21,0.59,1296.39,764.8701,531.5199000000001,0.4100000000000001,2030-11,2030
5172,2031-09-27,West,Technology,Corporate,Chair,9,490,0.11,0.65,3924.9,2551.185,1373.7150000000001,0.35000000000000003,2031-09,2031
5173,2028-01-12,North,Technology,Home Office,Laptop,5,1644,0.16,0.5,6904.8,3452.4,3452.4,0.5,2028-01,2028
5174,2024-11-20,East,Office Supplies,Corporate,Desk,3,456,0.09,0.47,1244.88,585.0936,659.7864000000001,0.53,2024-11,2024
5175,2033-04-17,North,Furniture,Home Office,Laptop,7,672,0.11,0.61,4186.56,2553.8016000000002,1632.7584000000002,0.39,2033-04,2033
5176,2031-01-28,South,Office Supplies,Corporate,Desk,8,563,0.18,0.7,3693.28,2585.296,1107.9840000000004,0.3000000000000001,2031-01,2031
5177,2028-10-04,East,Office Supplies,Home Office,Printer,3,1029,0.15,0.46,2623.95,1207.017,1416.9329999999998,0.5399999999999999,2028-10,2028
5178,2024-01-01,South,Technology,Home Office,Laptop,7,1798,0.22,0.55,9817.08,5399.394,4417.686,0.44999999999999996,2024-01,2024
5179,2032-10-15,South,Technology,Corporate,Laptop,7,198,0.17,0.65,1150.3799999999999,747.747,402.6329999999999,0.35,2032-10,2032
5180,2035-06-17,South,Technology,Corporate,Storage,4,247,0.24,0.49,750.88,367.9312,382.9488,0.51,2035-06,2035
5181,2034-07-01,South,Furniture,Corporate,Paper,9,669,0.13,0.52,5238.2699999999995,2723.9004,2514.3695999999995,0.48,2034-07,2034
5182,2034-06-04,South,Office Supplies,Consumer,Printer,1,826,0.15,0.61,702.1,428.281,273.819,0.39,2034-06,2034
5183,2034-11-04,East,Office Supplies,Consumer,Laptop,1,1439,0.2,0.74,1151.2,851.888,299.312,0.26,2034-11,2034
5184,2029-07-06,North,Furniture,Corporate,Desk,5,1101,0.07,0.54,5119.65,2764.611,2355.0389999999998,0.45999999999999996,2029-07,2029
5185,2026-04-20,East,Office Supplies,Consumer,Monitor,3,1305,0.12,0.6,3445.2,2067.12,1378.08,0.4,2026-04,2026
5186,2036-08-28,East,Office Supplies,Home Office,Laptop,9,1670,0.19,0.57,12174.300000000001,6939.351,5234.949000000001,0.4300000000000001,2036-08,2036
5187,2033-07-06,East,Technology,Corporate,Desk,5,402,0.01,0.72,1989.9,1432.728,557.172,0.28,2033-07,2033
5188,2030-06-28,West,Furniture,Consumer,Chair,7,1681,0.13,0.47,10237.289999999999,4811.5262999999995,5425.7636999999995,0.53,2030-06,2030
5189,2032-03-01,West,Technology,Corporate,Laptop,1,1722,0.18,0.62,1412.0400000000002,875.4648000000001,536.5752000000001,0.38,2032-03,2032
5190,2027-08-03,East,Furniture,Home Office,Desk,2,103,0.29,0.7,146.26,102.38199999999999,43.878,0.30000000000000004,2027-08,2027
5191,2023-10-26,North,Technology,Home Office,Monitor,4,877,0.26,0.75,2595.92,1946.94,648.98,0.25,2023-10,2023
5192,2025-08-14,East,Office Supplies,Consumer,Printer,9,206,0.08,0.66,1705.68,1125.7488,579.9312,0.33999999999999997,2025-08,2025
5193,2026-01-19,South,Furniture,Home Office,Chair,5,174,0.15,0.56,739.5,414.12000000000006,325.37999999999994,0.4399999999999999,2026-01,2026
5194,2029-11-10,West,Furniture,Corporate,Laptop,5,1163,0.02,0.57,5698.7,3248.2589999999996,2450.4410000000003,0.43000000000000005,2029-11,2029
5195,2027-01-14,West,Technology,Consumer,Storage,9,738,0.07,0.56,6177.0599999999995,3459.1536,2717.9063999999994,0.43999999999999995,2027-01,2027
5196,2035-03-19,East,Furniture,Corporate,Desk,8,794,0.23,0.63,4891.04,3081.3552,1809.6848,0.37,2035-03,2035
5197,2035-03-05,East,Office Supplies,Corporate,Monitor,2,1242,0.04,0.67,2384.64,1597.7088,786.9311999999998,0.3299999999999999,2035-03,2035
5198,2033-03-15,North,Office Supplies,Corporate,Storage,7,172,0.08,0.7,1107.68,775.376,332.3040000000001,0.30000000000000004,2033-03,2033
5199,2032-07-03,North,Office Supplies,Home Office,Laptop,1,651,0.28,0.57,468.71999999999997,267.1704,201.5496,0.43000000000000005,2032-07,2032
5200,2030-09-29,South,Technology,Corporate,Desk,9,1327,0.25,0.67,8957.25,6001.3575,2955.8925,0.33,2030-09,2030
5201,2030-10-21,East,Furniture,Home Office,Laptop,3,1076,0.23,0.72,2485.56,1789.6031999999998,695.9568000000002,0.2800000000000001,2030-10,2030
5202,2029-11-11,East,Technology,Corporate,Chair,2,195,0.26,0.73,288.6,210.678,77.92200000000003,0.2700000000000001,2029-11,2029
5203,2033-04-28,East,Office Supplies,Home Office,Monitor,4,1402,0.22,0.66,4374.24,2886.9984,1487.2415999999998,0.33999999999999997,2033-04,2033
5204,2031-02-12,West,Furniture,Home Office,Monitor,4,1266,0.04,0.64,4861.44,3111.3215999999998,1750.1183999999998,0.36,2031-02,2031
5205,2035-07-31,South,Office Supplies,Home Office,Chair,3,1238,0.15,0.61,3156.9,1925.709,1231.191,0.39,2035-07,2035
5206,2025-08-07,North,Furniture,Corporate,Laptop,2,1599,0.13,0.5,2782.2599999999998,1391.1299999999999,1391.1299999999999,0.5,2025-08,2025
5207,2035-08-09,West,Furniture,Corporate,Laptop,5,983,0.09,0.49,4472.650000000001,2191.5985,2281.0515000000005,0.51,2035-08,2035
5208,2030-10-21,West,Technology,Home Office,Phone,4,1256,0.25,0.6,3768.0,2260.7999999999997,1507.2000000000003,0.4000000000000001,2030-10,2030
5209,2023-06-15,West,Furniture,Corporate,Laptop,5,1291,0.14,0.5,5551.3,2775.65,2775.65,0.5,2023-06,2023
5210,2032-07-18,West,Office Supplies,Home Office,Monitor,8,1368,0.02,0.62,10725.119999999999,6649.5743999999995,4075.5455999999995,0.38,2032-07,2032
5211,2029-11-14,South,Furniture,Corporate,Laptop,2,376,0.08,0.64,691.84,442.7776,249.06240000000003,0.36000000000000004,2029-11,2029
5212,2025-07-08,East,Office Supplies,Home Office,Storage,9,358,0.07,0.61,2996.4599999999996,1827.8405999999998,1168.6193999999998,0.39,2025-07,2025
5213,2023-04-24,North,Technology,Home Office,Storage,1,145,0.27,0.46,105.85,48.691,57.15899999999999,0.5399999999999999,2023-04,2023
5214,2032-08-05,North,Office Supplies,Consumer,Chair,8,445,0.19,0.47,2883.6000000000004,1355.2920000000001,1528.3080000000002,0.53,2032-08,2032
5215,2025-09-18,West,Furniture,Corporate,Storage,5,946,0.17,0.48,3925.8999999999996,1884.4319999999998,2041.4679999999998,0.52,2025-09,2025
5216,2033-07-06,West,Office Supplies,Corporate,Laptop,2,994,0.15,0.5,1689.8,844.9,844.9,0.5,2033-07,2033
5217,2026-06-12,South,Office Supplies,Consumer,Printer,8,1360,0.2,0.75,8704.0,6528.0,2176.0,0.25,2026-06,2026
5218,2032-05-19,West,Furniture,Home Office,Paper,5,1176,0.23,0.55,4527.6,2490.1800000000003,2037.42,0.44999999999999996,2032-05,2032
5219,2024-05-29,North,Office Supplies,Home Office,Laptop,3,1271,0.17,0.54,3164.79,1708.9866000000002,1455.8033999999998,0.45999999999999996,2024-05,2024
5220,2036-02-26,North,Furniture,Consumer,Paper,7,1822,0.28,0.47,9182.88,4315.9536,4866.926399999999,0.53,2036-02,2036
5221,2031-10-02,East,Technology,Consumer,Monitor,4,1656,0.29,0.64,4703.04,3009.9456,1693.0944,0.36,2031-10,2031
5222,2035-02-21,East,Office Supplies,Home Office,Phone,6,1213,0.3,0.65,5094.599999999999,3311.49,1783.1099999999997,0.35,2035-02,2035
5223,2030-01-28,North,Technology,Corporate,Desk,8,332,0.2,0.5,2124.8,1062.4,1062.4,0.5,2030-01,2030
5224,2023-03-09,North,Office Supplies,Consumer,Monitor,1,1850,0.28,0.73,1332.0,972.36,359.64,0.26999999999999996,2023-03,2023
5225,2027-05-16,South,Office Supplies,Consumer,Paper,2,150,0.12,0.69,264.0,182.16,81.84,0.31,2027-05,2027
5226,2035-04-06,South,Technology,Consumer,Chair,8,764,0.26,0.52,4522.88,2351.8976000000002,2170.9824,0.48,2035-04,2035
5227,2023-01-19,North,Office Supplies,Consumer,Storage,7,1959,0.27,0.6,10010.49,6006.294,4004.196,0.4,2023-01,2023
5228,2030-06-23,West,Office Supplies,Consumer,Printer,9,1751,0.27,0.59,11504.07,6787.4012999999995,4716.6687,0.41000000000000003,2030-06,2030
5229,2032-08-22,East,Technology,Consumer,Monitor,2,1517,0.25,0.55,2275.5,1251.525,1023.9749999999999,0.44999999999999996,2032-08,2032
5230,2024-07-26,North,Office Supplies,Home Office,Desk,8,1337,0.12,0.7,9412.48,6588.735999999999,2823.7440000000006,0.3000000000000001,2024-07,2024
5231,2029-03-08,West,Furniture,Home Office,Printer,6,550,0.05,0.48,3135.0,1504.8,1630.2,0.52,2029-03,2029
5232,2030-12-12,North,Office Supplies,Consumer,Chair,1,1462,0.1,0.57,1315.8,750.0059999999999,565.7940000000001,0.4300000000000001,2030-12,2030
5233,2024-10-12,East,Office Supplies,Home Office,Storage,4,450,0.23,0.58,1386.0,803.88,582.12,0.42,2024-10,2024
5234,2030-01-31,East,Office Supplies,Corporate,Phone,2,748,0.07,0.59,1391.28,820.8552,570.4248,0.41000000000000003,2030-01,2030
5235,2031-12-07,South,Technology,Corporate,Paper,7,1408,0.14,0.71,8476.16,6018.0736,2458.0864,0.29000000000000004,2031-12,2031
5236,2026-08-31,South,Furniture,Consumer,Monitor,9,977,0.17,0.52,7298.19,3795.0588,3503.1312,0.48,2026-08,2026
5237,2036-09-05,South,Furniture,Corporate,Monitor,6,682,0.18,0.48,3355.44,1610.6112,1744.8288,0.52,2036-09,2036
5238,2032-12-13,South,Office Supplies,Corporate,Monitor,4,344,0.28,0.64,990.7199999999999,634.0608,356.65919999999994,0.36,2032-12,2032
5239,2030-09-28,East,Technology,Home Office,Paper,5,649,0.2,0.5,2596.0,1298.0,1298.0,0.5,2030-09,2030
5240,2029-01-26,West,Technology,Home Office,Chair,1,827,0.24,0.47,628.52,295.40439999999995,333.11560000000003,0.53,2029-01,2029
5241,2032-09-09,West,Furniture,Home Office,Printer,4,738,0.17,0.58,2450.16,1421.0928,1029.0672,0.42,2032-09,2032
5242,2025-11-03,West,Technology,Home Office,Printer,3,683,0.25,0.52,1536.75,799.11,737.64,0.48,2025-11,2025
5243,2035-01-01,North,Office Supplies,Corporate,Chair,9,325,0.08,0.56,2691.0,1506.96,1184.04,0.44,2035-01,2035
5244,2033-11-22,South,Office Supplies,Consumer,Monitor,6,926,0.06,0.53,5222.639999999999,2767.9991999999997,2454.6407999999997,0.47,2033-11,2033
5245,2031-02-09,South,Technology,Home Office,Laptop,4,540,0.28,0.48,1555.2,746.496,808.7040000000001,0.52,2031-02,2031
5246,2031-11-01,East,Office Supplies,Corporate,Chair,3,1597,0.21,0.62,3784.8900000000003,2346.6318,1438.2582000000002,0.38,2031-11,2031
5247,2026-01-03,East,Furniture,Home Office,Storage,4,1567,0.2,0.46,5014.400000000001,2306.6240000000003,2707.7760000000003,0.54,2026-01,2026
5248,2029-05-13,North,Office Supplies,Corporate,Storage,8,1919,0.14,0.74,13202.72,9770.012799999999,3432.7072000000007,0.26000000000000006,2029-05,2029
5249,2025-07-28,North,Technology,Home Office,Phone,5,511,0.11,0.55,2273.95,1250.6725,1023.2774999999999,0.45,2025-07,2025
5250,2033-03-05,West,Furniture,Consumer,Chair,1,913,0.17,0.66,757.79,500.1414,257.6486,0.34,2033-03,2033
5251,2032-05-07,East,Office Supplies,Home Office,Desk,5,345,0.04,0.69,1656.0,1142.6399999999999,513.3600000000001,0.31000000000000005,2032-05,2032
5252,2026-12-19,South,Furniture,Consumer,Paper,8,682,0.14,0.53,4692.16,2486.8448,2205.3152,0.47000000000000003,2026-12,2026
5253,2024-07-24,West,Technology,Home Office,Paper,4,1830,0.14,0.67,6295.2,4217.784000000001,2077.4159999999993,0.3299999999999999,2024-07,2024
5254,2030-12-14,South,Office Supplies,Home Office,Storage,2,599,0.16,0.7,1006.3199999999999,704.4239999999999,301.8960000000001,0.3000000000000001,2030-12,2030
5255,2029-11-10,West,Office Supplies,Home Office,Storage,3,1081,0.19,0.52,2626.8300000000004,1365.9516000000003,1260.8784,0.4799999999999999,2029-11,2029
5256,2025-07-06,South,Furniture,Corporate,Storage,9,649,0.29,0.75,4147.11,3110.3324999999995,1036.7775000000001,0.25000000000000006,2025-07,2025
5257,2028-02-18,North,Office Supplies,Corporate,Laptop,7,216,0.2,0.46,1209.6000000000001,556.416,653.1840000000001,0.54,2028-02,2028
5258,2036-06-29,West,Office Supplies,Consumer,Desk,3,1873,0.27,0.52,4101.87,2132.9724,1968.8975999999998,0.48,2036-06,2036
5259,2027-08-06,South,Office Supplies,Consumer,Monitor,5,1487,0.17,0.68,6171.049999999999,4196.313999999999,1974.7359999999999,0.32,2027-08,2027
5260,2024-09-07,South,Office Supplies,Corporate,Monitor,3,303,0.19,0.51,736.2900000000001,375.50790000000006,360.7821,0.49,2024-09,2024
5261,2035-04-29,East,Technology,Consumer,Chair,4,450,0.02,0.66,1764.0,1164.24,599.76,0.33999999999999997,2035-04,2035
5262,2027-10-16,West,Office Supplies,Consumer,Laptop,8,418,0.04,0.71,3210.24,2279.2704,930.9695999999999,0.29,2027-10,2027
5263,2033-06-22,South,Furniture,Corporate,Storage,3,1482,0.17,0.74,3690.18,2730.7331999999997,959.4468000000002,0.26000000000000006,2033-06,2033
5264,2034-06-20,East,Technology,Corporate,Monitor,3,1640,0.12,0.59,4329.6,2554.464,1775.1360000000004,0.4100000000000001,2034-06,2034
5265,2029-10-13,South,Furniture,Corporate,Desk,8,1039,0.24,0.74,6317.12,4674.6687999999995,1642.4512000000004,0.26000000000000006,2029-10,2029
5266,2036-01-02,West,Furniture,Corporate,Monitor,7,588,0.16,0.57,3457.44,1970.7407999999998,1486.6992000000002,0.43000000000000005,2036-01,2036
5267,2032-08-06,North,Furniture,Home Office,Paper,7,1792,0.26,0.52,9282.56,4826.9312,4455.6287999999995,0.48,2032-08,2032
5268,2032-07-07,West,Technology,Corporate,Desk,2,206,0.29,0.6,292.52,175.51199999999997,117.00800000000001,0.4000000000000001,2032-07,2032
5269,2035-05-27,West,Technology,Consumer,Laptop,7,1863,0.04,0.64,12519.359999999999,8012.390399999999,4506.969599999999,0.36,2035-05,2035
5270,2026-02-09,South,Technology,Home Office,Monitor,3,753,0.12,0.59,1987.92,1172.8727999999999,815.0472000000002,0.4100000000000001,2026-02,2026
5271,2033-12-14,South,Office Supplies,Home Office,Storage,7,1949,0.2,0.62,10914.400000000001,6766.928000000001,4147.472000000001,0.38,2033-12,2033
5272,2024-01-10,West,Furniture,Consumer,Laptop,4,271,0.09,0.57,986.44,562.2708,424.16920000000005,0.43000000000000005,2024-01,2024
5273,2023-07-26,East,Technology,Home Office,Paper,8,1781,0.08,0.61,13108.16,7995.9776,5112.1824,0.38999999999999996,2023-07,2023
5274,2036-05-07,East,Furniture,Consumer,Printer,8,618,0.24,0.74,3757.44,2780.5056,976.9344000000001,0.26,2036-05,2036
5275,2026-08-12,East,Technology,Home Office,Storage,6,1978,0.29,0.6,8426.279999999999,5055.767999999999,3370.5119999999997,0.4,2026-08,2026
5276,2026-02-15,South,Technology,Home Office,Laptop,3,1988,0.23,0.53,4592.28,2433.9084,2158.3716,0.47000000000000003,2026-02,2026
5277,2035-09-02,South,Technology,Consumer,Chair,6,1057,0.16,0.68,5327.28,3622.5504,1704.7295999999997,0.31999999999999995,2035-09,2035
5278,2030-05-14,West,Furniture,Consumer,Monitor,6,912,0.13,0.55,4760.64,2618.3520000000003,2142.288,0.44999999999999996,2030-05,2030
5279,2031-11-30,North,Office Supplies,Consumer,Storage,3,627,0.16,0.69,1580.04,1090.2276,489.8124,0.31,2031-11,2031
5280,2023-03-31,South,Technology,Consumer,Phone,4,419,0.14,0.47,1441.36,677.4391999999999,763.9208,0.53,2023-03,2023
5281,2034-04-01,West,Technology,Corporate,Storage,2,1160,0.15,0.55,1972.0,1084.6000000000001,887.3999999999999,0.44999999999999996,2034-04,2034
5282,2031-04-09,West,Technology,Corporate,Printer,1,598,0.06,0.48,562.12,269.81759999999997,292.30240000000003,0.52,2031-04,2031
5283,2028-02-01,North,Office Supplies,Consumer,Laptop,2,1788,0.27,0.48,2610.48,1253.0303999999999,1357.4496000000001,0.52,2028-02,2028
5284,2025-03-15,East,Furniture,Corporate,Paper,7,364,0.23,0.65,1961.96,1275.2740000000001,686.6859999999999,0.35,2025-03,2025
5285,2025-08-02,West,Furniture,Consumer,Phone,5,1818,0.2,0.57,7272.0,4145.04,3126.96,0.43,2025-08,2025
5286,2030-08-21,West,Furniture,Consumer,Printer,9,1791,0.28,0.71,11605.68,8240.032799999999,3365.6472000000012,0.2900000000000001,2030-08,2030
5287,2033-08-11,West,Furniture,Home Office,Chair,3,1772,0.09,0.6,4837.56,2902.536,1935.0240000000003,0.4,2033-08,2033
5288,2027-05-30,East,Technology,Consumer,Paper,2,1007,0.02,0.54,1973.72,1065.8088,907.9112,0.46,2027-05,2027
5289,2031-01-02,East,Office Supplies,Consumer,Paper,4,501,0.25,0.67,1503.0,1007.0100000000001,495.9899999999999,0.3299999999999999,2031-01,2031
5290,2033-08-18,North,Technology,Consumer,Storage,2,1086,0.3,0.64,1520.3999999999999,973.0559999999999,547.3439999999999,0.36,2033-08,2033
5291,2031-10-27,South,Office Supplies,Consumer,Monitor,7,701,0.17,0.69,4072.81,2810.2389,1262.5711000000001,0.31000000000000005,2031-10,2031
5292,2035-01-09,East,Furniture,Home Office,Phone,6,1051,0.02,0.64,6179.88,3955.1232,2224.7568,0.36,2035-01,2035
5293,2035-12-19,South,Office Supplies,Consumer,Monitor,8,317,0.23,0.5,1952.72,976.36,976.36,0.5,2035-12,2035
5294,2029-07-15,South,Technology,Home Office,Paper,5,429,0.02,0.65,2102.1,1366.365,735.7349999999999,0.35,2029-07,2029
5295,2035-12-07,East,Technology,Consumer,Laptop,2,285,0.16,0.57,478.79999999999995,272.91599999999994,205.88400000000001,0.43000000000000005,2035-12,2035
5296,2025-07-30,West,Furniture,Home Office,Laptop,4,1504,0.08,0.59,5534.72,3265.4848,2269.2352,0.41,2025-07,2025
5297,2036-06-26,North,Technology,Corporate,Chair,1,308,0.27,0.73,224.84,164.1332,60.706800000000015,0.2700000000000001,2036-06,2036
5298,2030-01-10,South,Technology,Home Office,Printer,2,1686,0.14,0.56,2899.92,1623.9552,1275.9648,0.44,2030-01,2030
5299,2025-09-02,West,Office Supplies,Home Office,Phone,4,387,0.27,0.63,1130.04,711.9252,418.11479999999995,0.36999999999999994,2025-09,2025
5300,2025-08-12,East,Technology,Consumer,Chair,6,187,0.09,0.56,1021.02,571.7712,449.24879999999996,0.43999999999999995,2025-08,2025
5301,2026-06-16,South,Furniture,Home Office,Printer,4,1102,0.12,0.48,3879.04,1861.9391999999998,2017.1008000000002,0.52,2026-06,2026
5302,2025-08-01,South,Furniture,Home Office,Desk,4,235,0.28,0.59,676.8,399.31199999999995,277.488,0.41000000000000003,2025-08,2025
5303,2029-01-11,South,Technology,Consumer,Desk,2,257,0.06,0.63,483.15999999999997,304.39079999999996,178.7692,0.37000000000000005,2029-01,2029
5304,2032-02-10,West,Furniture,Corporate,Printer,9,893,0.17,0.57,6670.71,3802.3046999999997,2868.4053000000004,0.43000000000000005,2032-02,2032
5305,2034-09-14,West,Office Supplies,Corporate,Laptop,8,1019,0.12,0.57,7173.76,4089.0431999999996,3084.7168000000006,0.43000000000000005,2034-09,2034
5306,2029-03-09,West,Office Supplies,Corporate,Laptop,8,254,0.23,0.7,1564.64,1095.248,469.39200000000005,0.3,2029-03,2029
5307,2028-01-03,South,Technology,Home Office,Desk,5,1586,0.04,0.46,7612.799999999999,3501.888,4110.911999999999,0.5399999999999999,2028-01,2028
5308,2026-06-11,South,Technology,Consumer,Paper,3,319,0.13,0.54,832.59,449.59860000000003,382.9914,0.45999999999999996,2026-06,2026
5309,2024-04-09,North,Office Supplies,Corporate,Laptop,6,1582,0.21,0.69,7498.68,5174.089199999999,2324.590800000001,0.3100000000000001,2024-04,2024
5310,2032-01-08,North,Furniture,Corporate,Monitor,9,1290,0.12,0.73,10216.8,7458.263999999999,2758.536,0.27,2032-01,2032
5311,2026-05-15,West,Technology,Corporate,Paper,8,421,0.02,0.57,3300.64,1881.3647999999998,1419.2752,0.43000000000000005,2026-05,2026
5312,2030-04-08,West,Technology,Corporate,Laptop,7,790,0.21,0.72,4368.7,3145.464,1223.2359999999999,0.27999999999999997,2030-04,2030
5313,2025-06-03,East,Furniture,Consumer,Printer,8,940,0.15,0.51,6392.0,3259.92,3132.08,0.49,2025-06,2025
5314,2033-06-02,West,Technology,Corporate,Storage,4,1685,0.0,0.52,6740.0,3504.8,3235.2,0.48,2033-06,2033
5315,2033-07-23,North,Furniture,Home Office,Printer,6,1936,0.18,0.7,9525.12,6667.584,2857.536000000001,0.3000000000000001,2033-07,2033
5316,2031-08-02,North,Furniture,Home Office,Laptop,5,611,0.28,0.72,2199.6,1583.712,615.8879999999999,0.27999999999999997,2031-08,2031
5317,2025-07-13,North,Furniture,Consumer,Printer,2,186,0.03,0.52,360.84,187.6368,173.20319999999998,0.48,2025-07,2025
5318,2035-07-26,South,Furniture,Corporate,Phone,8,1668,0.18,0.47,10942.08,5142.777599999999,5799.3024000000005,0.53,2035-07,2035
5319,2027-03-27,South,Furniture,Corporate,Desk,3,374,0.22,0.48,875.1600000000001,420.07680000000005,455.08320000000003,0.52,2027-03,2027
5320,2025-12-30,West,Office Supplies,Home Office,Storage,5,240,0.02,0.53,1176.0,623.2800000000001,552.7199999999999,0.4699999999999999,2025-12,2025
5321,2029-08-08,East,Furniture,Consumer,Paper,8,1841,0.01,0.68,14580.72,9914.8896,4665.830399999999,0.31999999999999995,2029-08,2029
5322,2030-03-02,East,Office Supplies,Home Office,Paper,9,1859,0.14,0.6,14388.66,8633.196,5755.464,0.4,2030-03,2030
5323,2025-02-01,East,Furniture,Consumer,Phone,9,724,0.24,0.59,4952.16,2921.7744,2030.3856,0.41000000000000003,2025-02,2025
5324,2029-05-12,South,Technology,Consumer,Phone,5,1913,0.05,0.63,9086.75,5724.6525,3362.0975,0.37,2029-05,2029
5325,2034-05-08,North,Office Supplies,Consumer,Laptop,2,1015,0.25,0.72,1522.5,1096.2,426.29999999999995,0.27999999999999997,2034-05,2034
5326,2030-08-07,North,Technology,Home Office,Laptop,7,452,0.2,0.48,2531.2000000000003,1214.976,1316.2240000000002,0.52,2030-08,2030
5327,2035-10-04,South,Furniture,Consumer,Paper,7,1128,0.1,0.66,7106.400000000001,4690.224,2416.1760000000004,0.34,2035-10,2035
5328,2036-05-10,East,Furniture,Home Office,Phone,8,481,0.15,0.73,3270.7999999999997,2387.6839999999997,883.116,0.27,2036-05,2036
5329,2031-08-22,East,Technology,Home Office,Phone,8,1847,0.29,0.51,10490.96,5350.3895999999995,5140.5704,0.49,2031-08,2031
5330,2033-11-14,West,Furniture,Corporate,Paper,5,1891,0.06,0.7,8887.699999999999,6221.3899999999985,2666.3100000000004,0.3000000000000001,2033-11,2033
5331,2028-08-02,West,Technology,Home Office,Chair,1,1457,0.15,0.66,1238.45,817.3770000000001,421.073,0.33999999999999997,2028-08,2028
5332,2024-08-06,East,Furniture,Home Office,Chair,4,574,0.19,0.45,1859.7600000000002,836.8920000000002,1022.868,0.5499999999999999,2024-08,2024
5333,2034-11-10,South,Furniture,Corporate,Monitor,4,1027,0.04,0.52,3943.68,2050.7136,1892.9663999999998,0.48,2034-11,2034
5334,2028-10-04,East,Office Supplies,Corporate,Desk,3,129,0.01,0.63,383.13,241.3719,141.75809999999998,0.36999999999999994,2028-10,2028
5335,2028-04-26,West,Technology,Corporate,Phone,8,1470,0.0,0.6,11760.0,7056.0,4704.0,0.4,2028-04,2028
5336,2035-03-14,East,Furniture,Consumer,Printer,3,1021,0.1,0.61,2756.7000000000003,1681.5870000000002,1075.113,0.38999999999999996,2035-03,2035
5337,2023-04-20,South,Technology,Consumer,Storage,5,693,0.02,0.52,3395.7,1765.764,1629.936,0.48,2023-04,2023
5338,2023-07-11,North,Office Supplies,Corporate,Chair,2,592,0.24,0.65,899.84,584.8960000000001,314.94399999999996,0.3499999999999999,2023-07,2023
5339,2025-06-22,South,Technology,Consumer,Paper,6,1871,0.3,0.53,7858.2,4164.8460000000005,3693.3539999999994,0.4699999999999999,2025-06,2025
5340,2025-05-11,South,Office Supplies,Corporate,Laptop,6,594,0.02,0.57,3492.72,1990.8503999999998,1501.8696,0.43000000000000005,2025-05,2025
5341,2025-12-19,West,Technology,Consumer,Phone,8,1979,0.13,0.56,13773.84,7713.350400000001,6060.489599999999,0.43999999999999995,2025-12,2025
5342,2024-10-11,South,Technology,Home Office,Printer,8,487,0.01,0.65,3857.04,2507.076,1349.964,0.35,2024-10,2024
5343,2034-04-27,South,Office Supplies,Consumer,Storage,1,972,0.04,0.48,933.12,447.8976,485.2224,0.52,2034-04,2034
5344,2032-11-20,West,Furniture,Consumer,Printer,5,934,0.1,0.51,4203.0,2143.53,2059.47,0.48999999999999994,2032-11,2032
5345,2024-09-28,West,Furniture,Home Office,Monitor,2,1376,0.12,0.51,2421.76,1235.0976,1186.6624000000002,0.49000000000000005,2024-09,2024
5346,2025-11-02,North,Furniture,Corporate,Printer,5,729,0.28,0.48,2624.4,1259.712,1364.688,0.52,2025-11,2025
5347,2034-04-24,East,Technology,Consumer,Laptop,9,1038,0.12,0.51,8220.960000000001,4192.689600000001,4028.2704000000003,0.49,2034-04,2034
5348,2028-11-18,South,Technology,Consumer,Chair,4,129,0.15,0.63,438.59999999999997,276.318,162.28199999999998,0.37,2028-11,2028
5349,2033-08-01,West,Furniture,Home Office,Printer,8,722,0.07,0.67,5371.679999999999,3599.0256,1772.6543999999994,0.32999999999999996,2033-08,2033
5350,2031-08-24,North,Technology,Home Office,Storage,1,1889,0.0,0.65,1889.0,1227.8500000000001,661.1499999999999,0.3499999999999999,2031-08,2031
5351,2032-10-27,East,Technology,Home Office,Chair,8,1834,0.27,0.59,10710.56,6319.2303999999995,4391.3296,0.41000000000000003,2032-10,2032
5352,2032-01-08,West,Furniture,Home Office,Monitor,6,906,0.02,0.47,5327.28,2503.8215999999998,2823.4584,0.53,2032-01,2032
5353,2034-09-01,East,Office Supplies,Corporate,Monitor,8,441,0.29,0.74,2504.8799999999997,1853.6111999999998,651.2687999999998,0.25999999999999995,2034-09,2034
5354,2029-08-27,East,Technology,Consumer,Desk,6,1932,0.04,0.5,11128.32,5564.16,5564.16,0.5,2029-08,2029
5355,2028-02-23,South,Technology,Consumer,Laptop,3,1410,0.18,0.65,3468.6000000000004,2254.59,1214.0100000000002,0.35000000000000003,2028-02,2028
5356,2033-11-10,South,Technology,Consumer,Chair,8,1520,0.3,0.72,8512.0,6128.639999999999,2383.3600000000006,0.2800000000000001,2033-11,2033
5357,2033-03-02,West,Technology,Consumer,Monitor,5,1100,0.04,0.66,5280.0,3484.8,1795.1999999999998,0.33999999999999997,2033-03,2033
5358,2034-04-19,East,Office Supplies,Corporate,Monitor,5,1632,0.13,0.52,7099.2,3691.584,3407.616,0.48000000000000004,2034-04,2034
5359,2034-03-30,West,Furniture,Consumer,Chair,7,343,0.23,0.54,1848.77,998.3358000000001,850.4341999999999,0.45999999999999996,2034-03,2034
5360,2028-07-04,West,Technology,Corporate,Printer,6,320,0.01,0.46,1900.8,874.368,1026.4319999999998,0.5399999999999999,2028-07,2028
5361,2032-03-27,East,Furniture,Corporate,Paper,9,1279,0.21,0.63,9093.69,5729.0247,3364.6653000000006,0.37000000000000005,2032-03,2032
5362,2028-11-13,West,Technology,Home Office,Storage,7,1506,0.02,0.63,10331.16,6508.6308,3822.5292,0.37,2028-11,2028
5363,2029-11-05,East,Office Supplies,Home Office,Printer,3,1871,0.07,0.67,5220.089999999999,3497.4602999999997,1722.6296999999995,0.32999999999999996,2029-11,2029
5364,2035-07-18,East,Furniture,Consumer,Storage,5,1443,0.05,0.45,6854.25,3084.4125,3769.8375,0.55,2035-07,2035
5365,2026-07-13,East,Office Supplies,Corporate,Monitor,9,472,0.27,0.7,3101.04,2170.7279999999996,930.3120000000004,0.3000000000000001,2026-07,2026
5366,2026-12-18,East,Technology,Home Office,Monitor,2,630,0.05,0.67,1197.0,801.99,395.01,0.33,2026-12,2026
5367,2031-10-05,North,Office Supplies,Corporate,Laptop,1,314,0.01,0.49,310.86,152.3214,158.5386,0.51,2031-10,2031
5368,2028-04-27,East,Office Supplies,Home Office,Chair,8,466,0.18,0.55,3056.96,1681.3280000000002,1375.6319999999998,0.44999999999999996,2028-04,2028
5369,2031-09-19,South,Technology,Corporate,Phone,8,213,0.1,0.64,1533.6000000000001,981.5040000000001,552.096,0.36,2031-09,2031
5370,2031-10-22,South,Technology,Consumer,Monitor,2,1323,0.12,0.6,2328.48,1397.088,931.392,0.4,2031-10,2031
5371,2031-08-03,South,Furniture,Consumer,Storage,8,124,0.04,0.48,952.3199999999999,457.11359999999996,495.2064,0.52,2031-08,2031
5372,2032-02-01,East,Technology,Corporate,Storage,5,1033,0.22,0.48,4028.7000000000003,1933.776,2094.924,0.5199999999999999,2032-02,2032
5373,2030-08-14,South,Furniture,Home Office,Paper,2,1244,0.18,0.68,2040.16,1387.3088000000002,652.8511999999998,0.3199999999999999,2030-08,2030
5374,2025-09-17,North,Office Supplies,Home Office,Paper,7,1865,0.11,0.5,11618.95,5809.475,5809.475,0.5,2025-09,2025
5375,2036-06-21,West,Office Supplies,Consumer,Printer,7,710,0.05,0.5,4721.5,2360.75,2360.75,0.5,2036-06,2036
5376,2028-11-23,East,Furniture,Consumer,Printer,3,957,0.18,0.7,2354.2200000000003,1647.9540000000002,706.2660000000001,0.3,2028-11,2028
5377,2023-08-14,South,Technology,Consumer,Monitor,1,1126,0.23,0.63,867.02,546.2225999999999,320.79740000000004,0.37000000000000005,2023-08,2023
5378,2025-02-15,North,Technology,Home Office,Monitor,4,997,0.09,0.63,3629.08,2286.3204,1342.7595999999999,0.37,2025-02,2025
5379,2030-10-08,West,Office Supplies,Home Office,Desk,2,872,0.01,0.59,1726.56,1018.6703999999999,707.8896000000001,0.4100000000000001,2030-10,2030
5380,2024-11-18,North,Furniture,Consumer,Storage,4,544,0.06,0.62,2045.4399999999998,1268.1727999999998,777.2672,0.38000000000000006,2024-11,2024
5381,2024-06-13,South,Office Supplies,Corporate,Laptop,8,1377,0.2,0.63,8812.800000000001,5552.064,3260.736000000001,0.37000000000000005,2024-06,2024
5382,2032-06-04,North,Office Supplies,Home Office,Chair,2,119,0.3,0.74,166.6,123.28399999999999,43.316,0.26,2032-06,2032
5383,2028-11-23,West,Technology,Consumer,Chair,1,1327,0.0,0.52,1327.0,690.0400000000001,636.9599999999999,0.4799999999999999,2028-11,2028
5384,2026-07-18,South,Furniture,Corporate,Paper,3,905,0.09,0.51,2470.65,1260.0315,1210.6185,0.49,2026-07,2026
5385,2027-03-07,West,Office Supplies,Home Office,Chair,7,1480,0.02,0.47,10152.8,4771.816,5380.9839999999995,0.53,2027-03,2027
5386,2036-01-27,North,Technology,Corporate,Storage,6,227,0.09,0.65,1239.42,805.623,433.797,0.35,2036-01,2036
5387,2030-12-06,East,Office Supplies,Corporate,Printer,6,457,0.12,0.61,2412.96,1471.9056,941.0544,0.39,2030-12,2030
5388,2031-07-01,East,Office Supplies,Home Office,Laptop,7,1415,0.28,0.48,7131.599999999999,3423.1679999999997,3708.432,0.52,2031-07,2031
5389,2029-09-06,East,Technology,Consumer,Chair,8,1297,0.02,0.56,10168.48,5694.348800000001,4474.131199999999,0.4399999999999999,2029-09,2029
5390,2034-04-28,East,Technology,Corporate,Storage,3,1856,0.23,0.5,4287.36,2143.68,2143.68,0.5,2034-04,2034
5391,2033-05-30,West,Furniture,Consumer,Phone,3,1478,0.12,0.55,3901.92,2146.056,1755.864,0.45,2033-05,2033
5392,2025-04-24,East,Office Supplies,Home Office,Monitor,8,980,0.24,0.74,5958.4,4409.215999999999,1549.1840000000002,0.26000000000000006,2025-04,2025
5393,2024-03-22,West,Furniture,Corporate,Desk,7,1160,0.15,0.65,6902.0,4486.3,2415.7,0.35,2024-03,2024
5394,2033-09-20,South,Technology,Corporate,Desk,5,1433,0.01,0.45,7093.35,3192.0075,3901.3425,0.55,2033-09,2033
5395,2031-07-07,East,Technology,Corporate,Chair,4,1784,0.28,0.53,5137.92,2723.0976,2414.8224,0.47,2031-07,2031
5396,2026-05-19,West,Office Supplies,Corporate,Printer,6,1016,0.02,0.45,5974.08,2688.3360000000002,3285.7439999999997,0.5499999999999999,2026-05,2026
5397,2023-08-15,East,Furniture,Corporate,Desk,9,1727,0.18,0.66,12745.26,8411.8716,4333.3884,0.33999999999999997,2023-08,2023
5398,2034-05-06,East,Furniture,Home Office,Desk,6,1705,0.26,0.59,7570.2,4466.418,3103.782,0.41000000000000003,2034-05,2034
5399,2031-02-07,East,Office Supplies,Corporate,Paper,8,1207,0.02,0.75,9462.88,7097.16,2365.7199999999993,0.24999999999999994,2031-02,2031
5400,2028-01-05,West,Office Supplies,Home Office,Desk,1,609,0.17,0.67,505.46999999999997,338.6649,166.80509999999998,0.32999999999999996,2028-01,2028
5401,2033-05-07,North,Furniture,Consumer,Desk,6,543,0.25,0.61,2443.5,1490.5349999999999,952.9650000000001,0.39000000000000007,2033-05,2033
5402,2023-07-06,East,Technology,Home Office,Chair,2,1543,0.3,0.69,2160.2,1490.5379999999998,669.662,0.31000000000000005,2023-07,2023
5403,2030-11-17,East,Technology,Corporate,Paper,3,1328,0.22,0.66,3107.52,2050.9632,1056.5567999999998,0.33999999999999997,2030-11,2030
5404,2029-12-10,South,Office Supplies,Consumer,Storage,6,1611,0.08,0.52,8892.720000000001,4624.214400000001,4268.5056,0.48,2029-12,2029
5405,2028-04-16,North,Furniture,Home Office,Laptop,2,878,0.21,0.61,1387.24,846.2164,541.0236,0.39,2028-04,2028
5406,2031-01-03,West,Furniture,Home Office,Laptop,4,1211,0.21,0.62,3826.76,2372.5912000000003,1454.1688,0.37999999999999995,2031-01,2031
5407,2025-04-28,South,Furniture,Home Office,Printer,6,351,0.21,0.59,1663.74,981.6066,682.1334,0.41000000000000003,2025-04,2025
5408,2028-07-25,East,Technology,Corporate,Storage,5,1846,0.26,0.5,6830.2,3415.1,3415.1,0.5,2028-07,2028
5409,2026-06-06,South,Technology,Corporate,Monitor,6,1978,0.03,0.52,11511.96,5986.2192,5525.7408,0.48,2026-06,2026
5410,2028-02-25,South,Furniture,Home Office,Phone,6,1154,0.03,0.53,6716.28,3559.6284,3156.6515999999997,0.47,2028-02,2028
5411,2023-09-27,East,Furniture,Home Office,Laptop,8,1992,0.19,0.45,12908.160000000002,5808.6720000000005,7099.488000000001,0.55,2023-09,2023
5412,2027-06-19,North,Office Supplies,Consumer,Phone,9,520,0.29,0.73,3322.7999999999997,2425.644,897.156,0.27,2027-06,2027
5413,2035-01-23,North,Office Supplies,Corporate,Laptop,5,1951,0.14,0.66,8389.3,5536.938,2852.361999999999,0.3399999999999999,2035-01,2035
5414,2031-10-09,South,Furniture,Corporate,Paper,6,160,0.29,0.66,681.5999999999999,449.85599999999994,231.74399999999997,0.34,2031-10,2031
5415,2027-04-24,East,Furniture,Consumer,Laptop,6,678,0.28,0.62,2928.96,1815.9552,1113.0048,0.37999999999999995,2027-04,2027
5416,2030-12-02,West,Technology,Home Office,Paper,6,1349,0.27,0.66,5908.62,3899.6892000000003,2008.9307999999996,0.33999999999999997,2030-12,2030
5417,2027-08-23,South,Furniture,Home Office,Paper,2,1458,0.27,0.74,2128.68,1575.2232,553.4567999999999,0.26,2027-08,2027
5418,2031-12-03,West,Office Supplies,Consumer,Printer,4,1962,0.27,0.57,5729.04,3265.5527999999995,2463.4872000000005,0.4300000000000001,2031-12,2031
5419,2031-12-07,South,Technology,Home Office,Desk,1,678,0.25,0.66,508.5,335.61,172.89,0.33999999999999997,2031-12,2031
5420,2026-12-16,South,Office Supplies,Home Office,Printer,1,739,0.21,0.56,583.8100000000001,326.93360000000007,256.8764,0.43999999999999995,2026-12,2026
5421,2023-08-08,East,Office Supplies,Consumer,Paper,1,210,0.01,0.71,207.9,147.609,60.291,0.29,2023-08,2023
5422,2023-02-22,East,Technology,Consumer,Paper,7,590,0.04,0.71,3964.7999999999997,2815.008,1149.792,0.29,2023-02,2023
5423,2027-10-24,West,Office Supplies,Consumer,Laptop,1,1395,0.04,0.72,1339.2,964.224,374.976,0.27999999999999997,2027-10,2027
5424,2027-07-25,West,Furniture,Home Office,Storage,6,1936,0.01,0.45,11499.84,5174.928,6324.912,0.55,2027-07,2027
5425,2030-08-17,North,Office Supplies,Consumer,Desk,2,133,0.04,0.54,255.35999999999999,137.8944,117.4656,0.46,2030-08,2030
5426,2024-12-20,East,Technology,Home Office,Storage,6,311,0.28,0.49,1343.52,658.3248,685.1952,0.51,2024-12,2024
5427,2024-02-10,South,Technology,Corporate,Storage,6,1423,0.2,0.59,6830.400000000001,4029.936,2800.4640000000004,0.41000000000000003,2024-02,2024
5428,2029-04-13,South,Technology,Corporate,Storage,3,1496,0.09,0.6,4084.08,2450.448,1633.632,0.4,2029-04,2029
5429,2023-03-13,North,Office Supplies,Consumer,Desk,8,224,0.24,0.53,1361.92,721.8176000000001,640.1024,0.47,2023-03,2023
5430,2028-08-15,East,Furniture,Home Office,Storage,4,1226,0.15,0.67,4168.4,2792.828,1375.5719999999997,0.32999999999999996,2028-08,2028
5431,2026-05-14,South,Technology,Home Office,Desk,7,1841,0.04,0.53,12371.52,6556.905600000001,5814.6143999999995,0.4699999999999999,2026-05,2026
5432,2027-04-17,North,Furniture,Home Office,Phone,4,1243,0.27,0.71,3629.56,2576.9876,1052.5724,0.29000000000000004,2027-04,2027
5433,2033-01-30,North,Technology,Consumer,Paper,1,1805,0.1,0.5,1624.5,812.25,812.25,0.5,2033-01,2033
5434,2031-02-01,South,Furniture,Home Office,Monitor,6,1670,0.21,0.56,7915.8,4432.848000000001,3482.9519999999993,0.4399999999999999,2031-02,2031
5435,2035-04-10,South,Furniture,Home Office,Laptop,5,993,0.09,0.64,4518.150000000001,2891.6160000000004,1626.534,0.36,2035-04,2035
5436,2024-11-29,West,Furniture,Home Office,Chair,9,430,0.15,0.63,3289.5,2072.385,1217.1149999999998,0.36999999999999994,2024-11,2024
5437,2025-04-06,East,Technology,Corporate,Storage,9,1881,0.24,0.47,12866.04,6047.0388,6819.001200000001,0.53,2025-04,2025
5438,2023-12-15,West,Office Supplies,Home Office,Printer,8,1975,0.05,0.7,15010.0,10507.0,4503.0,0.3,2023-12,2023
5439,2033-09-13,North,Office Supplies,Corporate,Phone,7,1432,0.29,0.63,7117.04,4483.7352,2633.3048,0.37,2033-09,2033
5440,2023-11-04,South,Office Supplies,Home Office,Printer,2,1693,0.02,0.71,3318.2799999999997,2355.9788,962.3011999999999,0.29,2023-11,2023
5441,2032-05-09,West,Furniture,Home Office,Chair,8,511,0.16,0.71,3433.92,2438.0832,995.8368,0.29,2032-05,2032
5442,2029-05-23,North,Technology,Home Office,Desk,3,1522,0.27,0.61,3333.18,2033.2397999999998,1299.9402,0.39,2029-05,2029
5443,2036-04-23,East,Furniture,Corporate,Chair,6,1033,0.28,0.72,4462.5599999999995,3213.0431999999996,1249.5167999999999,0.28,2036-04,2036
5444,2036-03-13,South,Technology,Home Office,Printer,7,1429,0.07,0.7,9302.789999999999,6511.952999999999,2790.8370000000004,0.3000000000000001,2036-03,2036
5445,2030-09-10,West,Furniture,Consumer,Paper,6,1776,0.04,0.74,10229.76,7570.0224,2659.7376000000004,0.26,2030-09,2030
5446,2032-09-28,East,Technology,Home Office,Paper,5,1746,0.22,0.71,6809.400000000001,4834.674,1974.7260000000006,0.29000000000000004,2032-09,2032
5447,2035-04-06,West,Technology,Corporate,Chair,4,1286,0.01,0.7,5092.56,3564.792,1527.7680000000005,0.30000000000000004,2035-04,2035
5448,2032-07-09,North,Technology,Corporate,Paper,2,1746,0.15,0.59,2968.2,1751.2379999999998,1216.962,0.41000000000000003,2032-07,2032
5449,2035-08-26,East,Furniture,Consumer,Laptop,9,763,0.24,0.51,5218.92,2661.6492000000003,2557.2708,0.48999999999999994,2035-08,2035
5450,2030-05-10,West,Office Supplies,Consumer,Chair,7,1188,0.17,0.72,6902.28,4969.6416,1932.6383999999998,0.27999999999999997,2030-05,2030
5451,2031-03-05,East,Furniture,Consumer,Storage,7,1741,0.06,0.67,11455.779999999999,7675.3726,3780.407399999999,0.32999999999999996,2031-03,2031
5452,2023-10-03,North,Furniture,Corporate,Laptop,4,1339,0.15,0.53,4552.599999999999,2412.8779999999997,2139.7219999999998,0.47000000000000003,2023-10,2023
5453,2029-12-22,East,Technology,Home Office,Storage,5,702,0.28,0.55,2527.2,1389.96,1137.2399999999998,0.44999999999999996,2029-12,2029
5454,2030-07-27,West,Technology,Home Office,Monitor,6,125,0.19,0.66,607.5,400.95000000000005,206.54999999999995,0.3399999999999999,2030-07,2030
5455,2023-12-03,North,Office Supplies,Consumer,Monitor,2,768,0.22,0.59,1198.08,706.8671999999999,491.2128,0.41000000000000003,2023-12,2023
5456,2028-05-27,South,Office Supplies,Consumer,Chair,4,683,0.1,0.47,2458.8,1155.636,1303.1640000000002,0.53,2028-05,2028
5457,2031-02-27,West,Technology,Home Office,Laptop,4,1167,0.06,0.49,4387.92,2150.0808,2237.8392,0.51,2031-02,2031
5458,2035-07-13,West,Office Supplies,Consumer,Paper,4,1213,0.08,0.67,4463.84,2990.7728,1473.0672,0.32999999999999996,2035-07,2035
5459,2033-11-12,North,Office Supplies,Home Office,Laptop,7,1256,0.16,0.55,7385.28,4061.904,3323.3759999999997,0.44999999999999996,2033-11,2033
5460,2025-06-29,North,Technology,Home Office,Monitor,7,1284,0.08,0.6,8268.960000000001,4961.376,3307.5840000000007,0.4,2025-06,2025
5461,2028-06-19,South,Furniture,Home Office,Chair,7,1867,0.16,0.68,10977.96,7465.0127999999995,3512.9471999999996,0.32,2028-06,2028
5462,2031-07-27,West,Office Supplies,Home Office,Phone,7,479,0.21,0.68,2648.8700000000003,1801.2316000000003,847.6384,0.31999999999999995,2031-07,2031
5463,2034-07-06,North,Technology,Corporate,Desk,2,1384,0.22,0.5,2159.04,1079.52,1079.52,0.5,2034-07,2034
5464,2033-04-15,South,Office Supplies,Home Office,Desk,5,1506,0.05,0.48,7153.5,3433.68,3719.82,0.52,2033-04,2033
5465,2023-11-24,South,Office Supplies,Consumer,Desk,2,468,0.23,0.63,720.72,454.0536,266.6664,0.37,2023-11,2023
5466,2027-12-05,North,Technology,Consumer,Paper,5,1234,0.2,0.67,4936.0,3307.1200000000003,1628.8799999999997,0.3299999999999999,2027-12,2027
5467,2023-11-11,West,Office Supplies,Consumer,Laptop,6,1799,0.0,0.49,10794.0,5289.0599999999995,5504.9400000000005,0.51,2023-11,2023
5468,2032-09-15,East,Office Supplies,Consumer,Paper,3,1200,0.02,0.56,3528.0,1975.6800000000003,1552.3199999999997,0.4399999999999999,2032-09,2032
5469,2026-02-08,East,Office Supplies,Corporate,Monitor,6,308,0.19,0.71,1496.88,1062.7848000000001,434.0952,0.29,2026-02,2026
5470,2030-07-09,South,Furniture,Home Office,Desk,5,1136,0.12,0.73,4998.4,3648.8319999999994,1349.5680000000002,0.2700000000000001,2030-07,2030
5471,2036-05-08,East,Furniture,Home Office,Monitor,4,1693,0.04,0.59,6501.12,3835.6607999999997,2665.4592000000002,0.41000000000000003,2036-05,2036
5472,2027-03-01,East,Office Supplies,Consumer,Laptop,9,1979,0.01,0.47,17632.89,8287.458299999998,9345.431700000001,0.53,2027-03,2027
5473,2023-06-05,North,Technology,Consumer,Monitor,8,1671,0.05,0.53,12699.599999999999,6730.788,5968.811999999999,0.47,2023-06,2023
5474,2027-09-21,South,Office Supplies,Consumer,Phone,7,124,0.29,0.52,616.28,320.4656,295.8144,0.48,2027-09,2027
5475,2032-02-26,West,Office Supplies,Home Office,Paper,1,645,0.22,0.52,503.1,261.612,241.488,0.48,2032-02,2032
5476,2025-06-05,South,Furniture,Corporate,Chair,9,1263,0.16,0.6,9548.279999999999,5728.967999999999,3819.312,0.4,2025-06,2025
5477,2031-06-01,North,Furniture,Corporate,Monitor,9,374,0.28,0.62,2423.52,1502.5824,920.9376,0.38,2031-06,2031
5478,2030-09-06,East,Furniture,Corporate,Monitor,6,1493,0.19,0.49,7255.9800000000005,3555.4302000000002,3700.5498000000002,0.51,2030-09,2030
5479,2024-12-22,West,Office Supplies,Corporate,Chair,7,973,0.22,0.72,5312.58,3825.0575999999996,1487.5224000000003,0.2800000000000001,2024-12,2024
5480,2025-07-01,South,Office Supplies,Consumer,Laptop,3,321,0.08,0.64,885.96,567.0144,318.9456,0.36,2025-07,2025
5481,2032-03-11,East,Technology,Home Office,Laptop,5,1160,0.18,0.63,4756.0,2996.28,1759.7199999999998,0.36999999999999994,2032-03,2032
5482,2025-05-20,South,Office Supplies,Consumer,Paper,7,974,0.04,0.75,6545.28,4908.96,1636.3199999999997,0.24999999999999997,2025-05,2025
5483,2034-04-01,West,Office Supplies,Corporate,Monitor,1,1252,0.12,0.64,1101.76,705.1264,396.6336,0.36,2034-04,2034
5484,2024-05-12,South,Furniture,Consumer,Phone,1,1439,0.01,0.73,1424.61,1039.9652999999998,384.64470000000006,0.2700000000000001,2024-05,2024
5485,2027-10-23,South,Furniture,Corporate,Desk,5,1446,0.06,0.54,6796.2,3669.9480000000003,3126.2519999999995,0.45999999999999996,2027-10,2027
5486,2026-01-22,South,Furniture,Home Office,Phone,9,1556,0.02,0.52,13723.92,7136.4384,6587.4816,0.48,2026-01,2026
5487,2032-05-02,East,Furniture,Corporate,Chair,7,317,0.12,0.6,1952.72,1171.632,781.088,0.39999999999999997,2032-05,2032
5488,2030-09-29,West,Furniture,Consumer,Chair,1,1970,0.25,0.6,1477.5,886.5,591.0,0.4,2030-09,2030
5489,2027-07-06,West,Technology,Home Office,Storage,5,1371,0.11,0.52,6100.95,3172.494,2928.4559999999997,0.48,2027-07,2027
5490,2031-03-03,East,Technology,Corporate,Desk,8,210,0.25,0.66,1260.0,831.6,428.4,0.33999999999999997,2031-03,2031
5491,2023-05-23,East,Technology,Corporate,Monitor,8,915,0.2,0.46,5856.0,2693.76,3162.24,0.5399999999999999,2023-05,2023
5492,2030-07-24,East,Furniture,Home Office,Chair,2,1855,0.15,0.66,3153.5,2081.31,1072.19,0.34,2030-07,2030
5493,2032-05-28,North,Furniture,Consumer,Storage,7,807,0.07,0.59,5253.57,3099.6062999999995,2153.9637000000002,0.4100000000000001,2032-05,2032
5494,2035-10-05,South,Furniture,Home Office,Laptop,5,246,0.28,0.66,885.6,584.4960000000001,301.1039999999999,0.3399999999999999,2035-10,2035
5495,2029-08-28,South,Technology,Consumer,Chair,9,1467,0.02,0.59,12938.94,7633.9746,5304.965400000001,0.41000000000000003,2029-08,2029
5496,2035-05-10,West,Furniture,Corporate,Printer,3,1632,0.21,0.74,3867.84,2862.2016,1005.6384000000003,0.26000000000000006,2035-05,2035
5497,2028-01-23,South,Technology,Corporate,Desk,1,1628,0.19,0.55,1318.68,725.2740000000001,593.406,0.44999999999999996,2028-01,2028
5498,2030-05-20,North,Furniture,Home Office,Storage,4,651,0.13,0.74,2265.48,1676.4552,589.0247999999999,0.25999999999999995,2030-05,2030
5499,2027-09-14,East,Office Supplies,Corporate,Desk,7,233,0.07,0.47,1516.83,712.9100999999999,803.9199,0.53,2027-09,2027
5500,2031-05-31,West,Technology,Home Office,Desk,1,563,0.13,0.66,489.81,323.2746,166.53539999999998,0.33999999999999997,2031-05,2031
5501,2025-12-03,West,Office Supplies,Corporate,Printer,2,963,0.26,0.59,1425.24,840.8915999999999,584.3484000000001,0.41000000000000003,2025-12,2025
5502,2030-08-18,South,Technology,Corporate,Phone,5,1314,0.25,0.7,4927.5,3449.25,1478.25,0.3,2030-08,2030
5503,2033-05-19,West,Furniture,Consumer,Laptop,9,1286,0.28,0.69,8333.279999999999,5749.963199999998,2583.3168000000005,0.3100000000000001,2033-05,2033
5504,2026-07-12,East,Furniture,Home Office,Desk,1,555,0.09,0.69,505.05,348.48449999999997,156.56550000000004,0.31000000000000005,2026-07,2026
5505,2033-08-07,West,Office Supplies,Home Office,Chair,4,1184,0.12,0.48,4167.68,2000.4864,2167.1936000000005,0.5200000000000001,2033-08,2033
5506,2027-12-12,East,Furniture,Corporate,Paper,3,1128,0.01,0.7,3350.16,2345.1119999999996,1005.0480000000002,0.3000000000000001,2027-12,2027
5507,2027-02-13,North,Technology,Consumer,Laptop,5,1160,0.28,0.51,4176.0,2129.76,2046.2399999999998,0.48999999999999994,2027-02,2027
5508,2032-01-22,North,Furniture,Consumer,Chair,5,559,0.1,0.46,2515.5,1157.13,1358.37,0.5399999999999999,2032-01,2032
5509,2031-01-30,East,Furniture,Home Office,Laptop,2,1340,0.12,0.52,2358.4,1226.3680000000002,1132.032,0.4799999999999999,2031-01,2031
5510,2023-03-13,South,Technology,Home Office,Monitor,5,1860,0.27,0.59,6789.0,4005.5099999999998,2783.4900000000002,0.41000000000000003,2023-03,2023
5511,2027-08-18,West,Office Supplies,Corporate,Laptop,9,1851,0.16,0.67,13993.56,9375.6852,4617.8748,0.32999999999999996,2027-08,2027
5512,2026-09-06,South,Office Supplies,Home Office,Storage,5,238,0.17,0.52,987.6999999999999,513.6039999999999,474.096,0.48000000000000004,2026-09,2026
5513,2032-01-17,West,Furniture,Corporate,Chair,2,717,0.05,0.48,1362.3,653.904,708.396,0.52,2032-01,2032
5514,2031-07-11,North,Technology,Consumer,Paper,7,1222,0.15,0.64,7270.9,4653.376,2617.5239999999994,0.35999999999999993,2031-07,2031
5515,2025-06-01,North,Office Supplies,Home Office,Chair,6,779,0.28,0.75,3365.2799999999997,2523.96,841.3199999999997,0.24999999999999994,2025-06,2025
5516,2034-08-05,North,Office Supplies,Consumer,Monitor,7,1060,0.17,0.63,6158.599999999999,3879.9179999999997,2278.682,0.37,2034-08,2034
5517,2030-04-16,West,Furniture,Consumer,Laptop,8,1387,0.08,0.66,10208.32,6737.4912,3470.8287999999993,0.33999999999999997,2030-04,2030
5518,2027-02-13,North,Technology,Corporate,Desk,5,698,0.01,0.62,3455.1,2142.162,1312.938,0.38000000000000006,2027-02,2027
5519,2029-09-29,North,Office Supplies,Consumer,Paper,2,695,0.1,0.68,1251.0,850.6800000000001,400.31999999999994,0.31999999999999995,2029-09,2029
5520,2029-12-28,North,Furniture,Corporate,Chair,7,1347,0.17,0.74,7826.07,5791.2918,2034.7781999999997,0.25999999999999995,2029-12,2029
5521,2025-01-02,North,Furniture,Corporate,Monitor,7,110,0.01,0.61,762.3,465.003,297.29699999999997,0.38999999999999996,2025-01,2025
5522,2027-10-15,South,Furniture,Consumer,Paper,8,426,0.18,0.58,2794.5600000000004,1620.8448,1173.7152000000003,0.42000000000000004,2027-10,2027
5523,2033-09-29,North,Furniture,Consumer,Printer,7,1821,0.16,0.71,10707.48,7602.310799999999,3105.1692000000003,0.29000000000000004,2033-09,2033
5524,2024-02-28,North,Office Supplies,Corporate,Printer,7,1473,0.24,0.74,7836.36,5798.9064,2037.4535999999998,0.26,2024-02,2024
5525,2032-07-10,South,Technology,Corporate,Laptop,9,478,0.01,0.49,4258.98,2086.9001999999996,2172.0798,0.51,2032-07,2032
5526,2027-05-11,South,Furniture,Consumer,Phone,8,330,0.23,0.62,2032.8,1260.336,772.4639999999999,0.38,2027-05,2027
5527,2035-04-13,West,Furniture,Corporate,Laptop,2,1264,0.16,0.69,2123.52,1465.2287999999999,658.2912000000001,0.31000000000000005,2035-04,2035
5528,2035-02-24,East,Office Supplies,Corporate,Monitor,2,717,0.11,0.61,1276.26,778.5186,497.7414,0.39,2035-02,2035
5529,2035-11-23,North,Furniture,Home Office,Laptop,7,864,0.29,0.57,4294.08,2447.6256,1846.4544,0.43000000000000005,2035-11,2035
5530,2024-05-07,North,Furniture,Home Office,Desk,3,148,0.05,0.65,421.79999999999995,274.16999999999996,147.63,0.35000000000000003,2024-05,2024
5531,2023-07-11,North,Technology,Home Office,Desk,1,550,0.16,0.53,462.0,244.86,217.14,0.47,2023-07,2023
5532,2024-05-13,West,Furniture,Home Office,Storage,9,1898,0.1,0.55,15373.800000000001,8455.590000000002,6918.209999999999,0.4499999999999999,2024-05,2024
5533,2036-06-18,North,Office Supplies,Home Office,Monitor,3,590,0.16,0.75,1486.8,1115.1,371.70000000000005,0.25000000000000006,2036-06,2036
5534,2026-06-10,East,Technology,Corporate,Phone,1,1328,0.17,0.64,1102.24,705.4336000000001,396.80639999999994,0.35999999999999993,2026-06,2026
5535,2028-05-22,South,Office Supplies,Corporate,Paper,6,1992,0.03,0.71,11593.44,8231.3424,3362.097600000001,0.2900000000000001,2028-05,2028
5536,2034-11-01,West,Technology,Home Office,Monitor,4,1532,0.2,0.69,4902.400000000001,3382.656,1519.7440000000006,0.3100000000000001,2034-11,2034
5537,2028-12-26,South,Technology,Consumer,Monitor,1,506,0.19,0.65,409.86,266.409,143.45100000000002,0.35000000000000003,2028-12,2028
5538,2025-03-27,North,Furniture,Home Office,Phone,4,1174,0.23,0.7,3615.92,2531.144,1084.7760000000003,0.3000000000000001,2025-03,2025
5539,2031-10-26,North,Furniture,Consumer,Monitor,8,274,0.03,0.54,2126.24,1148.1696,978.0703999999998,0.45999999999999996,2031-10,2031
5540,2027-01-13,North,Furniture,Corporate,Phone,7,1860,0.09,0.64,11848.2,7582.848000000001,4265.352,0.36,2027-01,2027
5541,2025-12-22,East,Office Supplies,Consumer,Phone,1,1384,0.2,0.63,1107.2,697.5360000000001,409.664,0.37,2025-12,2025
5542,2034-07-01,East,Furniture,Corporate,Phone,9,579,0.04,0.64,5002.5599999999995,3201.6384,1800.9215999999997,0.36,2034-07,2034
5543,2028-02-18,West,Furniture,Consumer,Monitor,6,1857,0.2,0.5,8913.6,4456.8,4456.8,0.5,2028-02,2028
5544,2025-05-20,South,Technology,Corporate,Monitor,2,322,0.02,0.53,631.12,334.4936,296.6264,0.47,2025-05,2025
5545,2036-01-16,North,Furniture,Corporate,Laptop,3,368,0.1,0.54,993.6,536.5440000000001,457.0559999999999,0.4599999999999999,2036-01,2036
5546,2028-08-04,North,Furniture,Home Office,Monitor,7,909,0.25,0.63,4772.25,3006.5175,1765.7325,0.37,2028-08,2028
5547,2023-09-30,North,Furniture,Corporate,Laptop,3,992,0.23,0.74,2291.52,1695.7248,595.7952,0.26,2023-09,2023
5548,2025-10-26,North,Furniture,Home Office,Storage,3,1000,0.19,0.74,2430.0,1798.2,631.8,0.26,2025-10,2025
5549,2031-10-24,East,Technology,Home Office,Printer,5,1018,0.26,0.52,3766.6,1958.632,1807.9679999999998,0.48,2031-10,2031
5550,2034-02-21,South,Furniture,Home Office,Printer,3,417,0.21,0.54,988.2900000000001,533.6766000000001,454.61339999999996,0.4599999999999999,2034-02,2034
5551,2025-11-17,South,Technology,Consumer,Storage,3,484,0.16,0.46,1219.68,561.0528,658.6272,0.54,2025-11,2025
5552,2034-01-16,West,Office Supplies,Consumer,Storage,5,1709,0.29,0.57,6066.95,3458.1614999999997,2608.7885,0.43000000000000005,2034-01,2034
5553,2027-04-23,East,Furniture,Corporate,Chair,5,725,0.21,0.7,2863.75,2004.6249999999998,859.1250000000002,0.3000000000000001,2027-04,2027
5554,2031-09-26,North,Furniture,Home Office,Laptop,9,1342,0.18,0.72,9903.960000000001,7130.8512,2773.108800000001,0.2800000000000001,2031-09,2031
5555,2035-01-06,South,Furniture,Home Office,Phone,1,1177,0.12,0.52,1035.76,538.5952,497.1648,0.48000000000000004,2035-01,2035
5556,2033-05-25,South,Technology,Corporate,Paper,1,1323,0.27,0.53,965.79,511.8687,453.9213,0.47,2033-05,2033
5557,2032-01-03,East,Furniture,Home Office,Chair,9,742,0.09,0.52,6076.9800000000005,3160.0296000000003,2916.9504,0.48,2032-01,2032
5558,2033-04-05,West,Furniture,Corporate,Desk,5,1462,0.0,0.56,7310.0,4093.6000000000004,3216.3999999999996,0.43999999999999995,2033-04,2033
5559,2028-10-06,West,Office Supplies,Home Office,Laptop,4,803,0.06,0.69,3019.2799999999997,2083.3032,935.9767999999999,0.31,2028-10,2028
5560,2023-11-04,North,Technology,Consumer,Monitor,2,1814,0.03,0.64,3519.16,2252.2624,1266.8975999999998,0.35999999999999993,2023-11,2023
5561,2032-03-13,West,Technology,Corporate,Storage,9,404,0.1,0.69,3272.4,2257.9559999999997,1014.4440000000004,0.3100000000000001,2032-03,2032
5562,2031-09-12,South,Office Supplies,Corporate,Printer,6,1922,0.25,0.62,8649.0,5362.38,3286.62,0.38,2031-09,2031
5563,2026-06-05,West,Technology,Consumer,Laptop,9,1875,0.2,0.53,13500.0,7155.0,6345.0,0.47,2026-06,2026
5564,2030-07-10,North,Furniture,Corporate,Storage,5,1368,0.05,0.52,6498.0,3378.96,3119.04,0.48,2030-07,2030
5565,2027-02-26,South,Furniture,Consumer,Paper,4,941,0.24,0.45,2860.64,1287.288,1573.3519999999999,0.5499999999999999,2027-02,2027
5566,2026-10-10,West,Office Supplies,Home Office,Paper,7,1752,0.15,0.68,10424.4,7088.592000000001,3335.807999999999,0.3199999999999999,2026-10,2026
5567,2036-05-23,West,Technology,Consumer,Laptop,5,1331,0.15,0.7,5656.75,3959.725,1697.025,0.3,2036-05,2036
5568,2036-09-01,East,Technology,Consumer,Monitor,8,1847,0.11,0.68,13150.64,8942.4352,4208.2047999999995,0.31999999999999995,2036-09,2036
5569,2028-05-15,North,Technology,Corporate,Laptop,8,610,0.26,0.47,3611.2,1697.264,1913.936,0.53,2028-05,2028
5570,2034-10-15,West,Office Supplies,Home Office,Monitor,2,1382,0.1,0.68,2487.6,1691.568,796.0319999999999,0.32,2034-10,2034
5571,2030-11-03,East,Furniture,Consumer,Laptop,5,1503,0.03,0.46,7289.55,3353.193,3936.357,0.54,2030-11,2030
5572,2030-04-10,South,Office Supplies,Home Office,Desk,8,262,0.09,0.48,1907.3600000000001,915.5328000000001,991.8272000000001,0.52,2030-04,2030
5573,2029-10-30,East,Furniture,Consumer,Printer,3,837,0.21,0.58,1983.69,1150.5402,833.1498000000001,0.42000000000000004,2029-10,2029
5574,2035-07-04,East,Office Supplies,Corporate,Laptop,7,440,0.2,0.59,2464.0,1453.76,1010.24,0.41000000000000003,2035-07,2035
5575,2033-12-19,West,Furniture,Consumer,Storage,3,1031,0.06,0.69,2907.4199999999996,2006.1197999999995,901.3002000000001,0.3100000000000001,2033-12,2033
5576,2032-10-03,West,Technology,Consumer,Desk,6,1699,0.03,0.65,9888.18,6427.317,3460.8630000000003,0.35000000000000003,2032-10,2032
5577,2025-07-11,West,Technology,Home Office,Paper,2,1881,0.2,0.5,3009.6000000000004,1504.8000000000002,1504.8000000000002,0.5,2025-07,2025
5578,2034-08-03,East,Technology,Consumer,Chair,6,629,0.2,0.52,3019.2000000000003,1569.9840000000002,1449.2160000000001,0.48,2034-08,2034
5579,2035-03-21,South,Office Supplies,Corporate,Laptop,6,133,0.11,0.54,710.22,383.51880000000006,326.7012,0.45999999999999996,2035-03,2035
5580,2031-02-07,North,Office Supplies,Corporate,Monitor,8,1947,0.25,0.49,11682.0,5724.18,5957.82,0.51,2031-02,2031
5581,2023-07-03,East,Office Supplies,Consumer,Desk,5,1097,0.29,0.54,3894.35,2102.949,1791.4009999999998,0.45999999999999996,2023-07,2023
5582,2032-03-12,West,Technology,Consumer,Phone,1,422,0.06,0.67,396.67999999999995,265.7756,130.90439999999995,0.3299999999999999,2032-03,2032
5583,2026-10-30,North,Furniture,Home Office,Chair,8,1304,0.17,0.52,8658.56,4502.4511999999995,4156.1088,0.48000000000000004,2026-10,2026
5584,2030-08-28,South,Technology,Home Office,Printer,9,446,0.0,0.7,4014.0,2809.7999999999997,1204.2000000000003,0.30000000000000004,2030-08,2030
5585,2024-06-20,North,Technology,Corporate,Laptop,1,1829,0.21,0.59,1444.91,852.4969,592.4131000000001,0.41000000000000003,2024-06,2024
5586,2026-06-27,West,Furniture,Home Office,Laptop,5,1315,0.12,0.55,5786.0,3182.3,2603.7,0.44999999999999996,2026-06,2026
5587,2031-02-15,East,Furniture,Consumer,Desk,6,1702,0.06,0.57,9599.279999999999,5471.589599999998,4127.6904,0.4300000000000001,2031-02,2031
5588,2031-05-08,East,Furniture,Corporate,Paper,4,820,0.23,0.66,2525.6,1666.896,858.704,0.33999999999999997,2031-05,2031
5589,2026-01-01,West,Furniture,Home Office,Printer,2,1802,0.24,0.61,2739.04,1670.8144,1068.2256,0.39,2026-01,2026
5590,2026-07-29,East,Technology,Corporate,Phone,5,1369,0.03,0.45,6639.65,2987.8424999999997,3651.8075,0.55,2026-07,2026
5591,2025-07-04,West,Office Supplies,Consumer,Chair,4,344,0.01,0.73,1362.24,994.4352,367.8048,0.27,2025-07,2025
5592,2031-06-09,East,Technology,Home Office,Storage,7,777,0.1,0.47,4895.1,2300.697,2594.4030000000002,0.53,2031-06,2031
5593,2034-08-18,East,Furniture,Consumer,Printer,6,1931,0.19,0.73,9384.66,6850.801799999999,2533.8582000000006,0.2700000000000001,2034-08,2034
5594,2025-10-25,East,Office Supplies,Consumer,Laptop,3,1014,0.24,0.46,2311.92,1063.4832000000001,1248.4368,0.5399999999999999,2025-10,2025
5595,2028-05-31,South,Office Supplies,Corporate,Desk,9,822,0.16,0.68,6214.32,4225.7376,1988.5823999999993,0.3199999999999999,2028-05,2028
5596,2032-03-08,South,Technology,Corporate,Phone,4,1103,0.17,0.61,3661.96,2233.7956,1428.1644000000001,0.39,2032-03,2032
5597,2029-11-16,West,Technology,Corporate,Desk,5,232,0.24,0.6,881.6,528.96,352.64,0.39999999999999997,2029-11,2029
5598,2023-09-28,South,Technology,Home Office,Chair,3,1320,0.16,0.47,3326.4,1563.408,1762.9920000000002,0.53,2023-09,2023
5599,2026-04-01,West,Office Supplies,Home Office,Monitor,8,1009,0.18,0.52,6619.040000000001,3441.9008000000003,3177.1392000000005,0.48000000000000004,2026-04,2026
5600,2035-06-22,North,Office Supplies,Corporate,Monitor,7,1470,0.15,0.68,8746.5,5947.620000000001,2798.879999999999,0.3199999999999999,2035-06,2035
5601,2034-07-02,North,Office Supplies,Home Office,Printer,7,148,0.26,0.72,766.64,551.9807999999999,214.65920000000006,0.2800000000000001,2034-07,2034
5602,2033-04-22,South,Furniture,Home Office,Desk,8,1187,0.07,0.61,8831.279999999999,5387.080799999999,3444.1992,0.39000000000000007,2033-04,2033
5603,2029-07-26,North,Furniture,Corporate,Storage,7,1747,0.08,0.56,11250.68,6300.380800000001,4950.2991999999995,0.43999999999999995,2029-07,2029
5604,2035-05-27,North,Technology,Consumer,Storage,3,1991,0.04,0.47,5734.08,2695.0175999999997,3039.0624000000003,0.53,2035-05,2035
5605,2034-08-06,East,Office Supplies,Home Office,Monitor,3,1820,0.25,0.65,4095.0,2661.75,1433.25,0.35,2034-08,2034
5606,2034-06-14,East,Technology,Home Office,Monitor,2,1227,0.12,0.53,2159.52,1144.5456000000001,1014.9743999999998,0.4699999999999999,2034-06,2034
5607,2027-09-08,West,Office Supplies,Consumer,Desk,1,312,0.1,0.47,280.8,131.976,148.824,0.53,2027-09,2027
5608,2029-02-08,North,Technology,Consumer,Paper,5,1640,0.29,0.65,5822.0,3784.3,2037.6999999999998,0.35,2029-02,2029
5609,2023-05-09,West,Furniture,Consumer,Laptop,4,218,0.28,0.6,627.84,376.704,251.13600000000002,0.4,2023-05,2023
5610,2026-06-23,West,Office Supplies,Corporate,Desk,2,955,0.29,0.45,1356.1,610.245,745.8549999999999,0.5499999999999999,2026-06,2026
5611,2033-01-20,North,Furniture,Consumer,Phone,1,860,0.04,0.48,825.6,396.288,429.312,0.52,2033-01,2033
5612,2027-05-21,South,Office Supplies,Corporate,Printer,3,778,0.27,0.66,1703.82,1124.5212,579.2988,0.34,2027-05,2027
5613,2036-01-18,North,Technology,Consumer,Chair,6,994,0.1,0.47,5367.6,2522.772,2844.8280000000004,0.53,2036-01,2036
5614,2033-11-14,East,Office Supplies,Consumer,Paper,2,1365,0.0,0.71,2730.0,1938.3,791.7,0.29000000000000004,2033-11,2033
5615,2034-08-15,North,Furniture,Corporate,Storage,7,379,0.12,0.54,2334.64,1260.7056,1073.9343999999999,0.45999999999999996,2034-08,2034
5616,2036-07-18,South,Office Supplies,Corporate,Paper,7,523,0.15,0.48,3111.85,1493.6879999999999,1618.162,0.52,2036-07,2036
5617,2024-09-19,West,Technology,Consumer,Desk,3,462,0.03,0.68,1344.42,914.2056000000001,430.21439999999996,0.31999999999999995,2024-09,2024
5618,2033-05-25,West,Office Supplies,Consumer,Phone,1,1120,0.16,0.61,940.8,573.8879999999999,366.91200000000003,0.39000000000000007,2033-05,2033
5619,2028-08-06,East,Furniture,Consumer,Paper,9,1873,0.25,0.54,12642.75,6827.085,5815.665,0.46,2028-08,2028
5620,2032-09-22,East,Technology,Home Office,Monitor,5,1429,0.11,0.57,6359.05,3624.6585,2734.3915,0.43,2032-09,2032
5621,2036-08-19,East,Furniture,Consumer,Storage,2,1840,0.11,0.46,3275.2000000000003,1506.592,1768.6080000000002,0.54,2036-08,2036
5622,2029-05-30,West,Office Supplies,Corporate,Paper,8,1609,0.1,0.65,11584.800000000001,7530.120000000001,4054.6800000000003,0.35,2029-05,2029
5623,2031-10-20,East,Furniture,Home Office,Storage,4,413,0.28,0.56,1189.44,666.0864000000001,523.3535999999999,0.4399999999999999,2031-10,2031
5624,2023-09-07,North,Office Supplies,Corporate,Chair,7,1636,0.01,0.66,11337.48,7482.7368,3854.7432,0.34,2023-09,2023
5625,2031-01-04,West,Technology,Home Office,Storage,5,1806,0.13,0.64,7856.1,5027.904,2828.196,0.36,2031-01,2031
5626,2025-09-01,South,Furniture,Home Office,Paper,3,1290,0.08,0.65,3560.4,2314.26,1246.1399999999999,0.35,2025-09,2025
5627,2026-08-18,West,Furniture,Corporate,Phone,8,1517,0.27,0.69,8859.28,6112.9032,2746.376800000001,0.31000000000000005,2026-08,2026
5628,2025-09-10,North,Office Supplies,Home Office,Storage,2,869,0.03,0.64,1685.86,1078.9504,606.9096,0.36,2025-09,2025
5629,2025-06-07,North,Furniture,Corporate,Storage,1,1186,0.12,0.58,1043.68,605.3344,438.3456000000001,0.4200000000000001,2025-06,2025
5630,2031-01-16,East,Furniture,Consumer,Desk,5,371,0.12,0.57,1632.4,930.468,701.9320000000001,0.43000000000000005,2031-01,2031
5631,2028-10-18,West,Technology,Home Office,Desk,4,1160,0.27,0.49,3387.2,1659.7279999999998,1727.472,0.51,2028-10,2028
5632,2030-04-26,West,Office Supplies,Corporate,Monitor,7,1139,0.06,0.68,7494.62,5096.341600000001,2398.2783999999992,0.3199999999999999,2030-04,2030
5633,2036-08-10,West,Office Supplies,Home Office,Printer,9,1889,0.19,0.68,13770.810000000001,9364.150800000001,4406.6592,0.31999999999999995,2036-08,2036
5634,2026-08-19,South,Technology,Corporate,Laptop,6,442,0.04,0.52,2545.92,1323.8784,1222.0416,0.48,2026-08,2026
5635,2024-04-15,East,Technology,Consumer,Phone,1,445,0.29,0.71,315.95,224.32449999999997,91.62550000000002,0.29000000000000004,2024-04,2024
5636,2028-06-10,North,Office Supplies,Consumer,Laptop,8,1971,0.18,0.63,12929.76,8145.7488,4784.0112,0.37,2028-06,2028
5637,2023-04-01,North,Technology,Home Office,Laptop,2,1662,0.19,0.59,2692.44,1588.5395999999998,1103.9004000000002,0.4100000000000001,2023-04,2023
5638,2024-06-13,East,Technology,Home Office,Storage,4,1746,0.13,0.46,6076.08,2794.9968,3281.0832,0.54,2024-06,2024
5639,2036-01-09,North,Technology,Corporate,Paper,3,332,0.1,0.56,896.4,501.98400000000004,394.41599999999994,0.43999999999999995,2036-01,2036
5640,2034-02-11,North,Office Supplies,Corporate,Monitor,6,1089,0.06,0.64,6141.96,3930.8544,2211.1056,0.36,2034-02,2034
5641,2036-03-27,East,Technology,Home Office,Chair,2,675,0.18,0.48,1107.0,531.36,575.64,0.52,2036-03,2036
5642,2030-08-05,North,Furniture,Corporate,Paper,5,1732,0.29,0.59,6148.599999999999,3627.6739999999995,2520.926,0.41000000000000003,2030-08,2030
5643,2036-08-07,West,Furniture,Corporate,Paper,9,515,0.11,0.75,4125.15,3093.8624999999997,1031.2875,0.25,2036-08,2036
5644,2027-08-14,South,Office Supplies,Corporate,Chair,3,1004,0.26,0.66,2228.88,1471.0608000000002,757.8191999999999,0.33999999999999997,2027-08,2027
5645,2023-07-11,East,Technology,Home Office,Storage,2,366,0.04,0.61,702.72,428.6592,274.06080000000003,0.39,2023-07,2023
5646,2028-06-09,South,Furniture,Consumer,Monitor,2,1096,0.28,0.61,1578.24,962.7264,615.5136,0.39,2028-06,2028
5647,2032-12-02,North,Office Supplies,Consumer,Phone,9,1449,0.11,0.46,11606.49,5338.9854000000005,6267.504599999999,0.5399999999999999,2032-12,2032
5648,2028-12-25,North,Furniture,Corporate,Laptop,6,843,0.11,0.74,4501.62,3331.1987999999997,1170.4212000000002,0.26000000000000006,2028-12,2028
5649,2035-02-27,West,Technology,Home Office,Printer,2,1010,0.14,0.73,1737.2,1268.156,469.0440000000001,0.2700000000000001,2035-02,2035
5650,2025-10-05,East,Office Supplies,Corporate,Monitor,3,542,0.22,0.65,1268.28,824.3820000000001,443.8979999999999,0.3499999999999999,2025-10,2025
5651,2033-05-11,North,Furniture,Consumer,Laptop,1,659,0.22,0.48,514.02,246.72959999999998,267.2904,0.52,2033-05,2033
5652,2034-10-08,East,Office Supplies,Corporate,Chair,2,1985,0.14,0.51,3414.2,1741.242,1672.9579999999999,0.49,2034-10,2034
5653,2035-10-13,East,Furniture,Consumer,Laptop,2,1845,0.16,0.51,3099.6,1580.796,1518.8039999999999,0.49,2035-10,2035
5654,2034-09-27,East,Furniture,Home Office,Desk,2,175,0.01,0.61,346.5,211.365,135.135,0.38999999999999996,2034-09,2034
5655,2028-08-14,East,Technology,Corporate,Desk,7,346,0.09,0.51,2204.02,1124.0502,1079.9698,0.49000000000000005,2028-08,2028
5656,2032-01-22,East,Technology,Home Office,Printer,3,1951,0.1,0.66,5267.7,3476.6820000000002,1791.0179999999996,0.3399999999999999,2032-01,2032
5657,2027-09-13,South,Furniture,Corporate,Phone,4,679,0.17,0.61,2254.2799999999997,1375.1108,879.1691999999998,0.38999999999999996,2027-09,2027
5658,2023-11-07,West,Office Supplies,Corporate,Laptop,2,412,0.17,0.46,683.92,314.6032,369.31679999999994,0.5399999999999999,2023-11,2023
5659,2035-06-05,East,Office Supplies,Corporate,Desk,5,675,0.21,0.67,2666.25,1786.3875,879.8625,0.32999999999999996,2035-06,2035
5660,2026-06-14,South,Technology,Corporate,Phone,9,1817,0.22,0.51,12755.34,6505.2234,6250.1166,0.49,2026-06,2026
5661,2036-08-05,North,Furniture,Corporate,Monitor,9,1715,0.07,0.7,14354.55,10048.185,4306.365,0.3,2036-08,2036
5662,2033-10-07,East,Technology,Home Office,Monitor,7,442,0.23,0.56,2382.38,1334.1328,1048.2472,0.44,2033-10,2033
5663,2031-12-13,North,Furniture,Home Office,Desk,8,814,0.01,0.55,6446.88,3545.7840000000006,2901.0959999999995,0.4499999999999999,2031-12,2031
5664,2024-08-07,East,Furniture,Consumer,Phone,5,1305,0.21,0.45,5154.75,2319.6375000000003,2835.1124999999997,0.5499999999999999,2024-08,2024
5665,2030-08-31,South,Technology,Corporate,Phone,5,1083,0.03,0.75,5252.55,3939.4125000000004,1313.1374999999998,0.24999999999999994,2030-08,2030
5666,2023-12-26,South,Office Supplies,Consumer,Desk,3,825,0.22,0.63,1930.5,1216.215,714.2850000000001,0.37000000000000005,2023-12,2023
5667,2030-11-06,South,Technology,Home Office,Storage,6,731,0.16,0.58,3684.24,2136.8592,1547.3808,0.42,2030-11,2030
5668,2028-07-04,West,Furniture,Consumer,Chair,1,498,0.13,0.48,433.26,207.9648,225.2952,0.52,2028-07,2028
5669,2036-07-10,North,Technology,Home Office,Phone,3,1364,0.21,0.66,3232.6800000000003,2133.5688000000005,1099.1111999999998,0.3399999999999999,2036-07,2036
5670,2033-12-20,West,Office Supplies,Corporate,Monitor,2,1970,0.01,0.53,3900.6,2067.318,1833.2819999999997,0.4699999999999999,2033-12,2033
5671,2027-06-14,East,Office Supplies,Consumer,Storage,7,813,0.07,0.75,5292.629999999999,3969.4724999999994,1323.1574999999998,0.25,2027-06,2027
5672,2030-07-27,North,Furniture,Consumer,Laptop,9,1023,0.18,0.74,7549.740000000001,5586.8076,1962.9324000000006,0.26000000000000006,2030-07,2030
5673,2025-06-09,South,Technology,Consumer,Storage,4,391,0.25,0.67,1173.0,785.9100000000001,387.0899999999999,0.3299999999999999,2025-06,2025
5674,2025-01-01,North,Office Supplies,Consumer,Desk,7,153,0.11,0.74,953.19,705.3606,247.82940000000008,0.26000000000000006,2025-01,2025
5675,2033-11-05,South,Technology,Corporate,Storage,8,1268,0.08,0.48,9332.48,4479.5904,4852.8895999999995,0.52,2033-11,2033
5676,2035-11-15,West,Office Supplies,Home Office,Chair,2,1479,0.16,0.53,2484.72,1316.9016,1167.8183999999999,0.47,2035-11,2035
5677,2029-11-09,West,Furniture,Home Office,Desk,7,1721,0.19,0.53,9758.070000000002,5171.777100000001,4586.2929,0.47,2029-11,2029
5678,2024-09-06,South,Furniture,Corporate,Printer,3,1082,0.13,0.47,2824.02,1327.2894,1496.7306,0.53,2024-09,2024
5679,2033-06-03,South,Technology,Home Office,Laptop,8,576,0.26,0.74,3409.92,2523.3408,886.5792000000001,0.26,2033-06,2033
5680,2027-09-16,East,Furniture,Consumer,Monitor,6,121,0.16,0.47,609.84,286.6248,323.21520000000004,0.53,2027-09,2027
5681,2036-01-22,West,Office Supplies,Corporate,Printer,3,1454,0.01,0.71,4318.38,3066.0498,1252.3302000000003,0.2900000000000001,2036-01,2036
5682,2027-05-07,West,Furniture,Home Office,Storage,8,1415,0.07,0.68,10527.599999999999,7158.767999999999,3368.8319999999994,0.32,2027-05,2027
5683,2027-05-31,East,Office Supplies,Corporate,Phone,3,1359,0.14,0.56,3506.22,1963.4832000000001,1542.7367999999997,0.43999999999999995,2027-05,2027
5684,2025-06-15,West,Office Supplies,Corporate,Storage,9,1152,0.21,0.46,8190.72,3767.7312,4422.9888,0.54,2025-06,2025
5685,2023-10-05,South,Furniture,Home Office,Paper,3,794,0.07,0.45,2215.2599999999998,996.867,1218.3929999999998,0.5499999999999999,2023-10,2023
5686,2035-09-22,North,Office Supplies,Home Office,Monitor,1,259,0.29,0.51,183.89,93.78389999999999,90.1061,0.49000000000000005,2035-09,2035
5687,2027-06-25,North,Office Supplies,Corporate,Monitor,2,1009,0.1,0.6,1816.2,1089.72,726.48,0.4,2027-06,2027
5688,2028-11-28,West,Technology,Corporate,Paper,4,629,0.16,0.59,2113.44,1246.9296,866.5104000000001,0.41000000000000003,2028-11,2028
5689,2029-08-29,East,Technology,Home Office,Phone,2,1673,0.01,0.63,3312.54,2086.9002,1225.6398,0.37,2029-08,2029
5690,2033-09-09,South,Technology,Corporate,Printer,4,200,0.27,0.68,584.0,397.12,186.88,0.32,2033-09,2033
5691,2036-04-18,North,Furniture,Home Office,Printer,4,1413,0.24,0.56,4295.52,2405.4912000000004,1890.0288,0.43999999999999995,2036-04,2036
5692,2031-12-07,South,Technology,Corporate,Phone,4,1500,0.06,0.5,5640.0,2820.0,2820.0,0.5,2031-12,2031
5693,2026-12-20,West,Office Supplies,Corporate,Chair,1,1296,0.28,0.69,933.12,643.8528,289.2672,0.31,2026-12,2026
5694,2035-04-28,West,Furniture,Corporate,Paper,9,442,0.09,0.55,3619.98,1990.9890000000003,1628.9909999999998,0.44999999999999996,2035-04,2035
5695,2026-05-17,North,Furniture,Home Office,Laptop,7,678,0.21,0.54,3749.34,2024.6436,1724.6964,0.46,2026-05,2026
5696,2034-04-10,West,Furniture,Consumer,Desk,2,1314,0.25,0.68,1971.0,1340.2800000000002,630.7199999999998,0.3199999999999999,2034-04,2034
5697,2024-11-08,East,Furniture,Home Office,Paper,3,1562,0.22,0.73,3655.08,2668.2084,986.8716,0.27,2024-11,2024
5698,2030-04-12,West,Office Supplies,Corporate,Printer,8,1678,0.28,0.72,9665.279999999999,6959.001599999999,2706.2784,0.28,2030-04,2030
5699,2028-07-21,West,Office Supplies,Consumer,Laptop,7,1758,0.26,0.49,9106.44,4462.1556,4644.2844000000005,0.51,2028-07,2028
5700,2033-04-16,West,Technology,Consumer,Desk,4,889,0.3,0.6,2489.2,1493.5199999999998,995.6800000000001,0.4000000000000001,2033-04,2033
5701,2035-08-30,South,Furniture,Corporate,Storage,4,1466,0.05,0.48,5570.8,2673.984,2896.8160000000003,0.52,2035-08,2035
5702,2028-07-30,South,Technology,Home Office,Desk,9,1831,0.09,0.74,14995.890000000001,11096.9586,3898.9314000000013,0.26000000000000006,2028-07,2028
5703,2030-04-03,North,Office Supplies,Consumer,Printer,5,944,0.19,0.51,3823.2000000000003,1949.832,1873.3680000000002,0.49,2030-04,2030
5704,2024-10-18,North,Furniture,Consumer,Chair,5,224,0.22,0.51,873.6,445.536,428.064,0.49,2024-10,2024
5705,2023-06-15,North,Office Supplies,Home Office,Chair,7,1731,0.16,0.72,10178.279999999999,7328.361599999999,2849.9183999999996,0.27999999999999997,2023-06,2023
5706,2036-07-15,West,Technology,Home Office,Laptop,1,989,0.02,0.74,969.22,717.2228,251.99720000000002,0.26,2036-07,2036
5707,2035-07-28,South,Office Supplies,Consumer,Storage,3,768,0.25,0.66,1728.0,1140.48,587.52,0.33999999999999997,2035-07,2035
5708,2024-08-12,East,Furniture,Home Office,Laptop,2,1675,0.29,0.49,2378.5,1165.465,1213.035,0.51,2024-08,2024
5709,2035-05-22,West,Furniture,Consumer,Phone,6,1483,0.12,0.6,7830.24,4698.143999999999,3132.0960000000005,0.4000000000000001,2035-05,2035
5710,2030-09-22,West,Technology,Corporate,Chair,6,602,0.07,0.69,3359.16,2317.8203999999996,1041.3396000000002,0.3100000000000001,2030-09,2030
5711,2034-08-29,West,Furniture,Home Office,Laptop,1,272,0.01,0.62,269.28,166.9536,102.32639999999998,0.37999999999999995,2034-08,2034
5712,2026-06-16,East,Office Supplies,Consumer,Phone,6,986,0.07,0.49,5501.879999999999,2695.9211999999998,2805.9587999999994,0.51,2026-06,2026
5713,2023-03-13,North,Office Supplies,Home Office,Storage,2,1517,0.21,0.5,2396.86,1198.43,1198.43,0.5,2023-03,2023
5714,2032-08-17,East,Office Supplies,Home Office,Monitor,4,1584,0.27,0.71,4625.28,3283.9487999999997,1341.3312,0.29000000000000004,2032-08,2032
5715,2036-01-03,North,Office Supplies,Consumer,Desk,6,1808,0.03,0.61,10522.56,6418.7616,4103.7984,0.39,2036-01,2036
5716,2032-10-20,East,Technology,Corporate,Laptop,3,219,0.17,0.66,545.31,359.90459999999996,185.4054,0.34,2032-10,2032
5717,2023-09-26,South,Office Supplies,Consumer,Phone,3,372,0.21,0.56,881.64,493.71840000000003,387.92159999999996,0.43999999999999995,2023-09,2023
5718,2027-11-12,West,Technology,Home Office,Chair,3,1481,0.08,0.61,4087.5600000000004,2493.4116000000004,1594.1484,0.38999999999999996,2027-11,2027
5719,2029-09-28,West,Office Supplies,Consumer,Paper,4,1509,0.17,0.74,5009.88,3707.3112,1302.5688,0.26,2029-09,2029
5720,2026-06-22,West,Technology,Home Office,Desk,9,1012,0.21,0.55,7195.320000000001,3957.426000000001,3237.894,0.44999999999999996,2026-06,2026
5721,2025-10-12,North,Office Supplies,Consumer,Laptop,4,975,0.25,0.65,2925.0,1901.25,1023.75,0.35,2025-10,2025
5722,2030-06-15,East,Office Supplies,Corporate,Chair,4,957,0.14,0.5,3292.08,1646.04,1646.04,0.5,2030-06,2030
5723,2025-12-19,South,Technology,Corporate,Monitor,4,1442,0.22,0.49,4499.04,2204.5296,2294.5104,0.51,2025-12,2025
5724,2034-03-25,East,Furniture,Corporate,Desk,7,360,0.09,0.69,2293.2000000000003,1582.308,710.8920000000003,0.3100000000000001,2034-03,2034
5725,2024-02-11,West,Furniture,Corporate,Printer,5,1404,0.06,0.7,6598.799999999999,4619.159999999999,1979.6400000000003,0.3000000000000001,2024-02,2024
5726,2031-06-04,South,Furniture,Consumer,Chair,2,1452,0.06,0.65,2729.7599999999998,1774.3439999999998,955.4159999999999,0.35000000000000003,2031-06,2031
5727,2025-09-12,South,Technology,Corporate,Printer,7,1247,0.11,0.5,7768.81,3884.405,3884.405,0.5,2025-09,2025
5728,2032-11-12,West,Furniture,Consumer,Storage,3,1599,0.01,0.52,4749.03,2469.4955999999997,2279.5344,0.48000000000000004,2032-11,2032
5729,2035-04-13,East,Furniture,Home Office,Laptop,1,377,0.08,0.72,346.84000000000003,249.72480000000002,97.11520000000002,0.28,2035-04,2035
5730,2024-12-10,West,Technology,Home Office,Monitor,9,192,0.2,0.54,1382.4,746.4960000000001,635.904,0.45999999999999996,2024-12,2024
5731,2030-03-03,East,Furniture,Home Office,Phone,5,1058,0.19,0.7,4284.900000000001,2999.4300000000003,1285.4700000000003,0.30000000000000004,2030-03,2030
5732,2036-04-11,South,Furniture,Corporate,Laptop,1,1670,0.02,0.54,1636.6,883.764,752.8359999999999,0.45999999999999996,2036-04,2036
5733,2026-11-12,South,Furniture,Corporate,Chair,1,922,0.09,0.73,839.02,612.4846,226.53539999999998,0.26999999999999996,2026-11,2026
5734,2035-08-27,West,Technology,Corporate,Printer,1,227,0.17,0.72,188.41,135.65519999999998,52.75480000000002,0.2800000000000001,2035-08,2035
5735,2027-01-25,South,Technology,Home Office,Paper,9,631,0.1,0.46,5111.1,2351.106,2759.994,0.54,2027-01,2027
5736,2031-01-29,North,Furniture,Home Office,Printer,8,872,0.13,0.68,6069.12,4127.0016000000005,1942.1183999999994,0.3199999999999999,2031-01,2031
5737,2035-09-26,South,Furniture,Home Office,Desk,6,266,0.21,0.5,1260.8400000000001,630.4200000000001,630.4200000000001,0.5,2035-09,2035
5738,2031-01-13,North,Technology,Home Office,Laptop,6,930,0.0,0.51,5580.0,2845.8,2734.2,0.49,2031-01,2031
5739,2034-04-07,South,Furniture,Consumer,Laptop,6,335,0.08,0.59,1849.2,1091.028,758.172,0.41000000000000003,2034-04,2034
5740,2035-10-15,West,Technology,Consumer,Chair,4,1155,0.04,0.62,4435.2,2749.824,1685.3759999999997,0.37999999999999995,2035-10,2035
5741,2025-09-30,West,Furniture,Corporate,Paper,5,1354,0.04,0.55,6499.2,3574.5600000000004,2924.6399999999994,0.4499999999999999,2025-09,2025
5742,2029-10-02,North,Technology,Corporate,Printer,3,290,0.29,0.62,617.6999999999999,382.97399999999993,234.726,0.38000000000000006,2029-10,2029
5743,2029-10-02,West,Office Supplies,Home Office,Chair,3,1965,0.11,0.5,5246.55,2623.275,2623.275,0.5,2029-10,2029
5744,2028-04-22,South,Office Supplies,Consumer,Chair,7,756,0.16,0.46,4445.28,2044.8288,2400.4511999999995,0.5399999999999999,2028-04,2028
5745,2028-04-23,South,Technology,Consumer,Storage,5,712,0.22,0.62,2776.8,1721.6160000000002,1055.184,0.37999999999999995,2028-04,2028
5746,2027-06-24,West,Office Supplies,Corporate,Printer,8,1714,0.01,0.61,13574.88,8280.6768,5294.2032,0.39,2027-06,2027
5747,2027-08-26,South,Furniture,Consumer,Chair,5,1631,0.07,0.66,7584.15,5005.539,2578.611,0.34,2027-08,2027
5748,2035-05-25,East,Technology,Corporate,Printer,4,1580,0.25,0.64,4740.0,3033.6,1706.4,0.36000000000000004,2035-05,2035
5749,2028-09-22,East,Technology,Home Office,Chair,3,1795,0.26,0.72,3984.9,2869.128,1115.772,0.27999999999999997,2028-09,2028
5750,2028-03-10,South,Furniture,Home Office,Paper,2,354,0.11,0.59,630.12,371.7708,258.3492,0.41,2028-03,2028
5751,2034-08-11,West,Furniture,Corporate,Phone,3,1402,0.11,0.45,3743.34,1684.5030000000002,2058.837,0.5499999999999999,2034-08,2034
5752,2032-04-21,North,Technology,Home Office,Paper,7,1823,0.23,0.64,9825.97,6288.6208,3537.3491999999997,0.36,2032-04,2032
5753,2025-12-09,West,Furniture,Home Office,Paper,8,1072,0.09,0.65,7804.16,5072.704,2731.456,0.35000000000000003,2025-12,2025
5754,2029-07-30,North,Technology,Consumer,Chair,5,1845,0.04,0.61,8856.0,5402.16,3453.84,0.39,2029-07,2029
5755,2036-05-27,West,Furniture,Consumer,Paper,1,1876,0.08,0.66,1725.92,1139.1072000000001,586.8127999999999,0.33999999999999997,2036-05,2036
5756,2031-10-18,South,Technology,Consumer,Paper,3,1179,0.12,0.55,3112.56,1711.9080000000001,1400.6519999999998,0.44999999999999996,2031-10,2031
5757,2034-01-20,East,Furniture,Consumer,Paper,4,748,0.02,0.49,2932.16,1436.7584,1495.4016,0.51,2034-01,2034
5758,2026-02-25,West,Furniture,Consumer,Chair,4,205,0.14,0.65,705.2,458.38000000000005,246.82,0.35,2026-02,2026
5759,2029-09-11,North,Office Supplies,Corporate,Monitor,1,1704,0.22,0.52,1329.1200000000001,691.1424000000001,637.9776,0.48,2029-09,2029
5760,2028-05-10,East,Office Supplies,Corporate,Phone,9,1825,0.15,0.59,13961.25,8237.137499999999,5724.112500000001,0.4100000000000001,2028-05,2028
5761,2035-06-25,North,Office Supplies,Consumer,Laptop,4,291,0.02,0.6,1140.72,684.432,456.288,0.4,2035-06,2035
5762,2033-09-12,South,Furniture,Home Office,Printer,2,1102,0.13,0.59,1917.48,1131.3132,786.1668,0.41,2033-09,2033
5763,2025-03-18,East,Technology,Home Office,Monitor,9,1401,0.21,0.63,9961.11,6275.4993,3685.6107,0.37,2025-03,2025
5764,2023-07-06,North,Furniture,Corporate,Desk,4,1667,0.02,0.46,6534.64,3005.9344,3528.7056000000002,0.54,2023-07,2023
5765,2036-03-20,West,Office Supplies,Corporate,Phone,4,274,0.02,0.75,1074.08,805.56,268.52,0.25,2036-03,2036
5766,2035-05-22,South,Furniture,Corporate,Monitor,6,1893,0.11,0.66,10108.62,6671.689200000001,3436.9308,0.33999999999999997,2035-05,2035
5767,2026-07-31,South,Office Supplies,Home Office,Paper,8,734,0.06,0.58,5519.679999999999,3201.414399999999,2318.2656,0.4200000000000001,2026-07,2026
5768,2029-04-03,South,Office Supplies,Corporate,Laptop,5,184,0.28,0.51,662.4,337.824,324.57599999999996,0.49,2029-04,2029
5769,2036-04-28,West,Technology,Home Office,Chair,8,1047,0.17,0.47,6952.08,3267.4775999999997,3684.6024,0.53,2036-04,2036
5770,2025-01-27,West,Technology,Corporate,Storage,1,827,0.09,0.65,752.57,489.17050000000006,263.3995,0.35,2025-01,2025
5771,2034-08-02,East,Office Supplies,Home Office,Laptop,4,1339,0.21,0.55,4231.24,2327.1820000000002,1904.0579999999995,0.4499999999999999,2034-08,2034
5772,2036-05-19,West,Office Supplies,Corporate,Phone,1,1137,0.11,0.52,1011.9300000000001,526.2036,485.7264,0.48,2036-05,2036
5773,2033-07-21,East,Furniture,Corporate,Storage,3,1160,0.04,0.56,3340.7999999999997,1870.848,1469.9519999999998,0.43999999999999995,2033-07,2033
5774,2034-09-06,South,Office Supplies,Home Office,Chair,7,1150,0.07,0.63,7486.499999999999,4716.495,2770.004999999999,0.36999999999999994,2034-09,2034
5775,2029-01-15,East,Furniture,Corporate,Laptop,1,1787,0.19,0.65,1447.47,940.8555,506.6145,0.35000000000000003,2029-01,2029
5776,2032-09-28,North,Office Supplies,Consumer,Desk,5,1699,0.02,0.64,8325.1,5328.064,2997.036,0.36,2032-09,2032
5777,2027-04-30,South,Technology,Home Office,Printer,1,169,0.08,0.71,155.48000000000002,110.39080000000001,45.089200000000005,0.29,2027-04,2027
5778,2025-08-19,South,Technology,Corporate,Printer,6,253,0.06,0.52,1426.9199999999998,741.9984,684.9215999999999,0.48,2025-08,2025
5779,2033-07-14,East,Office Supplies,Home Office,Phone,9,1561,0.06,0.64,13206.06,8451.8784,4754.1816,0.36,2033-07,2033
5780,2032-10-15,South,Furniture,Corporate,Monitor,3,864,0.2,0.48,2073.6,995.328,1078.272,0.52,2032-10,2032
5781,2025-05-25,West,Furniture,Consumer,Chair,6,370,0.25,0.61,1665.0,1015.65,649.35,0.39,2025-05,2025
5782,2029-08-15,North,Furniture,Corporate,Chair,4,640,0.21,0.63,2022.4,1274.112,748.288,0.37,2029-08,2029
5783,2034-06-30,East,Office Supplies,Corporate,Printer,6,1197,0.19,0.51,5817.42,2966.8842,2850.5358,0.49,2034-06,2034
5784,2025-09-28,East,Office Supplies,Consumer,Laptop,2,1919,0.27,0.57,2801.74,1596.9917999999998,1204.7482,0.43000000000000005,2025-09,2025
5785,2032-04-07,South,Technology,Home Office,Chair,4,670,0.02,0.7,2626.4,1838.48,787.9200000000001,0.30000000000000004,2032-04,2032
5786,2034-02-18,West,Technology,Corporate,Desk,7,1878,0.05,0.49,12488.699999999999,6119.463,6369.236999999999,0.51,2034-02,2034
5787,2030-10-16,South,Office Supplies,Corporate,Desk,6,1964,0.12,0.58,10369.92,6014.553599999999,4355.366400000001,0.4200000000000001,2030-10,2030
5788,2027-01-21,South,Technology,Consumer,Chair,9,248,0.11,0.73,1986.48,1450.1304,536.3496,0.27,2027-01,2027
5789,2032-01-15,East,Furniture,Home Office,Chair,7,1629,0.13,0.6,9920.61,5952.366,3968.2440000000006,0.4,2032-01,2032
5790,2024-10-19,South,Furniture,Home Office,Printer,1,109,0.06,0.67,102.46,68.6482,33.81179999999999,0.3299999999999999,2024-10,2024
5791,2030-08-12,North,Office Supplies,Consumer,Phone,6,743,0.04,0.7,4279.68,2995.776,1283.9040000000005,0.3000000000000001,2030-08,2030
5792,2024-02-27,South,Furniture,Consumer,Printer,3,1625,0.15,0.51,4143.75,2113.3125,2030.4375,0.49,2024-02,2024
5793,2033-01-29,South,Office Supplies,Corporate,Phone,8,161,0.28,0.52,927.36,482.22720000000004,445.1328,0.48,2033-01,2033
5794,2034-09-06,East,Furniture,Consumer,Paper,1,1511,0.12,0.68,1329.68,904.1824000000001,425.4975999999999,0.31999999999999995,2034-09,2034
5795,2030-06-03,South,Office Supplies,Consumer,Desk,2,873,0.01,0.68,1728.54,1175.4072,553.1327999999999,0.31999999999999995,2030-06,2030
5796,2024-03-28,West,Furniture,Consumer,Phone,3,1853,0.21,0.47,4391.610000000001,2064.0567,2327.5533000000005,0.53,2024-03,2024
5797,2029-07-25,East,Furniture,Home Office,Printer,3,1355,0.09,0.55,3699.15,2034.5325000000003,1664.6174999999998,0.44999999999999996,2029-07,2029
5798,2028-05-29,South,Technology,Consumer,Chair,7,1971,0.07,0.57,12831.21,7313.789699999998,5517.420300000001,0.4300000000000001,2028-05,2028
5799,2027-07-16,North,Technology,Corporate,Phone,8,1707,0.1,0.7,12290.4,8603.279999999999,3687.120000000001,0.3000000000000001,2027-07,2027
5800,2029-12-16,North,Technology,Corporate,Printer,9,627,0.22,0.58,4401.54,2552.8932,1848.6468,0.42,2029-12,2029
5801,2031-06-03,East,Technology,Corporate,Desk,7,1673,0.25,0.73,8783.25,6411.7725,2371.4775,0.27,2031-06,2031
5802,2031-08-31,East,Technology,Consumer,Storage,8,1812,0.18,0.75,11886.720000000001,8915.04,2971.6800000000003,0.25,2031-08,2031
5803,2031-02-14,South,Technology,Home Office,Paper,6,544,0.1,0.68,2937.6,1997.568,940.0319999999999,0.32,2031-02,2031
5804,2028-08-15,West,Office Supplies,Consumer,Phone,2,1444,0.09,0.65,2628.08,1708.252,919.828,0.35,2028-08,2028
5805,2023-10-15,South,Office Supplies,Consumer,Desk,1,1206,0.04,0.57,1157.76,659.9232,497.83680000000004,0.43000000000000005,2023-10,2023
5806,2031-10-23,North,Technology,Corporate,Desk,3,1557,0.28,0.47,3363.12,1580.6663999999998,1782.4536,0.53,2031-10,2031
5807,2033-07-21,West,Office Supplies,Consumer,Laptop,9,116,0.19,0.62,845.6400000000001,524.2968000000001,321.3432,0.38,2033-07,2033
5808,2026-12-18,West,Technology,Home Office,Storage,7,468,0.01,0.56,3243.24,1816.2144,1427.0255999999997,0.43999999999999995,2026-12,2026
5809,2024-08-30,West,Office Supplies,Corporate,Phone,2,1791,0.2,0.56,2865.6000000000004,1604.7360000000003,1260.864,0.43999999999999995,2024-08,2024
5810,2035-06-19,South,Furniture,Home Office,Printer,1,783,0.13,0.66,681.21,449.59860000000003,231.6114,0.33999999999999997,2035-06,2035
5811,2027-10-31,North,Office Supplies,Home Office,Phone,2,1007,0.29,0.59,1429.9399999999998,843.6645999999998,586.2754,0.41000000000000003,2027-10,2027
5812,2026-05-10,East,Office Supplies,Home Office,Phone,3,1705,0.25,0.68,3836.25,2608.65,1227.6,0.31999999999999995,2026-05,2026
5813,2026-05-20,South,Office Supplies,Consumer,Storage,6,682,0.05,0.57,3887.3999999999996,2215.8179999999998,1671.5819999999999,0.43,2026-05,2026
5814,2025-10-26,East,Furniture,Consumer,Monitor,9,354,0.22,0.5,2485.08,1242.54,1242.54,0.5,2025-10,2025
5815,2030-04-25,West,Technology,Consumer,Desk,8,555,0.15,0.59,3774.0,2226.66,1547.3400000000001,0.41000000000000003,2030-04,2030
5816,2033-11-06,West,Office Supplies,Consumer,Desk,9,742,0.06,0.74,6277.32,4645.2168,1632.1031999999996,0.25999999999999995,2033-11,2033
5817,2035-06-09,South,Office Supplies,Corporate,Desk,8,660,0.21,0.69,4171.2,2878.1279999999997,1293.0720000000001,0.31000000000000005,2035-06,2035
5818,2036-07-01,North,Furniture,Consumer,Desk,7,632,0.16,0.51,3716.16,1895.2416,1820.9183999999998,0.48999999999999994,2036-07,2036
5819,2031-09-13,West,Technology,Corporate,Storage,6,1515,0.01,0.57,8999.1,5129.487,3869.6130000000003,0.43,2031-09,2031
5820,2033-03-11,East,Office Supplies,Home Office,Printer,8,419,0.19,0.73,2715.1200000000003,1982.0376,733.0824000000002,0.2700000000000001,2033-03,2033
5821,2036-06-07,East,Furniture,Corporate,Chair,6,319,0.19,0.49,1550.3400000000001,759.6666,790.6734000000001,0.51,2036-06,2036
5822,2027-01-15,South,Technology,Consumer,Laptop,2,798,0.04,0.53,1532.1599999999999,812.0448,720.1151999999998,0.4699999999999999,2027-01,2027
5823,2030-12-06,East,Technology,Corporate,Monitor,9,1537,0.1,0.53,12449.7,6598.341,5851.359,0.47000000000000003,2030-12,2030
5824,2025-03-19,North,Office Supplies,Consumer,Monitor,9,131,0.18,0.62,966.7800000000001,599.4036000000001,367.3764,0.37999999999999995,2025-03,2025
5825,2025-09-05,West,Office Supplies,Consumer,Paper,3,814,0.04,0.57,2344.3199999999997,1336.2623999999996,1008.0576000000001,0.4300000000000001,2025-09,2025
5826,2029-09-29,East,Office Supplies,Corporate,Desk,9,1911,0.26,0.47,12727.26,5981.812199999999,6745.447800000001,0.53,2029-09,2029
5827,2024-12-26,East,Office Supplies,Corporate,Paper,2,853,0.01,0.64,1688.94,1080.9216000000001,608.0183999999999,0.35999999999999993,2024-12,2024
5828,2029-11-06,West,Furniture,Home Office,Desk,3,1139,0.03,0.48,3314.49,1590.9551999999999,1723.5348,0.52,2029-11,2029
5829,2032-03-16,South,Furniture,Home Office,Laptop,6,508,0.03,0.63,2956.56,1862.6328,1093.9271999999999,0.36999999999999994,2032-03,2032
5830,2026-05-01,East,Office Supplies,Home Office,Desk,4,927,0.16,0.6,3114.72,1868.8319999999999,1245.888,0.4,2026-05,2026
5831,2034-02-03,South,Technology,Home Office,Chair,8,272,0.19,0.6,1762.5600000000002,1057.536,705.0240000000001,0.4,2034-02,2034
5832,2029-01-06,South,Office Supplies,Home Office,Monitor,1,1772,0.12,0.47,1559.36,732.8992,826.4608,0.53,2029-01,2029
5833,2030-09-07,East,Technology,Corporate,Phone,6,1302,0.09,0.64,7108.92,4549.7088,2559.2111999999997,0.36,2030-09,2030
5834,2025-02-17,North,Technology,Home Office,Laptop,2,1994,0.24,0.58,3030.88,1757.9104,1272.9696000000001,0.42000000000000004,2025-02,2025
5835,2025-08-30,South,Technology,Corporate,Monitor,6,1696,0.02,0.57,9972.48,5684.3135999999995,4288.1664,0.43000000000000005,2025-08,2025
5836,2030-09-11,East,Furniture,Home Office,Printer,1,1620,0.08,0.63,1490.4,938.9520000000001,551.448,0.36999999999999994,2030-09,2030
5837,2028-10-24,South,Technology,Consumer,Monitor,2,1035,0.01,0.63,2049.3,1291.0590000000002,758.241,0.36999999999999994,2028-10,2028
5838,2024-08-21,West,Technology,Home Office,Laptop,9,1227,0.0,0.45,11043.0,4969.35,6073.65,0.5499999999999999,2024-08,2024
5839,2032-02-24,North,Furniture,Consumer,Chair,6,1440,0.11,0.49,7689.6,3767.904,3921.6960000000004,0.51,2032-02,2032
5840,2023-08-13,North,Technology,Corporate,Storage,8,806,0.06,0.52,6061.12,3151.7824,2909.3376,0.48,2023-08,2023
5841,2025-04-20,West,Technology,Home Office,Printer,7,1891,0.08,0.65,12178.04,7915.726000000001,4262.314,0.35,2025-04,2025
5842,2027-12-20,West,Office Supplies,Corporate,Phone,9,1075,0.25,0.62,7256.25,4498.875,2757.375,0.38,2027-12,2027
5843,2036-03-02,South,Technology,Home Office,Desk,9,1711,0.05,0.68,14629.05,9947.754,4681.2959999999985,0.3199999999999999,2036-03,2036
5844,2026-01-11,West,Technology,Corporate,Laptop,4,882,0.23,0.67,2716.56,1820.0952,896.4648,0.33,2026-01,2026
5845,2023-05-05,North,Technology,Home Office,Printer,7,1304,0.2,0.71,7302.400000000001,5184.704,2117.696000000001,0.2900000000000001,2023-05,2023
5846,2031-11-21,West,Technology,Home Office,Laptop,5,231,0.1,0.56,1039.5,582.12,457.38,0.44,2031-11,2031
5847,2031-01-10,East,Technology,Consumer,Phone,7,762,0.16,0.55,4480.5599999999995,2464.308,2016.2519999999995,0.44999999999999996,2031-01,2031
5848,2034-04-18,East,Furniture,Corporate,Laptop,4,1278,0.13,0.7,4447.44,3113.2079999999996,1334.232,0.30000000000000004,2034-04,2034
5849,2031-02-19,South,Technology,Corporate,Paper,1,458,0.04,0.52,439.68,228.6336,211.0464,0.48,2031-02,2031
5850,2028-07-10,North,Technology,Corporate,Monitor,4,1358,0.27,0.59,3965.36,2339.5624,1625.7976000000003,0.4100000000000001,2028-07,2028
5851,2029-08-12,East,Furniture,Corporate,Monitor,3,859,0.17,0.51,2138.91,1090.8441,1048.0658999999998,0.48999999999999994,2029-08,2029
5852,2035-07-27,West,Furniture,Corporate,Printer,9,264,0.26,0.72,1758.24,1265.9328,492.30719999999997,0.27999999999999997,2035-07,2035
5853,2031-06-24,East,Technology,Consumer,Chair,5,816,0.25,0.57,3060.0,1744.1999999999998,1315.8000000000002,0.43000000000000005,2031-06,2031
5854,2027-05-29,East,Technology,Home Office,Storage,4,526,0.02,0.51,2061.92,1051.5792000000001,1010.3408,0.48999999999999994,2027-05,2027
5855,2024-12-18,South,Technology,Consumer,Printer,8,776,0.06,0.66,5835.5199999999995,3851.4431999999997,1984.0767999999998,0.34,2024-12,2024
5856,2032-10-01,West,Office Supplies,Corporate,Laptop,5,587,0.04,0.52,2817.6,1465.152,1352.4479999999999,0.48,2032-10,2032
5857,2025-10-13,West,Office Supplies,Corporate,Phone,3,312,0.25,0.73,702.0,512.46,189.53999999999996,0.26999999999999996,2025-10,2025
5858,2032-10-05,West,Technology,Home Office,Monitor,2,865,0.26,0.56,1280.2,716.9120000000001,563.2879999999999,0.4399999999999999,2032-10,2032
5859,2035-11-15,South,Furniture,Consumer,Desk,8,256,0.16,0.65,1720.32,1118.208,602.1119999999999,0.3499999999999999,2035-11,2035
5860,2035-03-29,West,Technology,Home Office,Desk,2,1812,0.03,0.55,3515.2799999999997,1933.404,1581.8759999999997,0.44999999999999996,2035-03,2035
5861,2028-05-14,West,Furniture,Home Office,Phone,8,1198,0.04,0.69,9200.64,6348.441599999999,2852.1984,0.31000000000000005,2028-05,2028
5862,2025-11-14,East,Furniture,Consumer,Laptop,5,534,0.24,0.72,2029.2,1461.024,568.1760000000002,0.2800000000000001,2025-11,2025
5863,2026-09-19,East,Furniture,Home Office,Storage,8,1301,0.28,0.69,7493.759999999999,5170.694399999999,2323.0656,0.31,2026-09,2026
5864,2032-05-19,West,Technology,Consumer,Paper,5,1919,0.06,0.7,9019.3,6313.509999999999,2705.79,0.30000000000000004,2032-05,2032
5865,2023-04-26,North,Technology,Consumer,Phone,1,941,0.0,0.48,941.0,451.68,489.32,0.52,2023-04,2023
5866,2028-09-26,North,Furniture,Corporate,Laptop,2,744,0.1,0.73,1339.2,977.616,361.58400000000006,0.27,2028-09,2028
5867,2027-12-07,West,Office Supplies,Home Office,Printer,6,1760,0.01,0.64,10454.4,6690.816,3763.584,0.36,2027-12,2027
5868,2028-11-16,North,Office Supplies,Corporate,Storage,3,411,0.25,0.71,924.75,656.5725,268.1775,0.29000000000000004,2028-11,2028
5869,2027-06-09,South,Office Supplies,Home Office,Paper,8,1955,0.15,0.66,13294.0,8774.04,4519.959999999999,0.3399999999999999,2027-06,2027
5870,2036-02-02,East,Furniture,Home Office,Paper,5,226,0.19,0.51,915.3000000000001,466.80300000000005,448.497,0.49,2036-02,2036
5871,2031-01-29,South,Technology,Corporate,Chair,3,476,0.12,0.63,1256.64,791.6832,464.95680000000004,0.37,2031-01,2031
5872,2033-05-20,East,Furniture,Corporate,Laptop,7,1468,0.1,0.48,9248.4,4439.232,4809.168,0.52,2033-05,2033
5873,2031-01-20,North,Office Supplies,Corporate,Paper,8,324,0.07,0.66,2410.56,1590.9696000000001,819.5903999999998,0.3399999999999999,2031-01,2031
5874,2036-06-06,North,Technology,Consumer,Desk,4,1140,0.23,0.57,3511.2000000000003,2001.384,1509.8160000000003,0.43000000000000005,2036-06,2036
5875,2025-09-04,West,Furniture,Home Office,Desk,9,596,0.21,0.5,4237.56,2118.78,2118.78,0.5,2025-09,2025
5876,2031-05-25,North,Furniture,Consumer,Monitor,6,572,0.11,0.74,3054.48,2260.3152,794.1648,0.26,2031-05,2031
5877,2025-02-22,North,Office Supplies,Home Office,Storage,1,1988,0.1,0.72,1789.2,1288.224,500.9760000000001,0.2800000000000001,2025-02,2025
5878,2023-08-29,West,Furniture,Home Office,Paper,5,1434,0.0,0.72,7170.0,5162.4,2007.6000000000004,0.28,2023-08,2023
5879,2027-04-03,West,Technology,Consumer,Chair,5,1881,0.02,0.69,9216.9,6359.660999999999,2857.2390000000005,0.31000000000000005,2027-04,2027
5880,2035-07-15,East,Office Supplies,Consumer,Laptop,7,1260,0.19,0.66,7144.200000000001,4715.1720000000005,2429.0280000000002,0.34,2035-07,2035
5881,2025-10-09,North,Office Supplies,Home Office,Chair,7,574,0.15,0.65,3415.2999999999997,2219.9449999999997,1195.355,0.35000000000000003,2025-10,2025
5882,2023-07-06,East,Technology,Corporate,Monitor,6,316,0.13,0.48,1649.52,791.7696,857.7504,0.52,2023-07,2023
5883,2028-02-25,East,Office Supplies,Corporate,Printer,8,295,0.25,0.72,1770.0,1274.3999999999999,495.60000000000014,0.2800000000000001,2028-02,2028
5884,2035-07-23,South,Furniture,Corporate,Chair,2,300,0.15,0.71,510.0,362.09999999999997,147.90000000000003,0.2900000000000001,2035-07,2035
5885,2024-03-06,North,Furniture,Corporate,Printer,7,465,0.12,0.67,2864.4,1919.1480000000001,945.252,0.32999999999999996,2024-03,2024
5886,2023-08-27,North,Office Supplies,Home Office,Desk,7,818,0.05,0.73,5439.7,3970.9809999999998,1468.719,0.27,2023-08,2023
5887,2029-06-03,South,Technology,Corporate,Printer,4,1651,0.25,0.62,4953.0,3070.86,1882.1399999999999,0.37999999999999995,2029-06,2029
5888,2023-03-17,East,Furniture,Corporate,Laptop,2,499,0.17,0.58,828.3399999999999,480.4371999999999,347.9028,0.42000000000000004,2023-03,2023
5889,2026-09-18,North,Technology,Corporate,Storage,4,1648,0.03,0.74,6394.24,4731.7375999999995,1662.5024000000003,0.26000000000000006,2026-09,2026
5890,2036-06-23,East,Furniture,Home Office,Storage,4,689,0.19,0.59,2232.36,1317.0924,915.2676000000001,0.41000000000000003,2036-06,2036
5891,2029-05-19,South,Furniture,Consumer,Laptop,6,313,0.13,0.64,1633.86,1045.6704,588.1895999999999,0.36,2029-05,2029
5892,2035-10-31,West,Office Supplies,Corporate,Laptop,7,440,0.24,0.56,2340.8,1310.8480000000002,1029.952,0.43999999999999995,2035-10,2035
5893,2028-03-17,East,Office Supplies,Home Office,Laptop,3,1452,0.28,0.64,3136.3199999999997,2007.2448,1129.0751999999998,0.36,2028-03,2028
5894,2033-12-27,North,Technology,Home Office,Phone,1,1058,0.18,0.67,867.5600000000001,581.2652,286.2948,0.33,2033-12,2033
5895,2035-10-15,West,Office Supplies,Corporate,Paper,3,218,0.22,0.64,510.12,326.4768,183.64319999999998,0.35999999999999993,2035-10,2035
5896,2036-08-27,East,Furniture,Consumer,Monitor,9,1548,0.02,0.6,13653.36,8192.016,5461.344000000001,0.4000000000000001,2036-08,2036
5897,2028-08-21,East,Furniture,Consumer,Printer,1,1816,0.17,0.54,1507.28,813.9312,693.3488,0.46,2028-08,2028
5898,2023-05-21,West,Technology,Consumer,Paper,8,935,0.23,0.64,5759.6,3686.1440000000002,2073.456,0.36,2023-05,2023
5899,2027-11-25,West,Technology,Home Office,Laptop,2,941,0.15,0.72,1599.7,1151.7839999999999,447.91600000000017,0.2800000000000001,2027-11,2027
5900,2032-12-05,West,Furniture,Corporate,Storage,6,966,0.18,0.45,4752.72,2138.724,2613.996,0.55,2032-12,2032
5901,2023-01-17,North,Office Supplies,Corporate,Chair,3,1496,0.27,0.49,3276.24,1605.3575999999998,1670.8824,0.51,2023-01,2023
5902,2034-11-27,North,Office Supplies,Home Office,Chair,7,1772,0.06,0.49,11659.76,5713.2824,5946.4776,0.51,2034-11,2034
5903,2024-04-09,East,Technology,Corporate,Phone,2,1302,0.03,0.73,2525.88,1843.8924,681.9876000000002,0.2700000000000001,2024-04,2024
5904,2035-03-30,East,Technology,Corporate,Paper,4,1555,0.21,0.65,4913.8,3193.9700000000003,1719.83,0.35,2035-03,2035
5905,2028-01-02,South,Furniture,Consumer,Paper,9,1843,0.25,0.74,12440.25,9205.785,3234.465,0.26,2028-01,2028
5906,2031-04-17,North,Furniture,Corporate,Paper,6,1044,0.26,0.62,4635.36,2873.9231999999997,1761.4368,0.38,2031-04,2031
5907,2024-06-03,East,Technology,Corporate,Printer,4,501,0.19,0.59,1623.24,957.7116,665.5284,0.41000000000000003,2024-06,2024
5908,2023-03-31,West,Furniture,Home Office,Printer,2,1517,0.25,0.69,2275.5,1570.0949999999998,705.4050000000002,0.3100000000000001,2023-03,2023
5909,2036-03-08,West,Technology,Home Office,Monitor,9,982,0.21,0.5,6982.02,3491.01,3491.01,0.5,2036-03,2036
5910,2030-10-22,North,Technology,Consumer,Printer,4,665,0.03,0.56,2580.2,1444.912,1135.2879999999998,0.43999999999999995,2030-10,2030
5911,2030-10-14,West,Office Supplies,Home Office,Storage,9,1202,0.23,0.59,8329.86,4914.6174,3415.2426000000005,0.41000000000000003,2030-10,2030
5912,2035-12-09,South,Technology,Consumer,Storage,2,1906,0.05,0.54,3621.3999999999996,1955.556,1665.8439999999996,0.4599999999999999,2035-12,2035
5913,2028-02-28,East,Furniture,Consumer,Paper,7,523,0.07,0.56,3404.7299999999996,1906.6488,1498.0811999999996,0.43999999999999995,2028-02,2028
5914,2034-06-03,East,Office Supplies,Corporate,Monitor,5,217,0.12,0.47,954.8,448.756,506.044,0.53,2034-06,2034
5915,2025-07-14,East,Office Supplies,Consumer,Paper,8,467,0.09,0.51,3399.76,1733.8776,1665.8824000000002,0.49000000000000005,2025-07,2025
5916,2033-03-23,North,Furniture,Corporate,Phone,8,1229,0.1,0.55,8848.800000000001,4866.840000000001,3981.96,0.44999999999999996,2033-03,2033
5917,2025-08-27,West,Furniture,Consumer,Printer,4,1228,0.05,0.69,4666.4,3219.8159999999993,1446.5840000000003,0.3100000000000001,2025-08,2025
5918,2025-12-30,South,Furniture,Home Office,Printer,4,1426,0.09,0.5,5190.64,2595.32,2595.32,0.5,2025-12,2025
5919,2031-10-01,North,Technology,Home Office,Paper,8,729,0.01,0.55,5773.68,3175.5240000000003,2598.156,0.44999999999999996,2031-10,2031
5920,2026-11-05,East,Office Supplies,Home Office,Paper,3,1864,0.14,0.47,4809.12,2260.2864,2548.8336,0.53,2026-11,2026
5921,2032-03-18,South,Technology,Consumer,Laptop,7,247,0.23,0.62,1331.33,825.4245999999999,505.9054,0.38,2032-03,2032
5922,2034-09-30,East,Technology,Consumer,Paper,8,1989,0.26,0.63,11774.88,7418.1744,4356.705599999999,0.36999999999999994,2034-09,2034
5923,2033-11-26,East,Technology,Corporate,Printer,8,249,0.25,0.71,1494.0,1060.74,433.26,0.29,2033-11,2033
5924,2034-11-02,North,Technology,Corporate,Storage,4,915,0.12,0.7,3220.8,2254.56,966.2400000000002,0.30000000000000004,2034-11,2034
5925,2033-12-27,East,Office Supplies,Corporate,Laptop,9,355,0.22,0.54,2492.1,1345.7340000000002,1146.3659999999998,0.4599999999999999,2033-12,2033
5926,2035-06-23,South,Office Supplies,Corporate,Laptop,4,181,0.09,0.49,658.84,322.83160000000004,336.0084,0.51,2035-06,2035
5927,2035-11-27,East,Technology,Consumer,Printer,8,115,0.02,0.5,901.6,450.8,450.8,0.5,2035-11,2035
5928,2031-06-20,West,Furniture,Consumer,Chair,6,1000,0.2,0.74,4800.0,3552.0,1248.0,0.26,2031-06,2031
5929,2034-05-22,East,Office Supplies,Corporate,Desk,5,292,0.19,0.65,1182.6000000000001,768.6900000000002,413.90999999999997,0.3499999999999999,2034-05,2034
5930,2028-09-05,North,Technology,Consumer,Paper,4,822,0.24,0.46,2498.88,1149.4848000000002,1349.3952,0.5399999999999999,2028-09,2028
5931,2023-10-12,South,Furniture,Consumer,Storage,5,1197,0.18,0.49,4907.700000000001,2404.773,2502.9270000000006,0.51,2023-10,2023
5932,2036-07-04,North,Furniture,Consumer,Chair,1,1400,0.05,0.6,1330.0,798.0,532.0,0.4,2036-07,2036
5933,2036-06-27,West,Technology,Consumer,Printer,7,1184,0.26,0.51,6133.12,3127.8912,3005.2288,0.49,2036-06,2036
5934,2026-04-02,East,Office Supplies,Corporate,Paper,8,1072,0.19,0.69,6946.56,4793.1264,2153.4336000000003,0.31,2026-04,2026
5935,2033-11-13,North,Furniture,Corporate,Printer,9,1050,0.24,0.62,7182.0,4452.84,2729.16,0.38,2033-11,2033
5936,2031-02-13,North,Office Supplies,Consumer,Paper,3,635,0.23,0.63,1466.8500000000001,924.1155000000001,542.7345,0.37,2031-02,2031
5937,2034-10-29,North,Office Supplies,Home Office,Paper,9,1658,0.09,0.59,13579.02,8011.6218,5567.3982000000005,0.41000000000000003,2034-10,2034
5938,2025-02-22,North,Furniture,Corporate,Chair,5,442,0.02,0.53,2165.8,1147.8740000000003,1017.9259999999999,0.4699999999999999,2025-02,2025
5939,2025-08-07,West,Technology,Corporate,Printer,6,494,0.05,0.63,2815.7999999999997,1773.954,1041.8459999999998,0.36999999999999994,2025-08,2025
5940,2033-10-14,West,Furniture,Home Office,Storage,1,1042,0.03,0.67,1010.74,677.1958000000001,333.54419999999993,0.3299999999999999,2033-10,2033
5941,2023-02-14,East,Furniture,Corporate,Monitor,9,357,0.07,0.56,2988.0899999999997,1673.3304,1314.7595999999996,0.43999999999999995,2023-02,2023
5942,2027-12-16,East,Office Supplies,Home Office,Paper,9,1321,0.14,0.6,10224.539999999999,6134.723999999999,4089.816,0.4,2027-12,2027
5943,2035-07-03,South,Technology,Home Office,Laptop,6,152,0.27,0.7,665.76,466.032,199.728,0.30000000000000004,2035-07,2035
5944,2028-09-12,West,Office Supplies,Consumer,Phone,8,750,0.26,0.49,4440.0,2175.6,2264.4,0.51,2028-09,2028
5945,2032-07-30,North,Furniture,Corporate,Printer,4,370,0.22,0.61,1154.4,704.1840000000001,450.216,0.38999999999999996,2032-07,2032
5946,2025-04-09,North,Technology,Home Office,Printer,5,300,0.01,0.55,1485.0,816.7500000000001,668.2499999999999,0.4499999999999999,2025-04,2025
5947,2028-03-24,South,Technology,Consumer,Chair,5,495,0.1,0.66,2227.5,1470.15,757.3499999999999,0.33999999999999997,2028-03,2028
5948,2030-01-25,North,Technology,Corporate,Paper,7,477,0.2,0.46,2671.2000000000003,1228.7520000000002,1442.448,0.5399999999999999,2030-01,2030
5949,2024-11-22,South,Technology,Consumer,Laptop,7,775,0.04,0.65,5208.0,3385.2000000000003,1822.7999999999997,0.3499999999999999,2024-11,2024
5950,2034-01-02,East,Technology,Consumer,Chair,7,1727,0.24,0.48,9187.64,4410.0671999999995,4777.5728,0.52,2034-01,2034
5951,2025-07-20,West,Furniture,Home Office,Monitor,5,634,0.27,0.47,2314.1,1087.627,1226.473,0.53,2025-07,2025
5952,2036-07-07,South,Furniture,Corporate,Paper,4,1022,0.11,0.67,3638.32,2437.6744000000003,1200.6455999999998,0.32999999999999996,2036-07,2036
5953,2032-04-29,North,Furniture,Consumer,Storage,8,1211,0.21,0.64,7653.52,4898.2528,2755.2672000000002,0.36,2032-04,2032
5954,2023-05-28,South,Office Supplies,Home Office,Chair,1,497,0.04,0.72,477.12,343.52639999999997,133.59360000000004,0.2800000000000001,2023-05,2023
5955,2025-10-29,East,Technology,Home Office,Printer,1,1305,0.21,0.61,1030.95,628.8795,402.07050000000004,0.39,2025-10,2025
5956,2026-08-04,North,Technology,Consumer,Paper,6,966,0.01,0.61,5738.04,3500.2044,2237.8356,0.38999999999999996,2026-08,2026
5957,2024-01-23,East,Furniture,Consumer,Laptop,2,1406,0.05,0.66,2671.4,1763.1240000000003,908.2759999999998,0.3399999999999999,2024-01,2024
5958,2031-07-19,East,Technology,Home Office,Storage,3,1656,0.21,0.55,3924.7200000000003,2158.5960000000005,1766.1239999999998,0.4499999999999999,2031-07,2031
5959,2028-02-17,South,Office Supplies,Consumer,Printer,4,660,0.21,0.46,2085.6,959.376,1126.224,0.54,2028-02,2028
5960,2032-10-28,East,Technology,Consumer,Storage,2,289,0.19,0.52,468.18,243.45360000000002,224.72639999999998,0.48,2032-10,2032
5961,2025-07-04,North,Technology,Corporate,Printer,7,304,0.14,0.52,1830.08,951.6416,878.4383999999999,0.48,2025-07,2025
5962,2028-02-22,East,Office Supplies,Home Office,Printer,1,1067,0.2,0.55,853.6,469.4800000000001,384.11999999999995,0.4499999999999999,2028-02,2028
5963,2033-04-06,East,Furniture,Consumer,Printer,3,143,0.23,0.73,330.33,241.1409,89.1891,0.27,2033-04,2033
5964,2023-10-05,South,Furniture,Home Office,Paper,2,1103,0.29,0.69,1566.26,1080.7194,485.54060000000004,0.31000000000000005,2023-10,2023
5965,2028-05-31,East,Technology,Corporate,Phone,9,1423,0.27,0.73,9349.11,6824.8503,2524.2597000000005,0.27,2028-05,2028
5966,2028-02-03,West,Office Supplies,Home Office,Desk,8,1118,0.24,0.75,6797.4400000000005,5098.08,1699.3600000000006,0.25000000000000006,2028-02,2028
5967,2031-04-25,South,Furniture,Home Office,Laptop,3,739,0.21,0.58,1751.43,1015.8294,735.6006000000001,0.42000000000000004,2031-04,2031
5968,2032-03-25,South,Furniture,Home Office,Monitor,5,1093,0.17,0.52,4535.95,2358.694,2177.256,0.48,2032-03,2032
5969,2035-11-27,North,Furniture,Corporate,Phone,3,800,0.04,0.62,2304.0,1428.48,875.52,0.38,2035-11,2035
5970,2028-12-22,North,Technology,Corporate,Desk,6,1805,0.05,0.71,10288.5,7304.835,2983.665,0.29,2028-12,2028
5971,2035-10-20,North,Office Supplies,Home Office,Storage,5,1402,0.25,0.59,5257.5,3101.9249999999997,2155.5750000000003,0.41000000000000003,2035-10,2035
5972,2026-03-16,North,Technology,Home Office,Desk,2,812,0.24,0.6,1234.24,740.544,493.696,0.4,2026-03,2026
5973,2024-05-04,West,Furniture,Corporate,Paper,8,1508,0.18,0.49,9892.480000000001,4847.315200000001,5045.1648000000005,0.51,2024-05,2024
5974,2029-11-30,South,Office Supplies,Consumer,Paper,6,736,0.13,0.58,3841.92,2228.3136,1613.6064000000001,0.42000000000000004,2029-11,2029
5975,2026-03-28,East,Technology,Corporate,Paper,3,903,0.01,0.57,2681.91,1528.6886999999997,1153.2213000000002,0.4300000000000001,2026-03,2026
5976,2035-04-07,North,Furniture,Home Office,Desk,1,410,0.1,0.56,369.0,206.64000000000001,162.35999999999999,0.43999999999999995,2035-04,2035
5977,2034-08-29,North,Furniture,Consumer,Phone,5,977,0.13,0.72,4249.95,3059.964,1189.9859999999999,0.27999999999999997,2034-08,2034
5978,2029-10-24,North,Technology,Consumer,Laptop,2,1651,0.15,0.47,2806.7,1319.149,1487.551,0.53,2029-10,2029
5979,2028-02-20,East,Furniture,Consumer,Chair,2,956,0.28,0.74,1376.6399999999999,1018.7135999999999,357.92639999999994,0.26,2028-02,2028
5980,2029-09-28,North,Furniture,Corporate,Desk,9,373,0.03,0.45,3256.29,1465.3305,1790.9595,0.5499999999999999,2029-09,2029
5981,2027-06-19,East,Office Supplies,Corporate,Paper,7,1605,0.16,0.73,9437.4,6889.302,2548.098,0.27,2027-06,2027
5982,2023-10-15,South,Furniture,Corporate,Chair,6,1929,0.11,0.61,10300.86,6283.524600000001,4017.3354,0.38999999999999996,2023-10,2023
5983,2034-09-22,South,Technology,Corporate,Chair,1,1574,0.3,0.66,1101.8,727.188,374.61199999999997,0.33999999999999997,2034-09,2034
5984,2028-03-22,South,Office Supplies,Home Office,Printer,2,1655,0.26,0.51,2449.4,1249.194,1200.2060000000001,0.49000000000000005,2028-03,2028
5985,2026-03-07,West,Technology,Consumer,Chair,7,630,0.13,0.65,3836.7,2493.855,1342.8449999999998,0.35,2026-03,2026
5986,2023-05-10,East,Furniture,Home Office,Storage,3,1648,0.3,0.71,3460.7999999999997,2457.1679999999997,1003.6320000000001,0.29000000000000004,2023-05,2023
5987,2029-06-21,North,Office Supplies,Corporate,Storage,2,116,0.15,0.49,197.2,96.62799999999999,100.572,0.51,2029-06,2029
5988,2023-05-24,North,Office Supplies,Corporate,Printer,6,817,0.05,0.49,4656.9,2281.881,2375.019,0.51,2023-05,2023
5989,2023-01-16,North,Office Supplies,Home Office,Laptop,8,1153,0.17,0.54,7655.92,4134.196800000001,3521.7231999999995,0.4599999999999999,2023-01,2023
5990,2023-09-02,North,Office Supplies,Consumer,Monitor,8,569,0.07,0.5,4233.36,2116.68,2116.68,0.5,2023-09,2023
5991,2025-07-15,West,Technology,Consumer,Laptop,2,910,0.19,0.48,1474.2,707.616,766.5840000000001,0.52,2025-07,2025
5992,2031-09-14,North,Furniture,Corporate,Storage,6,1427,0.28,0.65,6164.639999999999,4007.0159999999996,2157.624,0.35,2031-09,2031
5993,2028-12-16,West,Furniture,Corporate,Monitor,5,654,0.24,0.51,2485.2,1267.452,1217.7479999999998,0.49,2028-12,2028
5994,2025-06-05,East,Office Supplies,Corporate,Printer,7,192,0.08,0.65,1236.48,803.712,432.76800000000003,0.35000000000000003,2025-06,2025
5995,2023-12-07,South,Furniture,Corporate,Laptop,4,981,0.09,0.71,3570.84,2535.2964,1035.5436,0.29,2023-12,2023
5996,2028-08-13,North,Technology,Consumer,Monitor,2,677,0.02,0.65,1326.92,862.498,464.422,0.35,2028-08,2028
5997,2032-04-21,South,Furniture,Home Office,Monitor,3,730,0.09,0.49,1992.9,976.5210000000001,1016.379,0.51,2032-04,2032
5998,2033-10-25,East,Technology,Consumer,Desk,9,920,0.03,0.62,8031.599999999999,4979.592,3052.008,0.38,2033-10,2033
5999,2023-11-02,East,Technology,Home Office,Laptop,8,683,0.15,0.57,4644.4,2647.3079999999995,1997.092,0.43000000000000005,2023-11,2023
6000,2025-06-26,North,Furniture,Corporate,Printer,9,945,0.21,0.55,6718.950000000001,3695.4225000000006,3023.5275,0.44999999999999996,2025-06,2025
