Month,Region,Category,Segment,Sales,Profit,Quantity,Orders
2023-01,East,Furniture,Consumer,4645.2,2322.6,5,1
2023-01,East,Furniture,Home Office,3996.0,1298.1456,6,2
2023-01,East,Office Supplies,Consumer,5275.080000000001,2642.7960000000003,9,2
2023-01,East,Technology,Home Office,4514.97,1444.7903999999999,3,1
2023-01,North,Furniture,Corporate,9244.58,4166.0268,8,2
2023-01,North,Furniture,Home Office,540.32,232.33760000000007,1,1
2023-01,North,Office Supplies,Consumer,20718.79,7108.6,16,3
2023-01,North,Office Supplies,Corporate,9920.92,4461.648,10,2
2023-01,North,Office Supplies,Home Office,7655.92,3521.7231999999995,8,1
2023-01,North,Technology,Corporate,2653.35,1300.1415,7,1
2023-01,North,Technology,Home Office,5112.68,2537.708,9,2
2023-01,South,Furniture,Consumer,1935.1499999999999,541.8420000000001,5,1
2023-01,South,Furniture,Corporate,6503.88,2341.3967999999995,6,1
2023-01,South,Office Supplies,Corporate,1960.3000000000002,946.2030000000001,9,2
2023-01,South,Technology,Corporate,13778.8,6022.564,17,2
2023-01,South,Technology,Home Office,4329.0,1558.44,6,1
2023-01,West,Furniture,Consumer,3367.98,1683.99,3,1
2023-01,West,Furniture,Corporate,10353.26,4649.8084,9,2
2023-01,West,Office Supplies,Consumer,5080.32,1524.096,6,1
2023-01,West,Office Supplies,Corporate,2697.0,836.0700000000002,5,1
2023-01,West,Technology,Corporate,5447.52,2070.0576,9,1
2023-01,West,Technology,Home Office,375.84,199.1952,2,1
2023-02,East,Furniture,Corporate,8440.89,3932.1035999999995,17,2
2023-02,East,Furniture,Home Office,966.24,241.55999999999995,2,1
2023-02,East,Office Supplies,Home Office,9649.02,2989.4376,14,2
2023-02,East,Technology,Consumer,4378.62,1311.1817999999998,9,2
2023-02,North,Furniture,Consumer,4163.400000000001,1665.3600000000001,6,1
2023-02,North,Technology,Consumer,1115.73,569.0223,3,1
2023-02,North,Technology,Home Office,3743.4,1889.7851999999998,12,2
2023-02,South,Office Supplies,Consumer,3086.48,864.2144000000003,2,1
2023-02,South,Office Supplies,Corporate,1035.1799999999998,476.18279999999993,3,1
2023-02,South,Technology,Home Office,1062.72,382.5792,1,1
2023-02,West,Furniture,Consumer,2525.1,934.287,3,1
2023-02,West,Furniture,Home Office,4947.72,1503.9528,7,2
2023-02,West,Office Supplies,Consumer,1538.16,753.6984,4,1
2023-02,West,Office Supplies,Home Office,1641.6000000000001,640.224,9,1
2023-02,West,Technology,Consumer,4007.88,1923.7824,4,1
2023-02,West,Technology,Corporate,2946.2400000000002,1237.4208000000003,6,1
2023-03,East,Furniture,Corporate,828.3399999999999,347.9028,2,1
2023-03,East,Office Supplies,Consumer,2520.8,705.8240000000001,2,1
2023-03,East,Office Supplies,Home Office,3055.8399999999997,1008.4271999999999,4,1
2023-03,East,Technology,Consumer,6752.4,1755.6239999999998,4,1
2023-03,East,Technology,Home Office,4340.46,1501.9194000000002,4,2
2023-03,North,Furniture,Consumer,2730.48,819.1440000000002,4,1
2023-03,North,Furniture,Home Office,11355.3,4428.567,9,1
2023-03,North,Office Supplies,Consumer,2693.92,999.7424,9,2
2023-03,North,Office Supplies,Home Office,2396.86,1198.43,2,1
2023-03,North,Technology,Corporate,4806.0,2595.24,3,1
2023-03,North,Technology,Home Office,9755.9,4877.95,7,1
2023-03,South,Furniture,Consumer,497.34000000000003,223.803,1,1
2023-03,South,Furniture,Corporate,5368.32,1957.2336,13,3
2023-03,South,Furniture,Home Office,2536.0,1242.6399999999999,2,1
2023-03,South,Office Supplies,Corporate,2088.96,668.4671999999998,8,1
2023-03,South,Office Supplies,Home Office,13539.259999999998,5840.4864,11,2
2023-03,South,Technology,Consumer,2063.8599999999997,1006.6358,6,3
2023-03,South,Technology,Home Office,6789.0,2783.4900000000002,5,1
2023-03,West,Furniture,Home Office,2275.5,705.4050000000002,2,1
2023-03,West,Technology,Home Office,1755.0,859.9499999999999,6,1
2023-04,East,Furniture,Corporate,324.7,107.15099999999998,2,1
2023-04,East,Office Supplies,Consumer,771.0,346.95,2,1
2023-04,East,Office Supplies,Corporate,3637.7999999999997,1018.5839999999998,9,1
2023-04,East,Technology,Corporate,8797.65,4574.778,5,1
2023-04,North,Furniture,Consumer,932.9399999999999,354.5172,3,1
2023-04,North,Furniture,Corporate,4829.37,1448.8110000000001,7,1
2023-04,North,Technology,Consumer,9367.88,3860.0719999999997,9,2
2023-04,North,Technology,Home Office,2798.29,1161.0594,3,2
2023-04,South,Furniture,Corporate,2177.04,587.8008,3,1
2023-04,South,Furniture,Home Office,1892.8799999999999,851.7959999999998,8,1
2023-04,South,Office Supplies,Home Office,3340.8,868.6080000000002,3,1
2023-04,South,Technology,Consumer,6990.219999999999,2636.4016,9,2
2023-04,South,Technology,Corporate,9518.74,2570.0598,7,1
2023-04,South,Technology,Home Office,2254.0,1014.3,2,1
2023-04,West,Furniture,Corporate,4172.31,1543.7547,3,1
2023-04,West,Technology,Corporate,5497.5,1429.35,5,1
2023-05,East,Furniture,Consumer,16498.16,6607.4848,14,2
2023-05,East,Furniture,Corporate,9742.32,5066.0064,6,1
2023-05,East,Furniture,Home Office,3460.7999999999997,1003.6320000000001,3,1
2023-05,East,Office Supplies,Consumer,18927.6,8667.0576,22,3
2023-05,East,Office Supplies,Home Office,3608.36,1479.4276,2,1
2023-05,East,Technology,Consumer,7366.75,3020.3675000000003,5,1
2023-05,East,Technology,Corporate,5856.0,3162.24,8,1
2023-05,North,Furniture,Corporate,1094.82,372.23879999999997,2,1
2023-05,North,Furniture,Home Office,13197.539999999999,4008.4314000000004,8,2
2023-05,North,Office Supplies,Consumer,7466.0,3807.64,14,2
2023-05,North,Office Supplies,Corporate,4656.9,2375.019,6,1
2023-05,North,Office Supplies,Home Office,4238.58,1951.9317,5,3
2023-05,North,Technology,Consumer,5183.280000000001,2021.4792000000002,6,1
2023-05,North,Technology,Home Office,7302.400000000001,2117.696000000001,7,1
2023-05,South,Furniture,Consumer,5063.849999999999,2177.4555,9,1
2023-05,South,Furniture,Home Office,6936.8,3676.5040000000004,5,1
2023-05,South,Office Supplies,Corporate,1096.2,295.97400000000005,2,1
2023-05,South,Office Supplies,Home Office,4439.64,1995.978,5,2
2023-05,South,Technology,Consumer,14073.06,5774.666399999998,13,2
2023-05,South,Technology,Home Office,1067.52,362.95679999999993,4,1
2023-05,West,Furniture,Consumer,4416.21,1387.6470000000004,7,2
2023-05,West,Office Supplies,Consumer,12453.210000000001,5479.4124,9,1
2023-05,West,Office Supplies,Corporate,8778.0,3423.42,7,1
2023-05,West,Office Supplies,Home Office,22018.949999999997,10659.167999999998,20,3
2023-05,West,Technology,Consumer,5759.6,2073.456,8,1
2023-05,West,Technology,Corporate,15434.880000000001,4320.799200000001,12,2
2023-06,East,Furniture,Consumer,2429.16,1230.1554,4,2
2023-06,East,Office Supplies,Consumer,4683.18,1779.6084,3,1
2023-06,East,Office Supplies,Home Office,4644.22,1857.688,7,1
2023-06,East,Technology,Home Office,3450.3999999999996,1587.1839999999997,2,1
2023-06,North,Furniture,Consumer,26233.4,11012.932,20,3
2023-06,North,Office Supplies,Corporate,4870.719999999999,1940.1373999999996,6,2
2023-06,North,Office Supplies,Home Office,10178.279999999999,2849.9183999999996,7,1
2023-06,North,Technology,Consumer,12699.599999999999,5968.811999999999,8,1
2023-06,North,Technology,Home Office,2834.8,1275.6599999999999,5,1
2023-06,South,Furniture,Home Office,6228.04,2615.7768,4,1
2023-06,South,Technology,Consumer,16896.95,5854.24,12,2
2023-06,South,Technology,Corporate,15911.1,6241.338,10,2
2023-06,South,Technology,Home Office,19126.02,8177.059799999999,16,3
2023-06,West,Furniture,Corporate,5551.3,2775.65,5,1
2023-06,West,Furniture,Home Office,6609.24,1916.6796000000004,4,1
2023-06,West,Office Supplies,Corporate,8075.639999999999,3980.904,6,2
2023-06,West,Technology,Corporate,3029.9399999999996,757.4849999999997,6,1
2023-07,East,Office Supplies,Consumer,3894.35,1791.4009999999998,5,1
2023-07,East,Office Supplies,Corporate,15946.23,5122.105199999999,12,2
2023-07,East,Office Supplies,Home Office,1569.6999999999998,579.2929999999999,9,2
2023-07,East,Technology,Corporate,7041.42,2313.5634,9,2
2023-07,East,Technology,Home Office,15971.08,6055.9052,12,3
2023-07,North,Furniture,Consumer,9004.16,2637.3152000000005,7,2
2023-07,North,Furniture,Corporate,15153.04,6286.593599999999,11,2
2023-07,North,Furniture,Home Office,645.12,264.49920000000003,2,1
2023-07,North,Office Supplies,Corporate,899.84,314.94399999999996,2,1
2023-07,North,Technology,Corporate,5329.8,2771.496,7,1
2023-07,North,Technology,Home Office,1376.4,610.332,5,2
2023-07,South,Furniture,Corporate,1360.59,517.0242,7,1
2023-07,South,Office Supplies,Corporate,17494.25,6614.6951,20,3
2023-07,South,Technology,Consumer,19647.62,5665.888999999998,15,2
2023-07,South,Technology,Corporate,517.4399999999999,222.49919999999997,4,1
2023-07,West,Furniture,Consumer,1917.0,747.6300000000001,4,1
2023-07,West,Furniture,Corporate,8425.199999999999,2696.0639999999994,8,1
2023-07,West,Office Supplies,Consumer,2583.3,1302.2340000000002,10,2
2023-07,West,Office Supplies,Corporate,2988.6,1344.252,2,2
2023-07,West,Office Supplies,Home Office,16884.899999999998,6495.780599999999,13,2
2023-07,West,Technology,Consumer,3285.3599999999997,1109.052,6,2
2023-07,West,Technology,Home Office,5983.16,2204.676,10,2
2023-08,East,Furniture,Consumer,3986.0,1818.0539999999999,5,2
2023-08,East,Furniture,Corporate,12745.26,4333.3884,9,1
2023-08,East,Office Supplies,Consumer,2911.9,1087.811,6,2
2023-08,East,Office Supplies,Home Office,4084.56,1878.8975999999998,8,1
2023-08,East,Technology,Corporate,2421.36,605.3400000000001,6,1
2023-08,East,Technology,Home Office,7189.6,3379.112,5,1
2023-08,North,Furniture,Consumer,4256.0,1787.52,5,1
2023-08,North,Office Supplies,Home Office,8274.34,2602.575,10,2
2023-08,North,Technology,Consumer,13319.52,5545.300799999999,10,2
2023-08,North,Technology,Corporate,11143.439999999999,4738.9728,12,2
2023-08,South,Furniture,Consumer,2153.25,861.3,5,1
2023-08,South,Furniture,Corporate,774.9000000000001,371.95200000000006,7,1
2023-08,South,Office Supplies,Consumer,7159.76,3691.0104,14,2
2023-08,South,Office Supplies,Home Office,5640.88,2989.6664,4,1
2023-08,South,Technology,Consumer,867.02,320.79740000000004,1,1
2023-08,South,Technology,Home Office,7706.73,3185.5177,16,3
2023-08,West,Furniture,Consumer,7921.8,2794.0656,10,3
2023-08,West,Furniture,Corporate,1793.3400000000001,591.8022000000001,6,1
2023-08,West,Furniture,Home Office,7170.0,2007.6000000000004,5,1
2023-08,West,Office Supplies,Corporate,949.6999999999999,420.4097999999999,8,2
2023-09,East,Furniture,Consumer,8512.0,4256.0,7,1
2023-09,East,Furniture,Home Office,12908.160000000002,7099.488000000001,8,1
2023-09,East,Office Supplies,Consumer,1764.0,546.8400000000001,2,1
2023-09,East,Office Supplies,Corporate,735.36,330.912,1,1
2023-09,East,Technology,Corporate,1315.16,565.5188,4,1
2023-09,North,Furniture,Corporate,2291.52,595.7952,3,1
2023-09,North,Furniture,Home Office,6999.75,2745.1785,9,3
2023-09,North,Office Supplies,Consumer,15843.81,7165.040999999999,21,4
2023-09,North,Office Supplies,Corporate,20889.0,8534.988000000001,13,2
2023-09,North,Office Supplies,Home Office,10366.44,5079.555600000001,7,1
2023-09,North,Technology,Home Office,2864.88,1145.952,2,1
2023-09,South,Furniture,Consumer,7445.36,2414.769399999999,6,2
2023-09,South,Furniture,Corporate,1614.8,500.58799999999997,5,1
2023-09,South,Furniture,Home Office,2843.82,1137.528,3,1
2023-09,South,Office Supplies,Consumer,881.64,387.92159999999996,3,1
2023-09,South,Office Supplies,Corporate,1716.26,789.4795999999999,1,1
2023-09,South,Office Supplies,Home Office,9522.24,2666.2272000000003,8,1
2023-09,South,Technology,Home Office,3326.4,1762.9920000000002,3,1
2023-09,West,Office Supplies,Consumer,2274.48,773.3232,9,1
2023-09,West,Office Supplies,Home Office,9842.82,4579.659799999999,11,3
2023-09,West,Technology,Home Office,2533.8,709.4640000000002,5,1
2023-10,East,Furniture,Consumer,5592.51,1454.0526,3,1
2023-10,East,Furniture,Home Office,6110.900000000001,1955.4879999999996,8,2
2023-10,East,Technology,Consumer,3288.6,1446.9839999999997,2,1
2023-10,North,Furniture,Corporate,6285.499999999999,3040.83,9,2
2023-10,North,Office Supplies,Consumer,13351.960000000001,5272.363600000001,9,2
2023-10,North,Technology,Consumer,3957.54,1068.5358,6,1
2023-10,North,Technology,Home Office,3141.2,899.8088,7,2
2023-10,South,Furniture,Consumer,15367.380000000001,7732.767000000001,12,2
2023-10,South,Furniture,Corporate,18440.46,7517.3634,13,2
2023-10,South,Furniture,Home Office,4365.29,2001.6562999999999,6,3
2023-10,South,Office Supplies,Consumer,10523.82,4752.3024,9,3
2023-10,South,Office Supplies,Home Office,14177.279999999999,4962.047999999999,8,1
2023-10,South,Technology,Consumer,3202.5,1056.8249999999998,5,1
2023-10,South,Technology,Home Office,3188.04,956.4120000000003,4,1
2023-10,West,Furniture,Corporate,2899.4,1217.748,2,1
2023-10,West,Furniture,Home Office,2217.2000000000003,842.5360000000001,5,1
2023-10,West,Office Supplies,Corporate,3928.32,1767.7439999999997,6,1
2023-10,West,Office Supplies,Home Office,450.84999999999997,121.72949999999997,5,1
2023-10,West,Technology,Consumer,4547.2,1818.88,4,1
2023-10,West,Technology,Corporate,8468.48,2537.3408,15,3
2023-11,East,Furniture,Home Office,5905.36,3129.8408,8,1
2023-11,East,Office Supplies,Corporate,2010.64,945.0008,4,1
2023-11,East,Technology,Consumer,3910.9,1759.9049999999997,7,1
2023-11,East,Technology,Home Office,8165.5199999999995,3539.6823999999997,16,3
2023-11,North,Technology,Consumer,3519.16,1266.8975999999998,2,1
2023-11,South,Furniture,Home Office,989.52,524.4456,3,1
2023-11,South,Office Supplies,Consumer,720.72,266.6664,2,1
2023-11,South,Office Supplies,Home Office,9131.08,3694.3172,10,2
2023-11,West,Furniture,Corporate,12893.24,4311.010800000001,10,2
2023-11,West,Office Supplies,Consumer,10794.0,5504.9400000000005,6,1
2023-11,West,Office Supplies,Corporate,683.92,369.31679999999994,2,1
2023-11,West,Office Supplies,Home Office,5637.0599999999995,1691.118,6,1
2023-11,West,Technology,Corporate,7413.84,2252.9256000000005,8,2
2023-12,East,Furniture,Corporate,2768.0499999999997,1190.2615,5,1
2023-12,East,Furniture,Home Office,3188.1600000000003,1594.0800000000002,6,1
2023-12,East,Office Supplies,Consumer,12586.56,5538.086399999999,7,1
2023-12,East,Technology,Home Office,7456.0,3653.44,4,1
2023-12,North,Furniture,Home Office,7020.0,3369.6,9,1
2023-12,North,Office Supplies,Consumer,1198.08,491.2128,2,1
2023-12,North,Office Supplies,Corporate,2667.18,1077.8544,13,2
2023-12,North,Technology,Consumer,10610.279999999999,3789.9648,13,2
2023-12,North,Technology,Corporate,8013.81,2260.6143,12,2
2023-12,South,Furniture,Corporate,9820.439999999999,3472.8876,10,2
2023-12,South,Furniture,Home Office,11345.1,3590.6730000000002,12,2
2023-12,South,Office Supplies,Consumer,7999.860000000001,3205.977,11,3
2023-12,South,Office Supplies,Home Office,2224.56,889.8240000000001,4,1
2023-12,South,Technology,Corporate,7276.54,2871.6988,8,2
2023-12,South,Technology,Home Office,1552.32,776.16,6,1
2023-12,West,Furniture,Consumer,9025.38,2888.1215999999995,7,1
2023-12,West,Furniture,Corporate,646.0,251.94,2,1
2023-12,West,Furniture,Home Office,825.66,338.5206,1,1
2023-12,West,Office Supplies,Corporate,1350.56,715.7968,4,1
2023-12,West,Office Supplies,Home Office,26955.94,8236.7454,18,3
2023-12,West,Technology,Consumer,3698.2400000000002,1072.4896000000003,4,1
2023-12,West,Technology,Home Office,1182.6,591.3,5,1
2024-01,East,Furniture,Consumer,11447.3,3365.5280000000002,9,2
2024-01,East,Furniture,Corporate,313.5,144.20999999999998,1,1
2024-01,East,Technology,Corporate,6082.4400000000005,2068.0296,6,1
2024-01,East,Technology,Home Office,5030.349999999999,1660.0154999999995,5,1
2024-01,North,Furniture,Corporate,4400.66,2063.0252,11,4
2024-01,North,Furniture,Home Office,7021.4400000000005,3440.5056000000004,6,1
2024-01,North,Office Supplies,Consumer,1924.5600000000002,558.1224000000002,8,1
2024-01,North,Office Supplies,Corporate,5178.599999999999,2537.5139999999997,5,1
2024-01,North,Office Supplies,Home Office,4275.66,1365.9882000000002,9,2
2024-01,North,Technology,Consumer,8294.0,3815.24,5,1
2024-01,South,Furniture,Consumer,1741.95,452.9069999999999,7,1
2024-01,South,Furniture,Corporate,8949.6,3311.352,9,1
2024-01,South,Furniture,Home Office,5837.04,1926.2232,8,1
2024-01,South,Office Supplies,Consumer,1943.8999999999999,680.6744,13,2
2024-01,South,Office Supplies,Home Office,7666.08,2747.4300000000003,9,2
2024-01,South,Technology,Corporate,6000.05,1680.0140000000001,7,1
2024-01,South,Technology,Home Office,11486.44,5218.9788,8,2
2024-01,West,Furniture,Consumer,3481.6,1771.5556,8,2
2024-01,West,Furniture,Corporate,1002.0400000000001,260.5304,1,1
2024-01,West,Furniture,Home Office,6303.8,2017.2159999999994,5,1
2024-01,West,Office Supplies,Corporate,5519.3,3035.6150000000002,5,1
2024-01,West,Office Supplies,Home Office,5911.0,3132.8300000000004,5,1
2024-01,West,Technology,Consumer,2734.0,1110.6960000000001,7,2
2024-01,West,Technology,Corporate,5214.72,2763.8016000000002,3,1
2024-01,West,Technology,Home Office,3713.9399999999996,1299.879,9,1
2024-02,East,Office Supplies,Corporate,6091.68,2010.2543999999998,6,1
2024-02,North,Furniture,Consumer,9181.65,2367.9831,7,2
2024-02,North,Furniture,Corporate,1950.75,721.7774999999999,3,1
2024-02,North,Furniture,Home Office,8017.92,3848.6016,8,1
2024-02,North,Office Supplies,Corporate,17466.72,6029.191199999999,22,4
2024-02,North,Technology,Corporate,16756.02,8008.8498,11,2
2024-02,North,Technology,Home Office,6375.6,3315.3120000000004,6,1
2024-02,South,Furniture,Consumer,4143.75,2030.4375,3,1
2024-02,South,Furniture,Home Office,2313.0,948.3300000000002,2,1
2024-02,South,Office Supplies,Home Office,28509.68,12618.9936,19,4
2024-02,South,Technology,Corporate,6830.400000000001,2800.4640000000004,6,1
2024-02,South,Technology,Home Office,204.8,90.112,1,1
2024-02,West,Furniture,Corporate,8849.759999999998,2699.9472000000005,11,2
2024-02,West,Furniture,Home Office,2893.98,1282.7964000000002,5,2
2024-02,West,Technology,Consumer,2205.9,1080.891,6,1
2024-02,West,Technology,Corporate,2364.75,1016.8425000000002,3,1
2024-03,East,Furniture,Consumer,6686.8,2139.776,8,1
2024-03,East,Furniture,Corporate,3425.76,1199.016,6,1
2024-03,East,Office Supplies,Consumer,6862.8,2813.7480000000005,4,1
2024-03,East,Office Supplies,Corporate,12808.800000000001,6404.400000000001,9,1
2024-03,East,Technology,Consumer,13241.58,4369.7214,12,2
2024-03,East,Technology,Corporate,6843.200000000001,2852.15,10,2
2024-03,North,Furniture,Corporate,3847.65,1387.7145,8,2
2024-03,South,Furniture,Home Office,5253.6,2574.264,3,1
2024-03,South,Office Supplies,Corporate,1280.6100000000001,409.7952,1,1
2024-03,South,Office Supplies,Home Office,10471.68,3246.220800000001,9,1
2024-03,South,Technology,Corporate,2849.92,1139.968,2,1
2024-03,South,Technology,Home Office,796.4,262.812,5,1
2024-03,West,Furniture,Consumer,4391.610000000001,2327.5533000000005,3,1
2024-03,West,Furniture,Corporate,6902.0,2415.7,7,1
2024-03,West,Office Supplies,Consumer,7740.0,2786.3999999999996,6,1
2024-03,West,Office Supplies,Corporate,2568.0,1001.52,4,1
2024-03,West,Technology,Consumer,2905.3199999999997,755.3831999999998,4,1
2024-04,East,Furniture,Consumer,375.84,105.23520000000002,3,1
2024-04,East,Office Supplies,Corporate,1560.0,608.4,1,1
2024-04,East,Office Supplies,Home Office,10058.4,3118.1040000000003,9,1
2024-04,East,Technology,Consumer,3395.95,1508.4255,9,2
2024-04,East,Technology,Corporate,8759.43,2988.4011,7,2
2024-04,East,Technology,Home Office,3933.24,1337.3015999999998,6,1
2024-04,North,Furniture,Consumer,1224.96,514.4832,4,1
2024-04,North,Furniture,Corporate,7064.099999999999,3390.7679999999996,5,1
2024-04,North,Furniture,Home Office,9708.93,4314.4947999999995,6,2
2024-04,North,Office Supplies,Corporate,16400.370000000003,5173.131600000001,13,2
2024-04,North,Technology,Corporate,11273.36,5298.4792,7,1
2024-04,South,Furniture,Home Office,7605.539999999999,3498.5483999999997,6,1
2024-04,South,Office Supplies,Corporate,869.75,469.66499999999996,6,2
2024-04,South,Technology,Corporate,931.32,307.3356,1,1
2024-04,West,Furniture,Consumer,4554.0,2049.2999999999997,3,1
2024-04,West,Furniture,Corporate,5536.4400000000005,1384.1100000000006,9,1
2024-04,West,Office Supplies,Home Office,4226.7,1648.413,5,1
2024-04,West,Technology,Consumer,957.8199999999999,354.39339999999993,1,1
2024-05,East,Furniture,Consumer,8262.869999999999,4214.0637,7,1
2024-05,East,Furniture,Home Office,5476.24,2957.1695999999997,7,1
2024-05,East,Technology,Consumer,7611.240000000001,2359.4844000000003,7,1
2024-05,East,Technology,Corporate,540.54,259.45919999999995,3,1
2024-05,East,Technology,Home Office,15143.759999999998,6270.307199999999,15,2
2024-05,North,Furniture,Consumer,3210.1600000000003,872.3336000000002,5,2
2024-05,North,Furniture,Home Office,421.79999999999995,147.63,3,1
2024-05,North,Office Supplies,Consumer,6037.2,2294.136,5,1
2024-05,North,Office Supplies,Corporate,13495.68,4723.487999999999,8,1
2024-05,North,Office Supplies,Home Office,7392.09,3358.0883999999996,10,2
2024-05,North,Technology,Consumer,2638.54,871.9112000000001,3,2
2024-05,North,Technology,Corporate,977.5,449.65,2,1
2024-05,North,Technology,Home Office,6354.66,2497.6704,9,2
2024-05,South,Furniture,Consumer,4470.51,1755.2997,6,2
2024-05,South,Furniture,Home Office,6691.3,3613.302,7,1
2024-05,South,Office Supplies,Consumer,17571.36,7854.1446,14,3
2024-05,South,Office Supplies,Home Office,8061.02,2257.0856,10,2
2024-05,West,Furniture,Corporate,9892.480000000001,5045.1648000000005,8,1
2024-05,West,Furniture,Home Office,16713.300000000003,7333.454999999999,11,2
2024-05,West,Technology,Consumer,1465.1,642.2325000000001,8,2
2024-05,West,Technology,Corporate,11678.400000000001,5959.828799999999,12,2
2024-06,East,Furniture,Consumer,13989.990000000002,6865.4061,10,2
2024-06,East,Furniture,Corporate,15361.599999999999,5995.296,9,2
2024-06,East,Office Supplies,Consumer,8904.06,2671.218,6,1
2024-06,East,Technology,Consumer,12258.36,5657.554800000001,11,2
2024-06,East,Technology,Corporate,8244.99,3910.1859,13,2
2024-06,East,Technology,Home Office,6076.08,3281.0832,4,1
2024-06,North,Furniture,Consumer,4224.96,1098.4895999999999,4,1
2024-06,North,Furniture,Corporate,8017.14,3591.6395999999995,9,2
2024-06,North,Furniture,Home Office,6680.799999999999,2805.936,8,1
2024-06,North,Office Supplies,Consumer,2287.6,709.1560000000002,5,1
2024-06,North,Office Supplies,Home Office,2676.18,1177.5191999999997,6,1
2024-06,North,Technology,Consumer,15853.019999999999,5011.311599999999,11,2
2024-06,North,Technology,Corporate,2572.79,1133.7955000000002,3,2
2024-06,South,Office Supplies,Corporate,15387.57,5824.896300000001,21,4
2024-06,South,Office Supplies,Home Office,6061.4400000000005,2727.648,4,1
2024-06,South,Technology,Consumer,9353.07,2618.8596,9,1
2024-06,South,Technology,Corporate,11181.36,3876.0498,12,2
2024-06,South,Technology,Home Office,5725.599999999999,3091.8239999999996,8,1
2024-06,West,Office Supplies,Consumer,2461.86,935.5068000000001,2,1
2024-06,West,Technology,Consumer,9576.56,3351.7959999999994,7,1
2024-07,East,Furniture,Corporate,3946.68,1657.6055999999999,3,1
2024-07,East,Office Supplies,Corporate,2916.48,904.1088000000002,2,1
2024-07,East,Technology,Home Office,670.8000000000001,254.90400000000005,5,1
2024-07,North,Office Supplies,Consumer,3010.88,1053.808,8,1
2024-07,North,Office Supplies,Corporate,9676.800000000001,5031.936000000001,7,1
2024-07,North,Office Supplies,Home Office,9412.48,2823.7440000000006,8,1
2024-07,North,Technology,Consumer,2948.4,1474.2,9,1
2024-07,South,Office Supplies,Corporate,1704.82,596.6869999999999,2,1
2024-07,South,Office Supplies,Home Office,13660.560000000001,4820.8608,13,2
2024-07,South,Technology,Consumer,12457.1,3487.988000000001,10,2
2024-07,South,Technology,Corporate,1955.52,860.4287999999999,6,1
2024-07,South,Technology,Home Office,1603.92,481.17600000000016,6,1
2024-07,West,Furniture,Consumer,1266.6599999999999,620.6633999999999,2,1
2024-07,West,Furniture,Corporate,1914.59,1018.3851,6,2
2024-07,West,Office Supplies,Home Office,8307.63,3239.9757,9,1
2024-07,West,Technology,Consumer,1307.3400000000001,339.90840000000003,3,1
2024-07,West,Technology,Corporate,10444.54,4718.583200000001,14,3
2024-07,West,Technology,Home Office,6295.2,2077.4159999999993,4,1
2024-08,East,Furniture,Consumer,5154.75,2835.1124999999997,5,1
2024-08,East,Furniture,Corporate,1543.76,818.1928,1,1
2024-08,East,Furniture,Home Office,11078.26,5519.103,15,3
2024-08,East,Office Supplies,Consumer,5735.96,2570.5620000000004,13,3
2024-08,East,Office Supplies,Corporate,9474.0,3315.8999999999996,6,1
2024-08,East,Office Supplies,Home Office,3143.84,1037.4672,2,1
2024-08,East,Technology,Consumer,7296.85,2735.7478,11,3
2024-08,East,Technology,Corporate,1407.84,464.58719999999994,2,1
2024-08,North,Office Supplies,Corporate,16529.93,7237.4132,13,2
2024-08,North,Technology,Consumer,4682.549999999999,1966.6709999999998,5,1
2024-08,North,Technology,Corporate,18573.449999999997,6611.988599999999,15,2
2024-08,South,Furniture,Consumer,6447.6,2772.4680000000003,5,1
2024-08,South,Office Supplies,Corporate,6134.76,2644.3548,10,2
2024-08,South,Technology,Consumer,665.0,339.15000000000003,7,1
2024-08,West,Furniture,Corporate,10274.0,4233.916,8,2
2024-08,West,Furniture,Home Office,3946.05,1284.0659999999998,4,2
2024-08,West,Office Supplies,Consumer,6773.76,2303.0783999999994,9,1
2024-08,West,Office Supplies,Corporate,11621.6,5989.103999999999,7,2
2024-08,West,Technology,Home Office,13818.22,6878.4637999999995,16,2
2024-09,East,Furniture,Corporate,4000.2799999999997,1480.1036,4,1
2024-09,East,Furniture,Home Office,4000.9199999999996,1331.2068,6,2
2024-09,East,Office Supplies,Corporate,496.44,223.39799999999997,3,1
2024-09,East,Technology,Consumer,4107.28,1901.3,6,2
2024-09,North,Office Supplies,Consumer,701.46,273.56940000000003,1,1
2024-09,North,Office Supplies,Home Office,4615.679999999999,2123.2127999999993,4,1
2024-09,North,Technology,Consumer,11386.340000000002,6013.827400000001,9,2
2024-09,North,Technology,Home Office,10557.33,5253.0135,9,2
2024-09,South,Furniture,Corporate,17530.02,6349.710599999999,11,2
2024-09,South,Office Supplies,Consumer,1060.8,466.75199999999995,3,1
2024-09,South,Office Supplies,Corporate,5302.49,2689.5441,8,2
2024-09,South,Technology,Corporate,9942.76,4534.3428,13,3
2024-09,South,Technology,Home Office,3575.7,1823.607,6,1
2024-09,West,Furniture,Home Office,2421.76,1186.6624000000002,2,1
2024-09,West,Office Supplies,Corporate,2115.84,761.7024000000001,8,1
2024-09,West,Office Supplies,Home Office,7520.45,3974.976,9,2
2024-09,West,Technology,Consumer,8686.26,2412.5112,12,2
2024-09,West,Technology,Home Office,986.04,473.2991999999999,3,1
2024-10,East,Furniture,Consumer,2449.44,979.7760000000001,7,1
2024-10,East,Furniture,Home Office,3873.6800000000003,1743.156,4,1
2024-10,East,Office Supplies,Corporate,9303.84,2977.2288,9,1
2024-10,East,Office Supplies,Home Office,9663.39,2936.0145,25,4
2024-10,East,Technology,Consumer,8843.65,3773.6005000000005,10,2
2024-10,East,Technology,Corporate,22193.629999999997,6378.109099999999,15,2
2024-10,East,Technology,Home Office,3931.48,1965.74,7,1
2024-10,North,Furniture,Consumer,873.6,428.064,5,1
2024-10,North,Furniture,Home Office,589.84,259.52959999999996,4,1
2024-10,North,Office Supplies,Consumer,6748.549999999999,2294.5069999999996,5,1
2024-10,North,Office Supplies,Corporate,1385.1000000000001,387.8280000000001,1,1
2024-10,North,Technology,Corporate,10067.56,5200.4468,10,2
2024-10,South,Furniture,Home Office,8274.82,4119.991800000001,8,2
2024-10,South,Office Supplies,Consumer,9265.8,4249.014,7,2
2024-10,South,Technology,Consumer,2263.52,1154.3952,8,1
2024-10,South,Technology,Home Office,16918.34,6443.871,15,2
2024-10,West,Furniture,Consumer,5207.29,2278.3428999999996,8,2
2024-10,West,Furniture,Corporate,256.8,118.12799999999999,1,1
2024-10,West,Office Supplies,Consumer,7618.05,3809.025,9,1
2024-10,West,Office Supplies,Corporate,14638.919999999998,5696.242399999999,17,3
2024-10,West,Office Supplies,Home Office,15874.56,7345.6128,12,2
2024-10,West,Technology,Consumer,8807.4,4063.2339999999995,6,2
2024-11,East,Furniture,Corporate,8652.699999999999,3288.026,5,1
2024-11,East,Furniture,Home Office,6039.0,2202.6708,5,2
2024-11,East,Office Supplies,Corporate,1244.88,659.7864000000001,3,1
2024-11,North,Furniture,Consumer,2045.4399999999998,777.2672,4,1
2024-11,North,Furniture,Home Office,18862.53,8622.133499999998,15,2
2024-11,North,Office Supplies,Corporate,17433.07,5248.4517,14,2
2024-11,North,Technology,Consumer,6716.549999999999,2637.2592,22,5
2024-11,North,Technology,Corporate,10670.4,3591.8801999999996,15,2
2024-11,North,Technology,Home Office,4572.360000000001,1828.9440000000004,6,1
2024-11,South,Furniture,Consumer,5821.2,2270.268,7,1
2024-11,South,Furniture,Corporate,5505.6,1596.6240000000003,4,1
2024-11,South,Technology,Consumer,5208.0,1822.7999999999997,7,1
2024-11,South,Technology,Corporate,11833.5,5868.923599999999,13,4
2024-11,West,Furniture,Consumer,1598.13,687.1959000000002,1,1
2024-11,West,Furniture,Corporate,14587.83,4376.349,9,1
2024-11,West,Furniture,Home Office,5602.860000000001,2489.4629999999997,16,2
2024-11,West,Office Supplies,Corporate,632.4599999999999,297.2561999999999,1,1
2024-11,West,Office Supplies,Home Office,1212.1200000000001,545.454,7,1
2024-11,West,Technology,Corporate,5657.6,1923.5839999999998,8,1
2024-12,East,Furniture,Consumer,11956.94,4614.1852,19,3
2024-12,East,Furniture,Corporate,5252.5199999999995,1523.2308000000003,6,1
2024-12,East,Furniture,Home Office,3116.55,841.4685,3,1
2024-12,East,Office Supplies,Consumer,7714.35,3471.4574999999995,7,1
2024-12,East,Office Supplies,Corporate,6604.32,2279.2475999999997,8,2
2024-12,East,Technology,Consumer,5483.82,2360.7374,13,3
2024-12,East,Technology,Corporate,2585.0,827.1999999999998,5,1
2024-12,East,Technology,Home Office,1343.52,685.1952,6,1
2024-12,North,Furniture,Corporate,4315.77,2330.5158,9,1
2024-12,North,Furniture,Home Office,3472.6,1493.218,5,1
2024-12,North,Office Supplies,Consumer,7050.240000000001,3595.6224,8,1
2024-12,North,Office Supplies,Corporate,9610.199999999999,3651.8759999999993,9,1
2024-12,North,Office Supplies,Home Office,9597.14,3374.8512,10,2
2024-12,North,Technology,Consumer,5579.28,2120.1264,6,1
2024-12,North,Technology,Home Office,3272.22,916.2215999999999,9,1
2024-12,South,Furniture,Consumer,15754.2,6075.888000000001,15,2
2024-12,South,Office Supplies,Corporate,3487.68,941.6736000000001,7,1
2024-12,South,Office Supplies,Home Office,2330.7,629.289,2,1
2024-12,South,Technology,Consumer,5835.5199999999995,1984.0767999999998,8,1
2024-12,South,Technology,Home Office,9303.35,3442.2394999999997,7,1
2024-12,West,Furniture,Consumer,9829.98,4914.99,6,1
2024-12,West,Furniture,Corporate,5901.12,2478.4704,6,1
2024-12,West,Office Supplies,Corporate,11927.439999999999,4398.060799999999,14,2
2024-12,West,Technology,Consumer,6555.64,3474.4892000000004,4,1
2024-12,West,Technology,Corporate,2017.1699999999998,706.0094999999999,9,1
2024-12,West,Technology,Home Office,1382.4,635.904,9,1
2025-01,East,Office Supplies,Consumer,2930.9199999999996,762.0391999999997,2,1
2025-01,East,Office Supplies,Corporate,1585.6000000000001,570.816,1,1
2025-01,North,Furniture,Consumer,1721.75,912.5275,5,1
2025-01,North,Furniture,Corporate,762.3,297.29699999999997,7,1
2025-01,North,Office Supplies,Consumer,953.19,247.82940000000008,7,1
2025-01,North,Technology,Corporate,10745.759999999998,4314.7836,12,2
2025-01,South,Furniture,Home Office,8066.5199999999995,3549.268799999999,7,1
2025-01,West,Furniture,Home Office,12254.4,4317.9839999999995,8,2
2025-01,West,Office Supplies,Consumer,7219.92,2910.3864000000003,8,2
2025-01,West,Office Supplies,Corporate,6892.65,3101.6924999999997,9,1
2025-01,West,Technology,Corporate,752.57,263.3995,1,1
2025-01,West,Technology,Home Office,8313.39,4239.8289,9,1
2025-02,East,Furniture,Consumer,4952.16,2030.3856,9,1
2025-02,East,Furniture,Corporate,8859.02,4172.23,11,2
2025-02,East,Office Supplies,Corporate,4899.0,2253.54,4,1
2025-02,East,Office Supplies,Home Office,7662.96,3303.9503999999997,7,2
2025-02,East,Technology,Home Office,10122.84,4251.5928,9,1
2025-02,North,Furniture,Corporate,2165.8,1017.9259999999999,5,1
2025-02,North,Furniture,Home Office,2833.76,1048.4912000000002,4,1
2025-02,North,Office Supplies,Consumer,11495.259999999998,4929.645,8,2
2025-02,North,Office Supplies,Home Office,14611.02,6569.2044000000005,13,3
2025-02,North,Technology,Consumer,8529.92,4606.1568,8,1
2025-02,North,Technology,Home Office,8925.92,3408.8152,9,3
2025-02,South,Furniture,Corporate,3912.8,1335.7439999999997,4,2
2025-02,South,Furniture,Home Office,842.88,379.29599999999994,1,1
2025-02,South,Office Supplies,Home Office,7015.2,3437.448,6,1
2025-02,West,Furniture,Consumer,4944.780000000001,1860.327,15,2
2025-02,West,Furniture,Home Office,1658.88,713.3184000000001,8,1
2025-02,West,Technology,Consumer,4338.02,1441.9856,9,2
2025-02,West,Technology,Home Office,2663.3700000000003,1427.5998,4,2
2025-03,East,Furniture,Consumer,2621.94,812.8014000000001,2,1
2025-03,East,Furniture,Corporate,1961.96,686.6859999999999,7,1
2025-03,East,Furniture,Home Office,712.8,270.864,1,1
2025-03,East,Office Supplies,Consumer,11214.72,5607.36,6,1
2025-03,East,Office Supplies,Corporate,8939.16,3128.706,9,1
2025-03,East,Office Supplies,Home Office,3284.25,1248.015,5,1
2025-03,East,Technology,Consumer,2131.7,886.821,7,3
2025-03,East,Technology,Home Office,9961.11,3685.6107,9,1
2025-03,North,Furniture,Corporate,8780.800000000001,3336.7040000000006,7,1
2025-03,North,Furniture,Home Office,13044.01,5044.5738,11,2
2025-03,North,Office Supplies,Consumer,2041.92,657.6642,15,2
2025-03,North,Office Supplies,Corporate,6284.089999999999,1577.6727999999994,7,2
2025-03,North,Technology,Consumer,8499.4,3484.754,5,1
2025-03,North,Technology,Corporate,6421.68,1733.8536000000004,4,1
2025-03,North,Technology,Home Office,745.2900000000001,342.8334,3,1
2025-03,South,Furniture,Home Office,5775.76,2599.0919999999996,4,1
2025-03,South,Office Supplies,Consumer,328.5,137.97000000000003,1,1
2025-03,South,Office Supplies,Corporate,4643.880000000001,1942.0884000000005,10,2
2025-03,South,Technology,Consumer,549.1800000000001,269.0982,3,1
2025-03,South,Technology,Corporate,1496.3999999999999,703.3079999999999,2,1
2025-03,West,Office Supplies,Corporate,4180.42,1256.5488,4,2
2025-04,East,Furniture,Corporate,9956.8,3684.0159999999996,8,1
2025-04,East,Furniture,Home Office,3961.7999999999997,1822.4279999999999,6,1
2025-04,East,Office Supplies,Home Office,5958.4,1549.1840000000002,8,1
2025-04,East,Technology,Corporate,15641.100000000002,7734.771000000001,11,2
2025-04,East,Technology,Home Office,6495.360000000001,2273.3759999999997,7,2
2025-04,North,Furniture,Consumer,13847.4,4268.502,10,2
2025-04,North,Office Supplies,Consumer,14793.64,5906.3908,16,3
2025-04,North,Office Supplies,Corporate,191.73,92.03039999999999,1,1
2025-04,North,Technology,Home Office,2149.44,914.0927999999999,6,2
2025-04,South,Furniture,Consumer,4417.6,1192.752,4,1
2025-04,South,Furniture,Corporate,6534.0,2417.58,4,1
2025-04,South,Furniture,Home Office,3816.0600000000004,1413.9222,9,2
2025-04,South,Office Supplies,Consumer,1519.8,653.514,3,1
2025-04,South,Office Supplies,Home Office,2006.9399999999998,561.9431999999999,2,1
2025-04,West,Furniture,Consumer,2238.6000000000004,716.3520000000001,7,1
2025-04,West,Furniture,Corporate,6922.4400000000005,3391.9956,7,1
2025-04,West,Technology,Home Office,13389.560000000001,4759.037200000001,8,2
2025-05,East,Furniture,Corporate,3688.8,2028.8400000000001,4,1
2025-05,East,Office Supplies,Consumer,14972.48,4802.0639999999985,16,2
2025-05,East,Office Supplies,Corporate,7186.41,3808.7973,9,1
2025-05,East,Technology,Consumer,2564.52,692.4204,2,1
2025-05,East,Technology,Corporate,4921.84,1919.5176000000001,4,1
2025-05,East,Technology,Home Office,276.0,80.04000000000002,1,1
2025-05,North,Office Supplies,Consumer,4760.639999999999,1859.2031999999997,8,2
2025-05,North,Technology,Corporate,3398.14,1392.3741999999997,6,2
2025-05,South,Furniture,Home Office,3599.1,1079.73,3,1
2025-05,South,Office Supplies,Consumer,6545.28,1636.3199999999997,7,1
2025-05,South,Office Supplies,Corporate,3492.72,1501.8696,6,1
2025-05,South,Office Supplies,Home Office,374.40000000000003,146.01600000000002,4,1
2025-05,South,Technology,Corporate,631.12,296.6264,2,1
2025-05,West,Furniture,Consumer,1665.0,649.35,6,1
2025-05,West,Furniture,Corporate,6908.4,2210.687999999999,6,1
2025-05,West,Furniture,Home Office,7886.4,4100.928,5,1
2025-05,West,Office Supplies,Corporate,9006.55,3341.3777,15,3
2025-05,West,Technology,Consumer,14742.69,6024.5739,12,2
2025-05,West,Technology,Corporate,1021.4399999999999,347.28959999999995,1,1
2025-06,East,Furniture,Consumer,9714.41,4560.7163,11,2
2025-06,East,Office Supplies,Consumer,1272.8,572.7599999999999,8,1
2025-06,East,Office Supplies,Corporate,1236.48,432.76800000000003,7,1
2025-06,East,Technology,Corporate,12302.37,5666.1552,11,2
2025-06,East,Technology,Home Office,9790.0,2447.5,8,1
2025-06,North,Furniture,Corporate,7762.630000000001,3461.8731000000002,10,2
2025-06,North,Furniture,Home Office,13704.07,6109.374199999999,10,2
2025-06,North,Office Supplies,Consumer,297.14,127.77020000000002,2,1
2025-06,North,Office Supplies,Home Office,15685.380000000001,4783.751999999999,15,2
2025-06,North,Technology,Consumer,13153.5,4340.654999999999,9,1
2025-06,North,Technology,Corporate,1134.34,561.5176,4,2
2025-06,North,Technology,Home Office,12373.66,4798.006000000001,14,4
2025-06,South,Furniture,Corporate,31224.62,14689.4668,34,5
2025-06,South,Furniture,Home Office,1215.4199999999998,474.01379999999995,3,1
2025-06,South,Office Supplies,Consumer,1968.3999999999999,688.9399999999998,2,1
2025-06,South,Office Supplies,Home Office,250.56,115.2576,1,1
2025-06,South,Technology,Consumer,9031.2,4080.4439999999995,10,2
2025-06,South,Technology,Home Office,1053.3600000000001,463.47839999999997,4,1
2025-06,West,Furniture,Consumer,5660.83,2717.1983999999998,7,1
2025-06,West,Furniture,Home Office,7415.01,2815.3629,13,3
2025-06,West,Office Supplies,Corporate,8487.86,4586.4158,10,2
2025-06,West,Office Supplies,Home Office,1905.12,838.2527999999998,3,1
2025-06,West,Technology,Consumer,4307.8,2110.822,7,1
2025-06,West,Technology,Corporate,1973.9199999999998,513.2192,4,1
2025-07,East,Furniture,Corporate,12881.48,5986.0216,10,2
2025-07,East,Furniture,Home Office,1912.32,707.5583999999999,4,1
2025-07,East,Office Supplies,Consumer,18129.940000000002,6386.018,21,4
2025-07,East,Office Supplies,Corporate,4986.54,1715.337,7,2
2025-07,East,Office Supplies,Home Office,12198.06,6137.483399999999,15,2
2025-07,East,Technology,Corporate,1104.0,552.0,1,1
2025-07,North,Furniture,Consumer,360.84,173.20319999999998,2,1
2025-07,North,Furniture,Corporate,2147.3199999999997,885.4649999999999,8,2
2025-07,North,Office Supplies,Consumer,8989.5,4344.8099999999995,10,2
2025-07,North,Office Supplies,Corporate,3194.6000000000004,1034.2712000000001,4,2
2025-07,North,Office Supplies,Home Office,6705.0,2413.8,6,1
2025-07,North,Technology,Corporate,1830.08,878.4383999999999,7,1
2025-07,North,Technology,Home Office,16894.13,6219.0319,20,3
2025-07,South,Furniture,Consumer,9421.92,4899.3984,8,1
2025-07,South,Furniture,Corporate,4293.889999999999,1077.8759000000002,10,2
2025-07,South,Office Supplies,Consumer,2961.48,1107.6432,6,2
2025-07,South,Office Supplies,Corporate,597.12,226.9056,2,1
2025-07,South,Office Supplies,Home Office,4528.28,2194.874,4,2
2025-07,South,Technology,Consumer,6147.16,3134.4392,6,2
2025-07,South,Technology,Corporate,10344.0,5024.937599999999,12,2
2025-07,West,Furniture,Consumer,7200.05,2866.7636,11,3
2025-07,West,Furniture,Home Office,7848.82,3495.7082,9,2
2025-07,West,Office Supplies,Consumer,1362.24,367.8048,4,1
2025-07,West,Technology,Consumer,1474.2,766.5840000000001,2,1
2025-07,West,Technology,Corporate,5321.4,1915.7039999999997,6,1
2025-07,West,Technology,Home Office,6689.55,2757.3261,5,3
2025-08,East,Furniture,Consumer,14810.039999999999,4591.1124,9,1
2025-08,East,Furniture,Home Office,10122.76,3078.228400000001,10,2
2025-08,East,Office Supplies,Consumer,1705.68,579.9312,9,1
2025-08,East,Office Supplies,Corporate,12390.560000000001,5575.752,8,1
2025-08,East,Office Supplies,Home Office,10709.0,4949.219999999999,11,2
2025-08,East,Technology,Consumer,1021.02,449.24879999999996,6,1
2025-08,East,Technology,Home Office,2719.08,1033.2504,2,1
2025-08,North,Furniture,Consumer,8760.800000000001,3685.298,14,2
2025-08,North,Furniture,Corporate,2782.2599999999998,1391.1299999999999,2,1
2025-08,North,Office Supplies,Consumer,7599.76,2335.3928000000005,9,2
2025-08,North,Office Supplies,Home Office,1841.79,976.1487000000001,3,1
2025-08,North,Technology,Consumer,894.6,366.78600000000006,3,1
2025-08,North,Technology,Corporate,4512.0,2181.0,4,2
2025-08,South,Furniture,Corporate,1817.9599999999998,709.0044,1,1
2025-08,South,Furniture,Home Office,676.8,277.488,4,1
2025-08,South,Office Supplies,Consumer,1307.58,483.80459999999994,1,1
2025-08,South,Office Supplies,Corporate,4728.58,2170.8946,8,3
2025-08,South,Office Supplies,Home Office,10340.47,3994.6651,9,2
2025-08,South,Technology,Consumer,6055.5599999999995,2543.3352,9,1
2025-08,South,Technology,Corporate,11399.4,4973.088,12,2
2025-08,South,Technology,Home Office,7999.920000000001,2959.9704,6,1
2025-08,West,Furniture,Consumer,11938.4,4573.544,9,2
2025-08,West,Furniture,Corporate,2676.12,883.1195999999998,2,1
2025-08,West,Office Supplies,Corporate,26465.34,11305.1262,26,4
2025-08,West,Office Supplies,Home Office,11832.0,4377.84,8,1
2025-08,West,Technology,Corporate,9401.68,4598.2212,13,2
2025-08,West,Technology,Home Office,5578.56,1785.1392,8,1
2025-09,East,Furniture,Consumer,965.7,492.507,3,1
2025-09,East,Furniture,Corporate,5713.2,2285.28,6,1
2025-09,East,Furniture,Home Office,4984.249999999999,1977.9054999999996,6,2
2025-09,East,Office Supplies,Consumer,2801.74,1204.7482,2,1
2025-09,East,Office Supplies,Corporate,7145.74,2643.9237999999996,7,1
2025-09,East,Office Supplies,Home Office,18841.82,7804.785400000002,27,5
2025-09,East,Technology,Consumer,12236.939999999999,4772.406599999999,9,1
2025-09,East,Technology,Corporate,7418.879999999999,2301.9136,9,2
2025-09,North,Office Supplies,Consumer,13744.720000000001,6607.222400000001,12,2
2025-09,North,Office Supplies,Home Office,13304.810000000001,6416.3846,9,2
2025-09,North,Technology,Corporate,11285.03,4436.6017,25,5
2025-09,South,Furniture,Consumer,2895.5099999999998,932.8257,4,2
2025-09,South,Furniture,Home Office,3560.4,1246.1399999999999,3,1
2025-09,South,Office Supplies,Consumer,12655.62,5441.9166000000005,15,2
2025-09,South,Office Supplies,Corporate,9724.199999999999,4278.647999999999,6,1
2025-09,South,Technology,Corporate,7768.81,3884.405,7,1
2025-09,South,Technology,Home Office,7903.2,2766.12,6,1
2025-09,West,Furniture,Consumer,1930.3,656.3019999999999,1,1
2025-09,West,Furniture,Corporate,11371.099999999999,5268.8279999999995,15,3
2025-09,West,Furniture,Home Office,4237.56,2118.78,9,1
2025-09,West,Office Supplies,Consumer,8752.23,4340.170800000001,12,2
2025-09,West,Office Supplies,Home Office,1130.04,418.11479999999995,4,1
2025-09,West,Technology,Consumer,983.92,413.2464,2,1
2025-10,East,Furniture,Consumer,2485.08,1242.54,9,1
2025-10,East,Furniture,Home Office,5391.360000000001,1455.6672000000003,4,1
2025-10,East,Office Supplies,Consumer,2311.92,1248.4368,3,1
2025-10,East,Office Supplies,Corporate,1268.28,443.8979999999999,3,1
2025-10,East,Technology,Corporate,3135.8399999999997,1348.4112,4,1
2025-10,East,Technology,Home Office,5457.45,2084.1405000000004,6,2
2025-10,North,Furniture,Corporate,4674.5,1825.2100000000005,12,2
2025-10,North,Furniture,Home Office,8620.1,3541.147,8,2
2025-10,North,Office Supplies,Consumer,2925.0,1023.75,4,1
2025-10,North,Office Supplies,Home Office,11323.779999999999,4436.9102,19,3
2025-10,North,Technology,Consumer,578.5,248.75500000000005,5,1
2025-10,South,Furniture,Consumer,8436.12,3695.6502,12,2
2025-10,South,Furniture,Home Office,8807.52,4607.2704,9,2
2025-10,South,Office Supplies,Consumer,6959.04,3688.2912,6,1
2025-10,South,Office Supplies,Corporate,1544.58,694.8611999999998,2,2
2025-10,South,Technology,Corporate,12528.0,4384.799999999999,8,1
2025-10,South,Technology,Home Office,8242.24,2802.3615999999993,8,1
2025-10,West,Furniture,Consumer,507.84000000000003,203.13600000000002,2,1
2025-10,West,Furniture,Corporate,2057.44,864.1248,4,1
2025-10,West,Office Supplies,Consumer,1681.19,891.0307,7,1
2025-10,West,Office Supplies,Corporate,5810.6,2539.496,10,2
2025-10,West,Office Supplies,Home Office,13307.6,6254.572,8,1
2025-10,West,Technology,Consumer,14173.199999999999,5811.012000000001,8,1
2025-10,West,Technology,Corporate,1368.96,479.13599999999997,3,1
2025-11,East,Furniture,Consumer,13853.920000000002,5417.740000000002,15,3
2025-11,East,Office Supplies,Consumer,9631.44,4334.148,7,1
2025-11,East,Office Supplies,Corporate,6149.52,3013.2648000000004,6,1
2025-11,East,Office Supplies,Home Office,477.28000000000003,181.3664,1,1
2025-11,East,Technology,Home Office,4499.5199999999995,2339.7504,6,1
2025-11,North,Furniture,Corporate,2624.4,1364.688,5,1
2025-11,North,Office Supplies,Consumer,3604.48,1297.6127999999999,4,1
2025-11,North,Office Supplies,Corporate,1363.2,354.432,1,1
2025-11,North,Technology,Corporate,8962.26,3375.4674000000005,9,2
2025-11,South,Furniture,Consumer,3532.8,1837.0560000000003,4,1
2025-11,South,Office Supplies,Consumer,661.7700000000001,311.0319,1,1
2025-11,South,Technology,Consumer,1219.68,658.6272,3,1
2025-11,South,Technology,Corporate,495.04,168.3136,4,1
2025-11,South,Technology,Home Office,2070.05,1030.611,5,2
2025-11,West,Furniture,Corporate,3613.7999999999997,1011.864,2,1
2025-11,West,Furniture,Home Office,2577.2,1340.144,4,1
2025-11,West,Office Supplies,Consumer,2046.0800000000002,1084.4224000000002,4,1
2025-11,West,Office Supplies,Home Office,1484.52,712.5695999999999,6,1
2025-11,West,Technology,Home Office,1769.65,821.4839999999999,4,2
2025-12,East,Furniture,Consumer,2998.2,1259.2440000000001,4,1
2025-12,East,Furniture,Home Office,1736.52,642.5124000000001,1,1
2025-12,East,Office Supplies,Consumer,5674.08,1871.0655999999997,5,2
2025-12,North,Furniture,Consumer,5489.790000000001,2384.3433000000005,7,2
2025-12,North,Furniture,Corporate,8874.800000000001,4310.794400000001,10,2
2025-12,North,Furniture,Home Office,12325.94,5757.5830000000005,13,2
2025-12,North,Office Supplies,Consumer,1333.22,386.63380000000006,7,1
2025-12,North,Technology,Consumer,15939.45,6369.352199999999,15,2
2025-12,North,Technology,Corporate,2675.96,899.8676000000002,8,2
2025-12,North,Technology,Home Office,728.16,327.67199999999997,2,1
2025-12,South,Furniture,Home Office,10905.92,4652.7880000000005,17,3
2025-12,South,Office Supplies,Consumer,6194.599999999999,2539.786,5,1
2025-12,South,Technology,Corporate,4499.04,2294.5104,4,1
2025-12,West,Furniture,Consumer,2070.0,703.8,5,1
2025-12,West,Furniture,Corporate,1239.6599999999999,446.2775999999999,9,1
2025-12,West,Furniture,Home Office,7804.16,2731.456,8,1
2025-12,West,Office Supplies,Corporate,1425.24,584.3484000000001,2,1
2025-12,West,Office Supplies,Home Office,1519.5,652.3349999999999,6,2
2025-12,West,Technology,Consumer,13773.84,6060.489599999999,8,1
2025-12,West,Technology,Corporate,2142.0,942.4799999999998,4,1
2026-01,East,Furniture,Consumer,1971.8999999999999,512.694,3,1
2026-01,East,Furniture,Home Office,6752.42,3211.8018,7,2
2026-01,East,Office Supplies,Corporate,7862.4,3852.5759999999996,6,1
2026-01,East,Office Supplies,Home Office,5033.88,1894.272,7,2
2026-01,North,Furniture,Consumer,3324.0,1155.7343999999998,12,2
2026-01,North,Furniture,Corporate,8228.56,2303.9968,8,1
2026-01,North,Furniture,Home Office,1900.8,817.344,3,1
2026-01,North,Office Supplies,Consumer,3423.0,1129.5899999999997,7,1
2026-01,North,Office Supplies,Corporate,16314.84,7178.994,13,2
2026-01,North,Technology,Corporate,1311.3,393.3900000000001,5,1
2026-01,South,Furniture,Consumer,7149.6,1930.3919999999998,8,1
2026-01,South,Furniture,Home Office,14463.42,6912.8616,14,2
2026-01,South,Office Supplies,Corporate,2382.1000000000004,905.1980000000001,5,1
2026-01,South,Technology,Corporate,278.03999999999996,141.8004,1,1
2026-01,West,Furniture,Corporate,4853.04,1892.6856000000002,4,1
2026-01,West,Furniture,Home Office,18226.96,8657.3064,11,2
2026-01,West,Office Supplies,Consumer,2161.44,626.8176000000001,6,1
2026-01,West,Technology,Consumer,5224.32,2455.4303999999997,8,1
2026-01,West,Technology,Corporate,2716.56,896.4648,4,1
2026-01,West,Technology,Home Office,2656.08,956.1887999999999,7,1
2026-02,East,Office Supplies,Corporate,1931.98,586.3802,8,2
2026-02,East,Office Supplies,Home Office,8976.68,4097.5816,8,2
2026-02,East,Technology,Consumer,11366.099999999999,3283.7219999999998,10,2
2026-02,East,Technology,Corporate,17186.15,7275.6328,19,4
2026-02,North,Furniture,Consumer,21884.8,9489.659199999998,16,2
2026-02,North,Furniture,Corporate,2519.04,1057.9968000000001,8,1
2026-02,North,Office Supplies,Consumer,8431.15,4552.821,5,1
2026-02,North,Office Supplies,Home Office,33588.32,13138.818,27,5
2026-02,South,Furniture,Corporate,8016.84,2556.2783999999997,13,2
2026-02,South,Furniture,Home Office,2260.44,1175.4288000000001,6,1
2026-02,South,Office Supplies,Consumer,479.7,153.50399999999996,1,1
2026-02,South,Technology,Consumer,1085.76,575.4528,8,1
2026-02,South,Technology,Corporate,4066.4,1707.8880000000004,5,1
2026-02,South,Technology,Home Office,6580.2,2973.4188000000004,6,2
2026-02,West,Furniture,Consumer,705.2,246.82,4,1
2026-02,West,Furniture,Home Office,9925.720000000001,3146.726800000001,8,2
2026-02,West,Technology,Home Office,8467.199999999999,3979.583999999999,9,1
2026-03,East,Furniture,Consumer,745.2,201.20400000000006,1,1
2026-03,East,Office Supplies,Home Office,4591.5599999999995,2479.4423999999995,3,1
2026-03,East,Technology,Corporate,2681.91,1153.2213000000002,3,1
2026-03,East,Technology,Home Office,7247.16,2428.758,10,2
2026-03,North,Furniture,Consumer,8002.94,4193.574799999999,9,2
2026-03,North,Furniture,Home Office,9546.21,3054.787199999999,9,1
2026-03,North,Office Supplies,Consumer,14001.279999999999,5765.9712,10,2
2026-03,North,Technology,Home Office,7653.67,3238.408,17,4
2026-03,South,Furniture,Consumer,2486.4,795.6479999999999,2,1
2026-03,South,Furniture,Home Office,5886.54,2119.1544,6,1
2026-03,South,Office Supplies,Consumer,3046.5,1401.3899999999999,6,1
2026-03,South,Technology,Consumer,1741.4899999999998,892.4618,6,2
2026-03,South,Technology,Corporate,1170.4,561.792,1,1
2026-03,West,Office Supplies,Home Office,577.6,236.81600000000003,4,1
2026-03,West,Technology,Consumer,3836.7,1342.8449999999998,7,1
2026-03,West,Technology,Corporate,3009.6000000000004,872.7840000000001,6,1
2026-03,West,Technology,Home Office,4895.400000000001,1370.7120000000004,5,1
2026-04,East,Furniture,Consumer,15975.359999999999,6869.4048,9,1
2026-04,East,Furniture,Corporate,1865.7,876.879,3,1
2026-04,East,Furniture,Home Office,5542.08,1995.1488,4,1
2026-04,East,Office Supplies,Consumer,3445.2,1378.08,3,1
2026-04,East,Office Supplies,Corporate,6946.56,2153.4336000000003,8,1
2026-04,East,Office Supplies,Home Office,11642.4,3027.0239999999994,7,1
2026-04,North,Technology,Home Office,3768.7200000000003,1959.7344000000003,3,1
2026-04,South,Furniture,Consumer,3848.88,1539.5520000000001,6,1
2026-04,South,Furniture,Home Office,4186.92,1967.8523999999998,3,1
2026-04,South,Office Supplies,Corporate,1476.34,472.4287999999999,1,1
2026-04,South,Technology,Consumer,8068.16,3898.5248,12,2
2026-04,South,Technology,Corporate,6905.25,2140.6275000000005,5,1
2026-04,West,Furniture,Consumer,4860.48,1846.9823999999999,6,1
2026-04,West,Office Supplies,Home Office,6619.040000000001,3177.1392000000005,8,1
2026-04,West,Technology,Consumer,419.76,205.6824,2,1
2026-04,West,Technology,Corporate,1930.5,656.3699999999999,3,1
2026-05,East,Furniture,Home Office,4046.76,1173.5604000000003,4,1
2026-05,East,Office Supplies,Consumer,19524.96,8422.9264,16,2
2026-05,East,Office Supplies,Corporate,244.2,131.868,1,1
2026-05,East,Office Supplies,Home Office,6950.969999999999,2473.488,7,2
2026-05,East,Technology,Corporate,640.64,237.03679999999997,2,1
2026-05,East,Technology,Home Office,6689.73,2156.6244,16,2
2026-05,North,Furniture,Home Office,9043.29,4106.9739,12,2
2026-05,North,Office Supplies,Corporate,4392.8099999999995,2210.4261,17,2
2026-05,North,Office Supplies,Home Office,6310.53,2654.8251000000005,8,2
2026-05,North,Technology,Consumer,4147.2,1161.216,3,1
2026-05,South,Furniture,Consumer,7256.79,2177.0370000000003,9,1
2026-05,South,Office Supplies,Consumer,8694.72,2969.5584,13,2
2026-05,South,Office Supplies,Corporate,1324.86,635.9327999999999,2,1
2026-05,South,Technology,Home Office,17392.8,7521.8496,13,2
2026-05,West,Furniture,Corporate,10112.69,2629.2994,7,1
2026-05,West,Furniture,Home Office,4790.56,1580.8847999999998,8,1
2026-05,West,Office Supplies,Corporate,18918.16,7014.3304,16,3
2026-05,West,Office Supplies,Home Office,294.03000000000003,155.8359,3,1
2026-05,West,Technology,Corporate,10231.199999999999,3221.2208,12,2
2026-05,West,Technology,Home Office,12113.46,3694.4262,10,2
2026-06,East,Furniture,Consumer,9189.6,3452.1312000000003,7,2
2026-06,East,Office Supplies,Consumer,5501.879999999999,2805.9587999999994,6,1
2026-06,East,Office Supplies,Home Office,991.8000000000001,515.7360000000001,2,1
2026-06,East,Technology,Corporate,9142.1,4731.7846,11,3
2026-06,East,Technology,Home Office,1335.1000000000001,347.1260000000001,1,1
2026-06,North,Furniture,Corporate,3048.76,1676.818,2,1
2026-06,North,Office Supplies,Consumer,833.0,424.83,7,1
2026-06,North,Office Supplies,Corporate,10687.6,5023.172,8,1
2026-06,North,Technology,Consumer,3013.2,783.4319999999998,8,1
2026-06,North,Technology,Home Office,8150.22,3749.1012,6,1
2026-06,South,Furniture,Consumer,3705.6,926.4000000000001,2,1
2026-06,South,Furniture,Corporate,1279.68,345.5136,1,1
2026-06,South,Furniture,Home Office,12417.119999999999,4578.5248,12,2
2026-06,South,Office Supplies,Consumer,21894.91,6886.5589,18,3
2026-06,South,Office Supplies,Corporate,6597.5,2573.025,5,1
2026-06,South,Technology,Consumer,832.59,382.9914,3,1
2026-06,South,Technology,Corporate,24267.3,11775.8574,15,2
2026-06,South,Technology,Home Office,20304.12,7235.8758,20,4
2026-06,West,Furniture,Corporate,3686.0,1806.1399999999999,5,1
2026-06,West,Furniture,Home Office,5786.0,2603.7,5,1
2026-06,West,Office Supplies,Corporate,3241.8599999999997,1311.583,10,2
2026-06,West,Technology,Consumer,13500.0,6345.0,9,1
2026-06,West,Technology,Corporate,6783.0,2034.9000000000005,4,1
2026-06,West,Technology,Home Office,13540.41,6277.896,20,3
2026-07,East,Furniture,Consumer,3839.22,1420.5113999999999,2,1
2026-07,East,Furniture,Home Office,505.05,156.56550000000004,1,1
2026-07,East,Office Supplies,Corporate,10541.26,4726.578,25,3
2026-07,East,Technology,Consumer,6621.12,2449.8144,6,1
2026-07,East,Technology,Corporate,14079.65,5660.6075,10,2
2026-07,East,Technology,Home Office,2509.92,953.7696000000001,6,1
2026-07,North,Furniture,Consumer,1789.92,805.4639999999999,6,1
2026-07,North,Furniture,Corporate,867.24,260.172,2,1
2026-07,North,Office Supplies,Consumer,3164.79,1677.3387,3,1
2026-07,North,Office Supplies,Corporate,6900.6,2329.9331999999995,9,2
2026-07,North,Technology,Consumer,4288.71,1762.3179000000002,9,2
2026-07,North,Technology,Corporate,455.0,145.59999999999997,2,1
2026-07,North,Technology,Home Office,5688.0,3128.4,8,1
2026-07,South,Furniture,Corporate,5075.450000000001,2513.0185,11,2
2026-07,South,Office Supplies,Consumer,4830.56,2560.1968,7,1
2026-07,South,Office Supplies,Corporate,2030.3999999999999,1035.504,9,1
2026-07,South,Office Supplies,Home Office,24653.14,11074.133399999999,21,3
2026-07,South,Technology,Consumer,4577.45,1281.6860000000001,5,1
2026-07,West,Furniture,Corporate,1858.1399999999999,464.53499999999985,9,1
2026-07,West,Furniture,Home Office,6309.9,3028.7519999999995,9,1
2026-07,West,Office Supplies,Consumer,1114.96,334.48800000000006,8,1
2026-07,West,Office Supplies,Corporate,5913.32,2542.7276,7,1
2026-07,West,Office Supplies,Home Office,879.2700000000001,430.8423,3,1
2026-07,West,Technology,Consumer,2757.0,771.96,3,1
2026-07,West,Technology,Corporate,1442.1,591.261,3,1
2026-07,West,Technology,Home Office,4774.860000000001,1336.9608000000003,9,1
2026-08,East,Furniture,Corporate,6777.54,2033.2620000000006,9,1
2026-08,East,Office Supplies,Home Office,4273.86,1868.2926,4,2
2026-08,East,Technology,Consumer,5320.160000000001,2287.6688000000004,4,1
2026-08,East,Technology,Home Office,8426.279999999999,3370.5119999999997,6,1
2026-08,North,Furniture,Home Office,3903.2,1990.6319999999998,4,1
2026-08,North,Office Supplies,Consumer,1068.57,470.1707999999999,1,1
2026-08,North,Office Supplies,Corporate,8018.64,3047.0832,7,1
2026-08,North,Technology,Consumer,5738.04,2237.8356,6,1
2026-08,North,Technology,Corporate,7182.719999999999,2218.5162,10,2
2026-08,North,Technology,Home Office,9427.32,2526.2495999999996,16,2
2026-08,South,Furniture,Consumer,14024.91,7001.0256,17,2
2026-08,South,Furniture,Corporate,1140.48,421.97760000000005,4,1
2026-08,South,Furniture,Home Office,565.29,276.9921,1,1
2026-08,South,Office Supplies,Consumer,1911.36,496.95360000000005,2,1
2026-08,South,Office Supplies,Corporate,10789.279999999999,3658.9855999999995,9,2
2026-08,South,Technology,Corporate,17994.510000000002,5238.675000000001,15,2
2026-08,West,Furniture,Corporate,15168.52,4954.6108,15,2
2026-08,West,Office Supplies,Home Office,17332.14,6875.782200000001,34,5
2026-09,East,Furniture,Home Office,7493.759999999999,2323.0656,8,1
2026-09,East,Technology,Consumer,8916.74,2839.6536000000006,9,2
2026-09,East,Technology,Home Office,4609.8,1955.9519999999998,18,2
2026-09,North,Furniture,Consumer,9644.04,2411.01,7,1
2026-09,North,Furniture,Home Office,1190.16,630.7848,2,1
2026-09,North,Office Supplies,Consumer,706.3199999999999,353.15999999999997,9,1
2026-09,North,Office Supplies,Home Office,4597.95,1287.426,5,1
2026-09,North,Technology,Corporate,28250.519999999997,10795.516800000001,21,4
2026-09,North,Technology,Home Office,2477.5499999999997,941.4689999999998,3,1
2026-09,South,Furniture,Consumer,6644.88,2126.3615999999993,8,1
2026-09,South,Furniture,Corporate,1662.57,698.2794,7,1
2026-09,South,Furniture,Home Office,2002.1999999999998,1041.1439999999998,2,1
2026-09,South,Office Supplies,Consumer,12612.6,4288.284,7,1
2026-09,South,Office Supplies,Home Office,2456.02,1222.9392,6,2
2026-09,South,Technology,Consumer,898.56,341.4528,8,1
2026-09,South,Technology,Corporate,1866.24,746.4960000000001,8,1
2026-09,West,Furniture,Consumer,7218.6900000000005,2494.9959,8,3
2026-09,West,Furniture,Corporate,3385.6000000000004,1692.8000000000002,8,1
2026-09,West,Office Supplies,Consumer,7349.789999999999,3013.4138999999996,7,1
2026-09,West,Technology,Consumer,3229.52,1291.808,8,1
2026-09,West,Technology,Home Office,4336.56,2298.3768,9,1
2026-10,East,Furniture,Corporate,3202.08,1216.7904,2,1
2026-10,East,Furniture,Home Office,3302.79,1354.1439,3,1
2026-10,East,Office Supplies,Home Office,1033.34,413.336,1,1
2026-10,East,Technology,Consumer,16700.55,7238.299800000001,19,3
2026-10,East,Technology,Corporate,22798.0,11232.072,15,2
2026-10,North,Furniture,Home Office,8658.56,4156.1088,8,1
2026-10,North,Office Supplies,Corporate,528.0,190.07999999999998,4,1
2026-10,North,Technology,Corporate,18901.2,8341.851999999999,20,3
2026-10,North,Technology,Home Office,2422.14,1235.2914,2,1
2026-10,South,Furniture,Consumer,1504.8,511.63199999999995,1,1
2026-10,South,Furniture,Corporate,2979.9,864.1710000000003,2,1
2026-10,South,Office Supplies,Consumer,2814.2400000000002,1378.9776000000002,3,1
2026-10,South,Office Supplies,Corporate,8245.0,3462.9000000000005,5,1
2026-10,South,Office Supplies,Home Office,6193.639999999999,2889.6888,7,2
2026-10,South,Technology,Consumer,766.08,398.3616,9,1
2026-10,West,Office Supplies,Corporate,2398.3799999999997,1079.2709999999997,3,1
2026-10,West,Office Supplies,Home Office,11384.619999999999,3575.8629999999994,8,2
2026-10,West,Technology,Consumer,7221.88,2527.408,8,3
2026-10,West,Technology,Home Office,667.4399999999999,327.0456,3,1
2026-11,East,Furniture,Consumer,1514.04,469.3524,2,1
2026-11,East,Office Supplies,Corporate,1586.56,523.5647999999999,8,1
2026-11,East,Office Supplies,Home Office,4809.12,2548.8336,3,1
2026-11,East,Technology,Home Office,14971.05,7485.525,9,1
2026-11,North,Office Supplies,Consumer,5803.639999999999,2632.932,21,3
2026-11,North,Technology,Consumer,3346.3999999999996,1137.7759999999998,4,1
2026-11,South,Furniture,Corporate,839.02,226.53539999999998,1,1
2026-11,South,Furniture,Home Office,3501.2999999999997,1765.9638,4,2
2026-11,South,Technology,Consumer,2937.52,1586.2608,4,1
2026-11,West,Technology,Corporate,9996.0,3898.4400000000005,6,1
2026-11,West,Technology,Home Office,5328.9,1332.225,3,1
2026-12,East,Furniture,Home Office,1301.25,364.35,1,1
2026-12,East,Office Supplies,Consumer,21587.75,7211.726999999999,13,2
2026-12,East,Office Supplies,Home Office,6447.0599999999995,2661.4332000000004,10,2
2026-12,East,Technology,Consumer,514.8,272.844,2,1
2026-12,East,Technology,Home Office,1197.0,395.01,2,1
2026-12,North,Furniture,Corporate,1646.3999999999999,691.488,5,1
2026-12,North,Office Supplies,Consumer,17214.12,8434.9188,9,1
2026-12,North,Office Supplies,Corporate,6470.2,1746.9539999999997,4,1
2026-12,North,Technology,Home Office,17528.9,6820.4752,26,4
2026-12,South,Furniture,Consumer,4692.16,2205.3152,8,1
2026-12,South,Furniture,Home Office,12458.369999999999,4252.5237,10,3
2026-12,South,Office Supplies,Home Office,8737.81,2703.076400000001,9,2
2026-12,South,Technology,Home Office,4315.2,1121.9519999999998,4,1
2026-12,West,Furniture,Corporate,1337.6000000000001,588.544,8,1
2026-12,West,Furniture,Home Office,11974.8,4191.179999999999,8,1
2026-12,West,Office Supplies,Corporate,7851.33,3125.7333,10,2
2026-12,West,Office Supplies,Home Office,6600.8,1848.2240000000002,8,1
2026-12,West,Technology,Home Office,3243.24,1427.0255999999997,7,1
2027-01,East,Furniture,Home Office,2202.5600000000004,1024.7776000000001,4,2
2027-01,East,Office Supplies,Home Office,4942.08,2174.5152,9,1
2027-01,East,Technology,Home Office,4957.68,1636.0344,3,1
2027-01,North,Furniture,Consumer,5889.98,1672.8952000000002,13,3
2027-01,North,Furniture,Corporate,11848.2,4265.352,7,1
2027-01,South,Furniture,Consumer,8311.68,3823.3728,8,1
2027-01,South,Furniture,Corporate,15306.24,4897.996799999999,8,1
2027-01,South,Office Supplies,Consumer,858.4499999999999,300.4575,1,1
2027-01,South,Office Supplies,Corporate,2432.64,875.7503999999999,2,1
2027-01,South,Office Supplies,Home Office,2772.4,1071.4120000000003,7,2
2027-01,South,Technology,Consumer,6052.96,2422.252,13,3
2027-01,South,Technology,Corporate,1712.1299999999999,616.3668,1,1
2027-01,South,Technology,Home Office,6143.85,3111.129,10,2
2027-01,West,Furniture,Corporate,14917.76,4119.7376,16,2
2027-01,West,Technology,Consumer,6177.0599999999995,2717.9063999999994,9,1
2027-02,East,Furniture,Home Office,1992.32,836.7744,2,1
2027-02,East,Office Supplies,Consumer,1548.16,557.3376,8,1
2027-02,East,Technology,Consumer,774.56,216.8768,1,1
2027-02,North,Furniture,Corporate,5882.400000000001,1470.6000000000004,8,1
2027-02,North,Office Supplies,Corporate,1339.8,602.91,5,1
2027-02,North,Office Supplies,Home Office,1890.0,982.8000000000001,5,1
2027-02,North,Technology,Consumer,14553.83,5281.0787,13,3
2027-02,North,Technology,Corporate,3455.1,1312.938,5,1
2027-02,South,Furniture,Consumer,8941.76,4370.6672,8,2
2027-02,South,Furniture,Corporate,441.09,163.2033,1,1
2027-02,South,Furniture,Home Office,3359.08,1545.1768,4,1
2027-02,South,Office Supplies,Home Office,3665.2,1795.9479999999999,5,1
2027-02,South,Technology,Consumer,13598.31,6021.954900000001,11,3
2027-02,West,Furniture,Corporate,2231.7,751.4459999999999,11,2
2027-02,West,Furniture,Home Office,2573.04,1157.868,8,1
2027-02,West,Office Supplies,Consumer,1528.2,641.844,2,1
2027-02,West,Office Supplies,Corporate,2180.25,545.0625,9,1
2027-02,West,Technology,Corporate,9035.82,3343.2533999999996,6,1
2027-03,East,Furniture,Home Office,1062.72,361.3248,6,1
2027-03,East,Office Supplies,Consumer,17632.89,9345.431700000001,9,1
2027-03,East,Office Supplies,Corporate,1169.6,397.664,8,1
2027-03,East,Office Supplies,Home Office,7387.0,2216.1000000000004,5,1
2027-03,East,Technology,Consumer,2722.79,1470.3066,7,1
2027-03,North,Furniture,Corporate,1665.6299999999999,466.3764000000001,9,1
2027-03,North,Office Supplies,Corporate,5759.64,2510.6256,7,2
2027-03,North,Technology,Consumer,7001.5,3360.7200000000003,13,2
2027-03,North,Technology,Corporate,10992.41,5590.7016,8,2
2027-03,South,Furniture,Consumer,2652.26,1227.888,5,2
2027-03,South,Furniture,Corporate,2511.8199999999997,1011.5475999999999,5,2
2027-03,South,Furniture,Home Office,8151.200000000001,2200.8240000000005,5,1
2027-03,South,Office Supplies,Corporate,1992.48,876.6912,2,1
2027-03,South,Technology,Consumer,9052.68,3892.652400000001,6,1
2027-03,South,Technology,Corporate,515.4599999999999,134.01959999999997,6,1
2027-03,South,Technology,Home Office,6519.66,3194.6333999999997,7,1
2027-03,West,Furniture,Consumer,3613.46,1854.4776000000002,13,2
2027-03,West,Furniture,Corporate,1212.6799999999998,594.2131999999999,1,1
2027-03,West,Office Supplies,Corporate,6025.44,2837.5152,8,2
2027-03,West,Office Supplies,Home Office,10152.8,5380.9839999999995,7,1
2027-03,West,Technology,Consumer,17495.49,6473.3313,14,2
2027-03,West,Technology,Home Office,4706.73,2400.4323,7,1
2027-04,East,Furniture,Consumer,11124.489999999998,3653.6191,13,2
2027-04,East,Furniture,Corporate,2863.75,859.1250000000002,5,1
2027-04,East,Furniture,Home Office,7929.6,4361.280000000001,6,1
2027-04,East,Technology,Consumer,7609.57,2706.5024999999996,13,3
2027-04,East,Technology,Home Office,5470.88,2529.8751999999995,16,2
2027-04,North,Furniture,Home Office,9567.64,2774.6156,10,2
2027-04,North,Office Supplies,Corporate,11735.4,5280.929999999999,11,2
2027-04,North,Office Supplies,Home Office,22329.59,6927.607400000001,16,4
2027-04,North,Technology,Home Office,2297.1,1171.521,2,1
2027-04,South,Office Supplies,Consumer,7031.500000000001,3797.01,5,1
2027-04,South,Office Supplies,Corporate,2567.88,1360.9764000000002,3,1
2027-04,South,Technology,Consumer,2814.22,1068.8904,5,2
2027-04,South,Technology,Corporate,6977.5199999999995,2256.8759999999997,8,2
2027-04,South,Technology,Home Office,1364.6,418.55320000000006,10,3
2027-04,West,Furniture,Corporate,3820.62,2063.1348,3,1
2027-04,West,Furniture,Home Office,7038.85,3800.9790000000003,5,1
2027-04,West,Office Supplies,Corporate,8342.0,4171.0,5,1
2027-04,West,Technology,Consumer,9216.9,2857.2390000000005,5,1
2027-04,West,Technology,Corporate,8836.66,3269.5642,7,1
2027-05,East,Office Supplies,Consumer,2313.27,1134.4302,7,2
2027-05,East,Office Supplies,Corporate,3506.22,1542.7367999999997,3,1
2027-05,East,Office Supplies,Home Office,9900.32,2772.0896000000002,8,1
2027-05,East,Technology,Consumer,10213.49,4863.0008,9,2
2027-05,East,Technology,Corporate,1084.16,401.1392000000001,2,1
2027-05,East,Technology,Home Office,2061.92,1010.3408,4,1
2027-05,North,Furniture,Consumer,227.24,106.8028,1,1
2027-05,North,Furniture,Corporate,2253.02,878.6777999999999,2,1
2027-05,North,Office Supplies,Consumer,5945.849999999999,1962.1304999999998,5,1
2027-05,North,Technology,Consumer,10795.43,4175.7177,15,3
2027-05,North,Technology,Corporate,2129.4,1000.818,5,1
2027-05,South,Furniture,Consumer,2032.8,772.4639999999999,8,1
2027-05,South,Office Supplies,Consumer,2214.64,628.0192000000001,4,2
2027-05,South,Office Supplies,Corporate,8370.48,3779.2956,12,2
2027-05,South,Office Supplies,Home Office,5283.74,2074.2791999999995,6,2
2027-05,West,Furniture,Consumer,195.84,70.5024,1,1
2027-05,West,Furniture,Home Office,10527.599999999999,3368.8319999999994,8,1
2027-05,West,Office Supplies,Home Office,10547.14,2828.5573999999997,10,2
2027-05,West,Technology,Consumer,1482.8999999999999,698.7089999999998,6,2
2027-05,West,Technology,Corporate,11747.12,5521.1464,7,1
2027-06,East,Furniture,Corporate,9631.44,3948.8904,9,1
2027-06,East,Furniture,Home Office,9178.68,4497.5532,6,1
2027-06,East,Office Supplies,Consumer,5292.629999999999,1323.1574999999998,7,1
2027-06,East,Office Supplies,Corporate,10564.92,3055.482,9,2
2027-06,East,Technology,Consumer,2916.16,997.9183999999998,4,2
2027-06,East,Technology,Corporate,5670.0,1984.5,6,1
2027-06,East,Technology,Home Office,2201.7000000000003,710.6940000000002,5,2
2027-06,North,Furniture,Consumer,5059.6,1821.4560000000001,4,1
2027-06,North,Office Supplies,Consumer,9248.4,3030.372,18,2
2027-06,North,Office Supplies,Corporate,1816.2,726.48,2,1
2027-06,North,Technology,Consumer,970.92,271.85760000000005,4,1
2027-06,North,Technology,Corporate,4376.34,1400.4287999999997,3,1
2027-06,North,Technology,Home Office,5189.86,2580.4757999999997,7,3
2027-06,South,Furniture,Home Office,2368.7200000000003,1174.3432,5,2
2027-06,South,Office Supplies,Corporate,15498.099999999999,5668.6916,21,3
2027-06,South,Office Supplies,Home Office,13294.0,4519.959999999999,8,1
2027-06,South,Technology,Consumer,2630.88,999.7344,3,1
2027-06,South,Technology,Corporate,3454.32,1001.7528000000002,4,1
2027-06,West,Furniture,Consumer,3976.1699999999996,1312.5825,8,3
2027-06,West,Furniture,Home Office,1465.04,419.03520000000003,6,2
2027-06,West,Office Supplies,Consumer,5948.639999999999,2022.5375999999997,6,1
2027-06,West,Office Supplies,Corporate,21792.18,8404.1352,18,3
2027-06,West,Office Supplies,Home Office,4504.5,2072.0699999999997,7,1
2027-07,East,Furniture,Corporate,14746.72,4571.483200000001,8,1
2027-07,East,Furniture,Home Office,2754.85,1115.464,6,2
2027-07,East,Technology,Consumer,7798.200000000001,3041.2980000000007,6,1
2027-07,North,Furniture,Consumer,8513.82,2469.0078000000003,6,1
2027-07,North,Furniture,Corporate,4653.0,2186.91,3,1
2027-07,North,Office Supplies,Consumer,11316.619999999999,4324.780599999999,13,2
2027-07,North,Technology,Consumer,3261.64,1630.82,4,1
2027-07,North,Technology,Corporate,23234.28,7555.216800000001,18,3
2027-07,South,Furniture,Corporate,9321.96,3254.9088000000006,10,2
2027-07,South,Office Supplies,Home Office,2509.7999999999997,1154.5079999999998,2,1
2027-07,West,Furniture,Home Office,11499.84,6324.912,6,1
2027-07,West,Office Supplies,Consumer,2411.08,1012.6536000000001,4,1
2027-07,West,Technology,Consumer,573.8,292.638,5,1
2027-07,West,Technology,Home Office,6100.95,2928.4559999999997,5,1
2027-08,East,Furniture,Home Office,146.26,43.878,2,1
2027-08,East,Office Supplies,Consumer,6851.52,3220.2144,9,1
2027-08,East,Office Supplies,Corporate,14152.23,5156.3925,11,2
2027-08,East,Technology,Home Office,1077.1200000000001,570.8736000000001,1,1
2027-08,North,Furniture,Consumer,1571.1200000000001,424.2024000000001,4,1
2027-08,North,Furniture,Home Office,6002.56,2869.3312000000005,7,2
2027-08,North,Office Supplies,Consumer,2532.32,1114.2207999999998,4,1
2027-08,North,Technology,Consumer,16760.35,7875.2822,13,3
2027-08,North,Technology,Corporate,1185.48,414.918,9,1
2027-08,North,Technology,Home Office,8101.2,2673.3959999999997,6,1
2027-08,South,Furniture,Consumer,13952.67,5404.587,19,3
2027-08,South,Furniture,Corporate,7140.96,3499.0704,6,1
2027-08,South,Furniture,Home Office,5754.44,2402.5944,6,2
2027-08,South,Office Supplies,Consumer,25540.909999999996,11442.494799999999,16,3
2027-08,South,Office Supplies,Corporate,2228.88,757.8191999999999,3,1
2027-08,South,Technology,Consumer,7744.8,3694.3904,10,2
2027-08,West,Furniture,Consumer,589.0,306.28000000000003,4,1
2027-08,West,Furniture,Home Office,1902.09,683.943,7,2
2027-08,West,Office Supplies,Corporate,28023.72,9259.7556,18,3
2027-08,West,Office Supplies,Home Office,339.12,169.56,1,1
2027-08,West,Technology,Consumer,18226.399999999998,7487.396799999999,14,3
2027-08,West,Technology,Corporate,11420.0,3552.4288,12,2
2027-09,East,Furniture,Consumer,8659.84,2496.7152,11,2
2027-09,East,Furniture,Corporate,1736.28,607.6979999999999,7,1
2027-09,East,Office Supplies,Corporate,3042.83,1383.7999,11,2
2027-09,East,Technology,Consumer,5759.16,1933.8791999999999,8,2
2027-09,East,Technology,Home Office,10540.4,4145.96,10,2
2027-09,North,Furniture,Consumer,8239.1,2306.9480000000003,5,1
2027-09,North,Furniture,Corporate,18921.28,7982.8992,20,3
2027-09,North,Office Supplies,Home Office,1263.68,644.4768,1,1
2027-09,North,Technology,Consumer,832.1999999999999,316.236,3,1
2027-09,South,Furniture,Consumer,2016.66,645.3311999999999,2,1
2027-09,South,Furniture,Corporate,12744.68,6229.2732,13,2
2027-09,South,Furniture,Home Office,7032.9,3375.792,6,1
2027-09,South,Office Supplies,Consumer,5072.2699999999995,1944.5307,14,2
2027-09,South,Office Supplies,Corporate,1940.4299999999998,814.9806000000001,3,1
2027-09,South,Office Supplies,Home Office,18078.239999999998,8084.9616,16,2
2027-09,South,Technology,Corporate,2854.2,799.1759999999999,6,1
2027-09,South,Technology,Home Office,2614.6800000000003,888.9911999999999,4,1
2027-09,West,Furniture,Home Office,8310.88,2633.4288,12,2
2027-09,West,Office Supplies,Consumer,3726.0,1905.876,4,2
2027-09,West,Office Supplies,Home Office,4051.98,1133.5104000000001,4,2
2027-10,East,Furniture,Corporate,20643.63,7789.236,15,2
2027-10,East,Furniture,Home Office,6328.25,2025.04,5,1
2027-10,East,Office Supplies,Home Office,905.58,298.8414,9,1
2027-10,East,Technology,Home Office,918.08,449.8592,1,1
2027-10,North,Furniture,Corporate,6985.44,2235.3408,7,1
2027-10,North,Office Supplies,Home Office,4437.5599999999995,2210.3902,8,2
2027-10,North,Technology,Consumer,4055.04,1622.016,4,1
2027-10,North,Technology,Corporate,3099.6,1208.844,4,1
2027-10,North,Technology,Home Office,8421.66,3252.7673999999997,8,2
2027-10,South,Furniture,Consumer,18802.64,5653.928800000001,24,3
2027-10,South,Furniture,Corporate,6796.2,3126.2519999999995,5,1
2027-10,South,Office Supplies,Home Office,5003.46,1300.8996000000002,7,1
2027-10,South,Technology,Home Office,1821.56,783.5516,4,2
2027-10,West,Furniture,Consumer,2206.62,1103.31,3,1
2027-10,West,Furniture,Home Office,21549.72,9441.031200000001,17,3
2027-10,West,Office Supplies,Consumer,6183.38,1894.1639999999998,11,3
2027-10,West,Technology,Corporate,555.2,288.704,1,1
2027-11,East,Furniture,Consumer,6491.07,2142.0531,9,1
2027-11,East,Office Supplies,Home Office,1934.96,948.1304,2,1
2027-11,North,Furniture,Corporate,6714.469999999999,1947.1962999999996,7,1
2027-11,North,Furniture,Home Office,9516.779999999999,3997.0476,7,1
2027-11,North,Office Supplies,Consumer,960.9599999999999,297.8976,1,1
2027-11,North,Office Supplies,Corporate,3705.0,1889.55,2,1
2027-11,North,Office Supplies,Home Office,14440.0,7075.599999999999,8,1
2027-11,North,Technology,Consumer,7031.0,2460.8499999999995,4,1
2027-11,North,Technology,Corporate,860.6999999999999,447.56399999999996,6,1
2027-11,South,Furniture,Corporate,5977.51,3048.5301,7,1
2027-11,South,Furniture,Home Office,18033.84,6168.279599999999,15,2
2027-11,South,Office Supplies,Consumer,2242.92,963.9594,3,2
2027-11,South,Office Supplies,Home Office,5425.04,2078.8055999999997,5,2
2027-11,West,Furniture,Home Office,1196.24,442.6088,1,1
2027-11,West,Office Supplies,Corporate,3508.38,1087.5978,9,1
2027-11,West,Technology,Home Office,21916.06,8371.2964,14,3
2027-12,East,Furniture,Consumer,2766.6800000000003,1149.2068,9,2
2027-12,East,Furniture,Corporate,8526.06,2971.8900000000003,12,2
2027-12,East,Furniture,Home Office,1534.08,705.6768,1,1
2027-12,East,Office Supplies,Consumer,10080.0,5443.2,8,1
2027-12,East,Office Supplies,Corporate,10982.019999999999,3733.8867999999993,7,1
2027-12,East,Office Supplies,Home Office,14938.859999999999,6352.6896,13,2
2027-12,East,Technology,Consumer,2074.66,1099.5698,7,1
2027-12,North,Furniture,Corporate,8132.04,3334.1364000000003,7,1
2027-12,North,Office Supplies,Consumer,2440.35,829.7189999999998,5,1
2027-12,North,Office Supplies,Corporate,3078.7799999999997,1600.9656,3,1
2027-12,North,Office Supplies,Home Office,7380.77,2708.4700000000003,16,3
2027-12,North,Technology,Consumer,9126.34,3137.4023999999995,11,2
2027-12,North,Technology,Corporate,3837.6,997.7759999999998,5,1
2027-12,South,Furniture,Consumer,9925.64,3836.2887999999994,13,3
2027-12,South,Office Supplies,Home Office,2134.8599999999997,1046.0814,4,2
2027-12,South,Technology,Consumer,489.02,268.961,1,1
2027-12,South,Technology,Corporate,10973.34,5869.4698,10,2
2027-12,South,Technology,Home Office,7343.28,3965.3711999999996,4,1
2027-12,West,Furniture,Home Office,3968.6400000000003,1984.3200000000002,4,1
2027-12,West,Office Supplies,Corporate,7256.25,2757.375,9,1
2027-12,West,Office Supplies,Home Office,11047.14,3994.7526,8,2
2027-12,West,Technology,Consumer,12537.0,6393.87,9,1
2027-12,West,Technology,Home Office,3571.0600000000004,1187.9172,10,3
2028-01,East,Furniture,Consumer,7827.9,3365.9970000000003,6,1
2028-01,East,Furniture,Corporate,1440.0,647.9999999999999,4,1
2028-01,East,Office Supplies,Consumer,3656.8,1206.7439999999997,7,1
2028-01,East,Office Supplies,Corporate,9646.56,2604.5712000000003,9,1
2028-01,East,Office Supplies,Home Office,12487.2,4557.4496,15,2
2028-01,North,Furniture,Corporate,16388.64,4655.531999999999,10,2
2028-01,North,Furniture,Home Office,5211.6,1953.9899999999998,4,2
2028-01,North,Office Supplies,Home Office,12531.470000000001,4060.4253999999996,20,4
2028-01,North,Technology,Home Office,29143.86,10412.8952,29,4
2028-01,South,Furniture,Consumer,17935.77,5366.7714,20,3
2028-01,South,Furniture,Corporate,6993.36,2727.4103999999998,4,1
2028-01,South,Office Supplies,Consumer,30940.369999999995,15468.148699999998,26,3
2028-01,South,Office Supplies,Corporate,2174.08,673.9648000000002,2,1
2028-01,South,Technology,Consumer,5334.98,2754.514,9,2
2028-01,South,Technology,Corporate,14157.090000000002,4435.677900000001,15,3
2028-01,South,Technology,Home Office,16399.68,7010.582399999998,14,2
2028-01,West,Furniture,Corporate,5997.599999999999,2399.04,5,1
2028-01,West,Office Supplies,Consumer,2384.2799999999997,1001.3976,6,1
2028-01,West,Office Supplies,Home Office,505.46999999999997,166.80509999999998,1,1
2028-01,West,Technology,Home Office,10789.8,4855.409999999999,6,1
2028-02,East,Furniture,Consumer,4781.369999999999,1856.0075999999995,9,2
2028-02,East,Office Supplies,Corporate,1770.0,495.60000000000014,8,1
2028-02,East,Office Supplies,Home Office,3572.68,1335.7979999999998,5,2
2028-02,East,Technology,Consumer,8779.5,3511.8,5,1
2028-02,East,Technology,Corporate,7632.36,3205.5912,9,1
2028-02,North,Furniture,Corporate,10426.64,4483.4552,7,1
2028-02,North,Office Supplies,Consumer,2610.48,1357.4496000000001,2,1
2028-02,North,Office Supplies,Corporate,11937.51,4907.133500000001,14,4
2028-02,South,Furniture,Home Office,6716.28,3156.6515999999997,6,1
2028-02,South,Office Supplies,Consumer,7944.960000000001,3469.968,10,2
2028-02,South,Technology,Consumer,3468.6000000000004,1214.0100000000002,3,1
2028-02,South,Technology,Home Office,2354.05,1035.782,5,1
2028-02,West,Furniture,Consumer,8913.6,4456.8,6,1
2028-02,West,Office Supplies,Consumer,5866.33,1933.8463000000002,9,2
2028-02,West,Office Supplies,Corporate,8132.11,3515.4685999999997,9,2
2028-02,West,Office Supplies,Home Office,13663.14,4170.716,18,3
2028-02,West,Technology,Consumer,2297.1,689.1300000000001,5,1
2028-03,East,Furniture,Corporate,4182.0,2091.0,4,1
2028-03,East,Furniture,Home Office,10149.51,2989.4718,17,2
2028-03,East,Office Supplies,Consumer,2724.0,953.3999999999999,2,1
2028-03,East,Office Supplies,Corporate,4548.36,1819.344,4,1
2028-03,East,Office Supplies,Home Office,9552.24,3374.6472,9,2
2028-03,East,Technology,Consumer,6068.000000000001,2305.84,5,1
2028-03,North,Furniture,Corporate,10806.599999999999,3350.0460000000003,7,1
2028-03,North,Furniture,Home Office,459.9,170.163,5,1
2028-03,North,Office Supplies,Corporate,2215.48,686.7988,2,1
2028-03,North,Technology,Consumer,5742.62,1915.8695999999995,7,2
2028-03,North,Technology,Home Office,11056.68,3370.2012000000004,14,3
2028-03,South,Furniture,Home Office,14241.390000000001,4752.8895,27,5
2028-03,South,Office Supplies,Consumer,1451.16,507.90599999999995,4,1
2028-03,South,Office Supplies,Corporate,1213.8,582.6239999999999,7,1
2028-03,South,Office Supplies,Home Office,15019.37,5264.168,16,3
2028-03,South,Technology,Consumer,21129.480000000003,8325.5022,19,3
2028-03,West,Furniture,Corporate,5407.0199999999995,2270.9484,3,1
2028-03,West,Furniture,Home Office,9584.55,3929.6655,9,1
2028-03,West,Office Supplies,Consumer,17728.83,7676.8272,14,2
2028-04,East,Furniture,Consumer,1426.41,399.39480000000003,1,1
2028-04,East,Furniture,Home Office,5107.379999999999,2379.7194,5,2
2028-04,East,Office Supplies,Consumer,4262.76,2076.5112,7,3
2028-04,East,Office Supplies,Home Office,3056.96,1375.6319999999998,8,1
2028-04,East,Technology,Corporate,7636.32,3618.3167999999996,5,2
2028-04,East,Technology,Home Office,3944.04,1367.8056000000001,5,2
2028-04,North,Furniture,Consumer,3114.36,1619.4672,6,1
2028-04,North,Furniture,Home Office,1387.24,541.0236,2,1
2028-04,North,Office Supplies,Home Office,7893.839999999999,2999.6592,8,1
2028-04,South,Furniture,Consumer,6465.34,2970.3743999999997,6,2
2028-04,South,Furniture,Corporate,6405.28,2118.8383999999996,8,2
2028-04,South,Furniture,Home Office,3543.7999999999997,1665.5859999999998,5,1
2028-04,South,Office Supplies,Consumer,10354.61,4217.8808,18,3
2028-04,South,Office Supplies,Corporate,695.04,382.272,2,1
2028-04,South,Office Supplies,Home Office,8147.28,3910.6943999999994,6,1
2028-04,South,Technology,Consumer,2776.8,1055.184,5,1
2028-04,South,Technology,Corporate,3783.5,1399.895,5,1
2028-04,West,Office Supplies,Corporate,949.0,303.67999999999995,2,1
2028-04,West,Office Supplies,Home Office,2994.75,868.4775,3,1
2028-04,West,Technology,Consumer,2224.0,778.3999999999999,4,1
2028-04,West,Technology,Corporate,11760.0,4704.0,8,1
2028-04,West,Technology,Home Office,1646.75,698.92,3,2
2028-05,East,Furniture,Consumer,9763.2,2538.4320000000007,8,1
2028-05,East,Furniture,Corporate,1549.49,697.2705,1,1
2028-05,East,Furniture,Home Office,3472.7000000000003,1736.3500000000001,5,1
2028-05,East,Office Supplies,Corporate,30900.510000000002,11873.443500000001,24,4
2028-05,East,Office Supplies,Home Office,11762.31,4493.2671,17,2
2028-05,East,Technology,Consumer,5830.200000000001,3148.3080000000004,6,1
2028-05,East,Technology,Corporate,9349.11,2524.2597000000005,9,1
2028-05,East,Technology,Home Office,4390.74,2063.6477999999997,9,1
2028-05,North,Furniture,Home Office,16008.72,8543.556,10,2
2028-05,North,Office Supplies,Consumer,1725.3600000000001,845.4264000000001,3,1
2028-05,North,Office Supplies,Corporate,5482.75,2522.0649999999996,5,1
2028-05,North,Technology,Corporate,4298.0,2161.1839999999997,12,2
2028-05,South,Furniture,Home Office,3350.16,1072.0511999999999,6,1
2028-05,South,Office Supplies,Consumer,2458.8,1303.1640000000002,4,1
2028-05,South,Office Supplies,Corporate,24364.92,8628.1656,26,5
2028-05,South,Technology,Consumer,12831.21,5517.420300000001,7,1
2028-05,South,Technology,Corporate,9385.74,4880.5848,7,1
2028-05,South,Technology,Home Office,10639.439999999999,5250.0504,10,2
2028-05,West,Furniture,Consumer,804.4200000000001,345.90060000000005,9,1
2028-05,West,Furniture,Home Office,9200.64,2852.1984,8,1
2028-05,West,Office Supplies,Consumer,3915.0,1213.65,3,1
2028-05,West,Office Supplies,Corporate,5185.62,2696.5224,6,1
2028-05,West,Office Supplies,Home Office,8594.67,3955.881299999999,9,2
2028-05,West,Technology,Home Office,8385.0,4024.8,5,1
2028-06,East,Furniture,Corporate,957.87,249.0462,3,1
2028-06,East,Office Supplies,Consumer,6623.4,3377.9339999999997,6,1
2028-06,East,Office Supplies,Home Office,9174.279999999999,2992.5228,8,2
2028-06,East,Technology,Corporate,14791.420000000002,6827.697800000001,12,3
2028-06,East,Technology,Home Office,1162.56,511.52639999999997,2,1
2028-06,North,Furniture,Corporate,2594.7,882.1979999999999,9,1
2028-06,North,Furniture,Home Office,2764.74,1492.9596,2,1
2028-06,North,Office Supplies,Consumer,14786.04,5675.0256,10,2
2028-06,North,Technology,Consumer,4178.79,1420.7885999999999,7,1
2028-06,South,Furniture,Consumer,3025.44,1122.0336,4,2
2028-06,South,Furniture,Corporate,10959.36,4741.6768,9,2
2028-06,South,Furniture,Home Office,22164.059999999998,7875.5262,16,2
2028-06,South,Office Supplies,Corporate,20321.2,8534.0776,15,2
2028-06,South,Office Supplies,Home Office,3671.88,1175.0016,6,1
2028-06,South,Technology,Consumer,11135.900000000001,5116.177,13,2
2028-06,South,Technology,Corporate,822.7199999999999,296.1791999999999,1,1
2028-06,South,Technology,Home Office,2983.6800000000003,1518.912,11,2
2028-06,West,Furniture,Consumer,7727.200000000001,3845.532,8,2
2028-06,West,Office Supplies,Corporate,8607.72,3823.6559999999995,15,4
2028-06,West,Office Supplies,Home Office,15471.8,4406.4016,17,2
2028-06,West,Technology,Consumer,1377.6,523.4879999999999,8,1
2028-06,West,Technology,Home Office,1523.87,807.6510999999999,1,1
2028-07,East,Furniture,Consumer,2495.03,1101.4737,10,2
2028-07,East,Furniture,Corporate,389.24,171.26559999999998,1,1
2028-07,East,Furniture,Home Office,12670.56,4561.401599999999,9,1
2028-07,East,Technology,Consumer,4120.95,1772.0085,5,1
2028-07,East,Technology,Corporate,23604.16,9240.3176,23,4
2028-07,North,Furniture,Consumer,10314.65,3591.9156,10,3
2028-07,North,Furniture,Corporate,2806.4,1262.8799999999999,2,1
2028-07,North,Furniture,Home Office,6511.26,3027.4271999999996,9,2
2028-07,North,Office Supplies,Corporate,4624.4400000000005,2358.4644000000003,6,1
2028-07,North,Technology,Consumer,3272.6400000000003,1115.8096,3,2
2028-07,North,Technology,Corporate,6288.1,2345.8470000000007,11,2
2028-07,North,Technology,Home Office,3007.32,1030.4808000000003,5,2
2028-07,South,Furniture,Home Office,8554.0,3934.84,7,1
2028-07,South,Office Supplies,Corporate,1515.36,454.60799999999995,1,1
2028-07,South,Technology,Home Office,14995.890000000001,3898.9314000000013,9,1
2028-07,West,Furniture,Consumer,433.26,225.2952,1,1
2028-07,West,Furniture,Corporate,5446.9800000000005,2733.5252,7,2
2028-07,West,Office Supplies,Consumer,11570.44,5827.004400000001,14,2
2028-07,West,Office Supplies,Home Office,2670.36,1228.3655999999999,3,1
2028-07,West,Technology,Corporate,1900.8,1026.4319999999998,6,1
2028-08,East,Furniture,Consumer,14150.03,6509.0138,10,2
2028-08,East,Furniture,Corporate,3664.2,1685.5319999999997,4,1
2028-08,East,Furniture,Home Office,13105.02,5128.9524,11,2
2028-08,East,Office Supplies,Consumer,4023.5699999999997,1408.2495,3,1
2028-08,East,Office Supplies,Corporate,4118.4,1482.6239999999998,8,1
2028-08,East,Office Supplies,Home Office,5199.84,2079.936,3,1
2028-08,East,Technology,Consumer,6826.2,3606.0263999999997,13,2
2028-08,East,Technology,Corporate,6465.460000000001,2571.4737999999998,10,2
2028-08,East,Technology,Home Office,168.72,53.990399999999994,1,1
2028-08,North,Furniture,Consumer,2681.2400000000002,1063.468,3,2
2028-08,North,Furniture,Corporate,573.6,223.704,3,1
2028-08,North,Furniture,Home Office,4772.25,1765.7325,7,1
2028-08,North,Office Supplies,Home Office,10489.92,4615.564799999999,7,1
2028-08,North,Technology,Consumer,4640.3,1524.7035999999998,9,2
2028-08,North,Technology,Corporate,3967.5,1438.65,6,2
2028-08,North,Technology,Home Office,4133.28,1694.6448,4,1
2028-08,South,Furniture,Consumer,12976.939999999999,5463.249599999999,12,2
2028-08,South,Furniture,Home Office,898.64,251.61919999999998,4,1
2028-08,South,Office Supplies,Corporate,10061.64,5232.0527999999995,9,1
2028-08,South,Office Supplies,Home Office,2875.84,1064.0608,8,1
2028-08,South,Technology,Corporate,631.21,265.10820000000007,1,1
2028-08,South,Technology,Home Office,4105.22,2024.139,6,2
2028-08,West,Furniture,Consumer,2897.1,1129.869,5,1
2028-08,West,Furniture,Corporate,1646.16,707.8488000000001,3,1
2028-08,West,Office Supplies,Consumer,7089.29,3150.433,5,2
2028-08,West,Office Supplies,Corporate,9448.52,4217.8351999999995,13,2
2028-08,West,Office Supplies,Home Office,1681.5600000000002,773.5176,6,1
2028-08,West,Technology,Consumer,741.96,244.84679999999997,1,1
2028-08,West,Technology,Home Office,12798.69,5045.169000000001,9,2
2028-09,East,Furniture,Consumer,4943.16,1482.9480000000003,3,1
2028-09,East,Furniture,Corporate,2214.24,1040.6927999999998,4,1
2028-09,East,Furniture,Home Office,5774.93,2444.6254,12,2
2028-09,East,Office Supplies,Consumer,9365.4,3465.1979999999994,5,1
2028-09,East,Office Supplies,Corporate,2406.29,763.6522,7,2
2028-09,East,Technology,Home Office,12016.050000000001,3766.0514999999996,8,2
2028-09,North,Furniture,Corporate,1339.2,361.58400000000006,2,1
2028-09,North,Technology,Consumer,2498.88,1349.3952,4,1
2028-09,North,Technology,Home Office,15353.919999999998,5246.580599999999,19,3
2028-09,South,Furniture,Corporate,766.0799999999999,413.68319999999994,2,1
2028-09,South,Furniture,Home Office,9612.0,3556.4399999999996,9,1
2028-09,South,Office Supplies,Consumer,403.56,205.81560000000002,3,1
2028-09,South,Technology,Consumer,129.98,36.394400000000005,1,1
2028-09,South,Technology,Home Office,17258.44,6772.340399999999,10,2
2028-09,West,Furniture,Consumer,5957.11,2169.4157,17,2
2028-09,West,Office Supplies,Consumer,9000.3,4362.138,11,2
2028-09,West,Technology,Consumer,11197.0,5692.168,7,2
2028-09,West,Technology,Corporate,8492.94,4246.47,6,1
2028-09,West,Technology,Home Office,4951.17,1584.3743999999997,7,1
2028-10,East,Furniture,Consumer,505.6,212.35200000000003,1,1
2028-10,East,Furniture,Corporate,9060.08,3847.1704,18,3
2028-10,East,Office Supplies,Corporate,4410.25,2195.5893,11,2
2028-10,East,Office Supplies,Home Office,2623.95,1416.9329999999998,3,1
2028-10,North,Furniture,Consumer,9778.23,2737.9044000000004,9,1
2028-10,North,Office Supplies,Corporate,10080.24,4334.503200000001,9,2
2028-10,North,Office Supplies,Home Office,6763.12,2975.7727999999997,4,1
2028-10,South,Furniture,Home Office,8740.800000000001,3758.544000000001,8,1
2028-10,South,Office Supplies,Consumer,13124.16,6955.8048,8,1
2028-10,South,Technology,Consumer,2049.3,758.241,2,1
2028-10,South,Technology,Home Office,3526.7999999999997,1869.3839999999998,8,2
2028-10,West,Furniture,Consumer,7114.84,2959.8156,11,2
2028-10,West,Furniture,Corporate,16994.4,6751.046400000001,16,2
2028-10,West,Office Supplies,Consumer,7358.4,3752.784,7,1
2028-10,West,Office Supplies,Corporate,2544.36,1297.6236000000001,6,1
2028-10,West,Office Supplies,Home Office,4574.179999999999,1744.5248,7,2
2028-10,West,Technology,Consumer,17892.879999999997,5794.0864,13,2
2028-10,West,Technology,Home Office,14909.419999999998,7342.268999999999,16,3
2028-11,East,Furniture,Consumer,2354.2200000000003,706.2660000000001,3,1
2028-11,East,Furniture,Corporate,1013.3000000000001,347.3284,4,2
2028-11,East,Furniture,Home Office,14744.699999999999,6930.008999999999,9,1
2028-11,East,Office Supplies,Home Office,9504.51,3282.8843999999995,11,2
2028-11,East,Technology,Corporate,877.5,473.84999999999997,3,1
2028-11,East,Technology,Home Office,4452.94,1950.0916,4,2
2028-11,North,Furniture,Consumer,1348.6200000000001,566.4204000000001,3,1
2028-11,North,Furniture,Home Office,6997.16,2589.0368,11,2
2028-11,North,Office Supplies,Consumer,3232.44,1196.0028,4,1
2028-11,North,Office Supplies,Corporate,2609.03,823.9899,5,2
2028-11,North,Technology,Consumer,1369.9199999999998,726.0576,1,1
2028-11,North,Technology,Corporate,732.16,366.08,4,1
2028-11,North,Technology,Home Office,7396.24,2523.3911999999996,6,2
2028-11,South,Furniture,Corporate,2421.44,1089.648,7,1
2028-11,South,Furniture,Home Office,2003.76,621.1656,3,1
2028-11,South,Office Supplies,Consumer,4316.64,1612.1748,7,2
2028-11,South,Office Supplies,Corporate,13741.56,3572.8055999999997,9,1
2028-11,South,Technology,Consumer,4674.360000000001,1221.222,8,2
2028-11,South,Technology,Corporate,3766.4,1431.232,5,1
2028-11,West,Furniture,Home Office,8496.2,3993.214,5,1
2028-11,West,Office Supplies,Consumer,3162.0,1675.8600000000001,6,1
2028-11,West,Office Supplies,Corporate,11896.38,3093.0587999999993,7,2
2028-11,West,Technology,Consumer,1327.0,636.9599999999999,1,1
2028-11,West,Technology,Corporate,2113.44,866.5104000000001,4,1
2028-11,West,Technology,Home Office,11969.16,4707.0491999999995,9,2
2028-12,East,Office Supplies,Consumer,8313.6,3408.576,8,1
2028-12,East,Office Supplies,Corporate,1047.6,429.51599999999996,3,1
2028-12,East,Technology,Home Office,5782.59,2370.8619000000003,3,1
2028-12,North,Furniture,Corporate,14776.43,5074.849,13,2
2028-12,North,Furniture,Home Office,569.4,233.454,5,1
2028-12,North,Office Supplies,Consumer,17866.17,8674.3377,18,3
2028-12,North,Technology,Consumer,1609.05,852.7965,3,1
2028-12,North,Technology,Corporate,19713.3,5999.601,12,2
2028-12,South,Furniture,Consumer,11145.199999999999,4012.271999999999,8,1
2028-12,South,Furniture,Corporate,7348.660000000001,2498.6322000000005,8,2
2028-12,South,Office Supplies,Consumer,8476.02,4661.811,9,1
2028-12,South,Office Supplies,Home Office,3059.1,1560.141,3,1
2028-12,South,Technology,Consumer,6666.179999999999,1832.6574,8,2
2028-12,South,Technology,Corporate,11842.650000000001,6513.4575,10,2
2028-12,South,Technology,Home Office,7008.48,1822.2047999999995,8,1
2028-12,West,Furniture,Corporate,4899.36,1845.4295999999997,8,2
2028-12,West,Office Supplies,Corporate,14317.199999999999,7588.116,9,1
2028-12,West,Office Supplies,Home Office,8803.199999999999,3961.4399999999987,5,1
2029-01,East,Furniture,Corporate,6306.48,2191.2111,11,3
2029-01,East,Office Supplies,Consumer,4666.969999999999,1860.0966999999998,8,2
2029-01,East,Office Supplies,Home Office,3697.2000000000003,1072.188,3,1
2029-01,East,Technology,Consumer,584.0,169.36,2,1
2029-01,East,Technology,Corporate,17036.4,8005.116,14,2
2029-01,North,Furniture,Corporate,15051.36,7026.2832,17,4
2029-01,North,Technology,Corporate,25309.550000000003,10451.051,26,3
2029-01,North,Technology,Home Office,490.68,210.99240000000003,3,1
2029-01,South,Office Supplies,Home Office,1559.36,826.4608,1,1
2029-01,South,Technology,Consumer,1402.0,656.566,4,2
2029-01,West,Furniture,Corporate,1358.99,378.5842999999999,2,2
2029-01,West,Furniture,Home Office,20234.17,8343.6415,16,3
2029-01,West,Office Supplies,Consumer,3458.0,1314.04,4,1
2029-01,West,Office Supplies,Home Office,1044.0,553.32,8,1
2029-01,West,Technology,Consumer,6171.48,2283.4476,4,1
2029-01,West,Technology,Corporate,991.1,465.817,1,1
2029-01,West,Technology,Home Office,628.52,333.11560000000003,1,1
2029-02,East,Furniture,Corporate,3024.3599999999997,967.7951999999996,2,1
2029-02,East,Office Supplies,Corporate,7359.4800000000005,3098.1372,9,2
2029-02,East,Technology,Home Office,3701.52,1702.6991999999998,8,1
2029-02,North,Furniture,Corporate,8925.42,4551.9642,6,1
2029-02,North,Office Supplies,Corporate,5412.0,1623.6000000000004,8,1
2029-02,North,Technology,Consumer,5822.0,2037.6999999999998,5,1
2029-02,North,Technology,Home Office,5355.48,2368.3608,8,2
2029-02,South,Furniture,Corporate,10110.42,4650.7932,9,1
2029-02,South,Furniture,Home Office,2839.2000000000003,1362.816,7,1
2029-02,South,Technology,Consumer,10015.56,4499.3304,8,2
2029-02,South,Technology,Home Office,5090.099999999999,2748.6539999999995,5,1
2029-02,West,Furniture,Consumer,969.0,290.70000000000005,5,1
2029-02,West,Technology,Consumer,7243.2,2028.0960000000005,5,1
2029-02,West,Technology,Corporate,231.66,104.24699999999999,1,1
2029-03,East,Furniture,Corporate,580.8,302.01599999999996,2,1
2029-03,East,Office Supplies,Consumer,6635.5199999999995,2521.4975999999997,8,1
2029-03,East,Office Supplies,Corporate,5427.42,2694.8862,12,2
2029-03,East,Technology,Consumer,6470.92,3082.0316,10,2
2029-03,East,Technology,Home Office,1486.94,446.0820000000001,1,1
2029-03,North,Furniture,Consumer,9859.05,4961.074500000001,12,2
2029-03,North,Furniture,Home Office,2740.4,1315.392,2,1
2029-03,North,Technology,Corporate,7181.219999999999,3124.0703999999996,12,2
2029-03,South,Furniture,Consumer,979.29,430.8875999999999,9,1
2029-03,South,Furniture,Corporate,2899.8999999999996,1478.9489999999998,5,1
2029-03,South,Furniture,Home Office,332.99,113.2166,1,1
2029-03,South,Office Supplies,Consumer,11296.320000000002,4292.601600000001,7,1
2029-03,South,Office Supplies,Corporate,1623.6000000000001,633.2040000000001,3,1
2029-03,West,Furniture,Consumer,3693.5,1313.078,7,3
2029-03,West,Furniture,Home Office,7625.92,3246.9312,13,2
2029-03,West,Office Supplies,Consumer,5383.5,2476.41,6,1
2029-03,West,Office Supplies,Corporate,1564.64,469.39200000000005,8,1
2029-03,West,Technology,Consumer,6376.96,2550.784,4,1
2029-04,East,Furniture,Consumer,1481.25,533.25,5,1
2029-04,East,Furniture,Corporate,1382.4,663.552,8,1
2029-04,East,Office Supplies,Home Office,10447.300000000001,4127.352000000001,6,2
2029-04,East,Technology,Consumer,1840.3,717.7170000000001,5,1
2029-04,East,Technology,Corporate,9209.68,4789.033600000001,8,1
2029-04,North,Furniture,Consumer,4220.0,2278.8,5,1
2029-04,North,Furniture,Corporate,11575.44,4861.684800000001,9,1
2029-04,North,Furniture,Home Office,6935.9,1942.0519999999997,5,1
2029-04,North,Office Supplies,Consumer,1572.48,801.9648,6,1
2029-04,North,Technology,Consumer,3734.28,1232.3123999999998,6,1
2029-04,South,Office Supplies,Corporate,12449.62,5551.657799999999,17,4
2029-04,South,Office Supplies,Home Office,5878.799999999999,2763.0359999999996,6,1
2029-04,South,Technology,Consumer,6789.44,3044.1179999999995,8,2
2029-04,South,Technology,Corporate,4084.08,1633.632,3,1
2029-04,South,Technology,Home Office,2527.6,960.488,2,1
2029-04,West,Office Supplies,Consumer,2641.06,1162.0664,2,1
2029-04,West,Technology,Consumer,838.88,335.552,1,1
2029-04,West,Technology,Home Office,6013.349999999999,2405.3399999999997,7,1
2029-05,East,Furniture,Corporate,6927.98,2344.2824,5,2
2029-05,East,Furniture,Home Office,3762.1099999999997,1317.58,5,2
2029-05,East,Office Supplies,Consumer,3712.6,1795.3099999999997,5,2
2029-05,East,Office Supplies,Home Office,5428.8,1791.504,4,1
2029-05,East,Technology,Corporate,15645.09,5351.2662,15,2
2029-05,East,Technology,Home Office,929.16,427.4136,9,1
2029-05,North,Furniture,Corporate,3825.36,1530.1440000000002,7,1
2029-05,North,Office Supplies,Corporate,21202.72,6312.707200000001,16,2
2029-05,North,Technology,Home Office,5659.24,2425.0697,11,3
2029-05,South,Furniture,Consumer,1741.6599999999999,633.4655999999999,7,2
2029-05,South,Furniture,Home Office,7202.08,3463.0591999999997,10,2
2029-05,South,Office Supplies,Consumer,828.2,372.69,2,1
2029-05,South,Office Supplies,Corporate,8196.0,2704.6799999999994,6,1
2029-05,South,Office Supplies,Home Office,1197.0,634.4100000000001,5,1
2029-05,South,Technology,Consumer,9086.75,3362.0975,5,1
2029-05,West,Furniture,Corporate,8758.75,3153.1499999999996,7,1
2029-05,West,Furniture,Home Office,6490.469999999999,2336.5692,7,1
2029-05,West,Office Supplies,Corporate,22388.670000000002,7619.9571000000005,15,2
2029-05,West,Technology,Corporate,7909.38,2847.3768,6,1
2029-05,West,Technology,Home Office,955.9000000000001,468.391,5,1
2029-06,East,Office Supplies,Consumer,12737.7,5512.923000000001,15,2
2029-06,East,Technology,Corporate,2581.2000000000003,929.232,3,1
2029-06,North,Furniture,Consumer,19658.2,6100.672000000001,14,3
2029-06,North,Office Supplies,Consumer,3462.8,1696.7720000000002,5,1
2029-06,North,Office Supplies,Corporate,197.2,100.572,2,1
2029-06,North,Office Supplies,Home Office,8090.950000000001,3718.9390000000003,10,2
2029-06,North,Technology,Consumer,6803.58,2449.2888000000003,7,1
2029-06,North,Technology,Corporate,1045.36,543.5871999999999,2,1
2029-06,North,Technology,Home Office,8983.8,4132.548,7,1
2029-06,South,Furniture,Consumer,5424.55,1898.5924999999997,5,1
2029-06,South,Furniture,Home Office,8281.14,4057.7586,12,2
2029-06,South,Office Supplies,Consumer,11066.07,5264.7324,7,2
2029-06,South,Technology,Corporate,5571.0,2104.62,12,2
2029-06,South,Technology,Home Office,18842.629999999997,6232.492499999999,26,5
2029-06,West,Furniture,Corporate,2860.8,1487.6160000000002,6,1
2029-06,West,Office Supplies,Consumer,15644.16,7822.08,9,1
2029-06,West,Office Supplies,Home Office,8019.469999999999,3285.1068999999998,13,2
2029-06,West,Technology,Home Office,9954.63,3929.8296,13,3
2029-07,East,Furniture,Consumer,3893.25,1713.0299999999997,5,1
2029-07,East,Furniture,Corporate,4450.5599999999995,2047.2575999999995,4,1
2029-07,East,Furniture,Home Office,8078.85,3109.9184999999998,8,2
2029-07,East,Office Supplies,Home Office,999.36,509.6736,4,1
2029-07,East,Technology,Consumer,13321.27,4662.077,14,3
2029-07,North,Furniture,Consumer,1903.56,894.6732,4,1
2029-07,North,Furniture,Corporate,19186.21,8121.943399999999,14,3
2029-07,North,Furniture,Home Office,6849.3,2808.213,6,1
2029-07,North,Technology,Consumer,8856.0,3453.84,5,1
2029-07,North,Technology,Corporate,689.04,337.6296,1,1
2029-07,South,Furniture,Corporate,1902.69,823.1139,9,2
2029-07,South,Furniture,Home Office,3183.0499999999997,1432.3724999999997,5,1
2029-07,South,Office Supplies,Corporate,3196.8,1566.432,6,1
2029-07,South,Office Supplies,Home Office,13886.17,6049.9606,15,2
2029-07,South,Technology,Consumer,8520.9,3699.522,6,2
2029-07,South,Technology,Home Office,18359.1,6503.160599999999,22,3
2029-07,West,Furniture,Consumer,3715.53,1597.6779000000001,3,1
2029-07,West,Furniture,Corporate,19652.06,7413.415000000001,14,2
2029-07,West,Furniture,Home Office,1303.68,560.5824000000001,2,1
2029-07,West,Office Supplies,Consumer,14055.16,4624.4926,14,2
2029-07,West,Office Supplies,Home Office,533.12,191.9232,4,1
2029-07,West,Technology,Corporate,2566.2000000000003,1360.0860000000002,2,1
2029-07,West,Technology,Home Office,13962.240000000002,5244.7014,14,2
2029-08,East,Furniture,Consumer,14580.72,4665.830399999999,8,1
2029-08,East,Furniture,Corporate,2622.1099999999997,1183.3618999999999,7,2
2029-08,East,Office Supplies,Consumer,1049.1599999999999,346.2227999999999,1,1
2029-08,East,Office Supplies,Home Office,12051.2,5302.527999999999,8,1
2029-08,East,Technology,Consumer,11882.96,5855.1939999999995,8,3
2029-08,East,Technology,Corporate,11896.64,5829.3535999999995,7,1
2029-08,East,Technology,Home Office,5623.58,2057.6142,6,2
2029-08,North,Furniture,Consumer,657.28,262.912,1,1
2029-08,North,Furniture,Corporate,2022.4,748.288,4,1
2029-08,North,Furniture,Home Office,3049.2,792.7919999999999,5,1
2029-08,North,Office Supplies,Consumer,12802.529999999999,5761.138499999999,11,2
2029-08,North,Technology,Consumer,2002.1999999999998,660.7259999999999,5,1
2029-08,North,Technology,Corporate,873.6,349.44000000000005,2,1
2029-08,North,Technology,Home Office,1879.02,695.2374,9,1
2029-08,South,Furniture,Corporate,5935.599999999999,1661.9679999999998,8,1
2029-08,South,Furniture,Home Office,20477.92,9916.1584,17,2
2029-08,South,Office Supplies,Consumer,7864.34,2272.3668000000002,7,2
2029-08,South,Technology,Consumer,12938.94,5304.965400000001,9,1
2029-08,South,Technology,Home Office,744.48,253.1232,2,1
2029-08,West,Furniture,Consumer,7548.0,2037.96,5,1
2029-08,West,Furniture,Corporate,11388.6,5466.528,6,1
2029-08,West,Office Supplies,Consumer,686.76,226.63079999999997,3,1
2029-08,West,Office Supplies,Corporate,4795.56,1966.1796000000004,7,1
2029-08,West,Office Supplies,Home Office,1407.28,534.7664,1,1
2029-08,West,Technology,Corporate,8475.400000000001,4500.406800000001,10,2
2029-09,East,Furniture,Consumer,7872.48,3542.615999999999,7,1
2029-09,East,Furniture,Home Office,3057.6,1651.1039999999998,7,1
2029-09,East,Office Supplies,Consumer,1424.97,641.2365,3,1
2029-09,East,Office Supplies,Corporate,12727.26,6745.447800000001,9,1
2029-09,East,Office Supplies,Home Office,5353.68,1991.2704,14,2
2029-09,East,Technology,Consumer,10168.48,4474.131199999999,8,1
2029-09,East,Technology,Home Office,12372.539999999999,4748.2194,13,2
2029-09,North,Furniture,Corporate,3256.29,1790.9595,9,1
2029-09,North,Furniture,Home Office,11926.32,3577.8960000000006,8,1
2029-09,North,Office Supplies,Consumer,1251.0,400.31999999999994,2,1
2029-09,North,Office Supplies,Corporate,1329.1200000000001,637.9776,1,1
2029-09,North,Office Supplies,Home Office,3828.0,1033.56,5,1
2029-09,South,Furniture,Corporate,6189.84,1982.2410000000002,13,2
2029-09,South,Furniture,Home Office,27371.84,11831.4932,38,6
2029-09,South,Office Supplies,Corporate,1871.1000000000001,804.5730000000001,6,1
2029-09,South,Technology,Consumer,3523.52,1902.7007999999998,4,1
2029-09,South,Technology,Corporate,4217.4,1560.4379999999996,5,1
2029-09,West,Furniture,Consumer,4334.64,1909.656,12,2
2029-09,West,Furniture,Corporate,6458.9400000000005,3164.8806000000004,6,1
2029-09,West,Furniture,Home Office,4170.95,1584.9609999999998,7,1
2029-09,West,Office Supplies,Consumer,5009.88,1302.5688,4,1
2029-09,West,Office Supplies,Corporate,9532.46,3717.6593999999996,7,1
2029-09,West,Technology,Home Office,7960.120000000001,3406.6592000000005,9,2
2029-10,East,Furniture,Consumer,1983.69,833.1498000000001,3,1
2029-10,East,Furniture,Home Office,1321.4299999999998,479.4682,3,2
2029-10,East,Technology,Consumer,573.5,298.22,1,1
2029-10,East,Technology,Corporate,9665.279999999999,3866.112,8,1
2029-10,East,Technology,Home Office,12945.869999999999,5151.957299999998,12,2
2029-10,North,Furniture,Consumer,10588.14,5619.445199999999,9,2
2029-10,North,Furniture,Corporate,8210.16,3858.7752,8,1
2029-10,North,Furniture,Home Office,9850.14,3447.549,9,1
2029-10,North,Office Supplies,Consumer,359.15999999999997,111.33960000000002,2,1
2029-10,North,Office Supplies,Corporate,4257.9,1830.897,3,1
2029-10,North,Office Supplies,Home Office,2985.2999999999997,1074.7079999999999,3,1
2029-10,North,Technology,Consumer,12096.89,6597.155499999999,9,2
2029-10,North,Technology,Corporate,2093.46,810.2724000000001,4,2
2029-10,North,Technology,Home Office,5712.0,1656.48,7,1
2029-10,South,Furniture,Consumer,7770.0,3418.7999999999993,7,1
2029-10,South,Furniture,Corporate,22193.8,6850.3156,32,5
2029-10,South,Office Supplies,Consumer,1019.7,336.501,5,1
2029-10,South,Office Supplies,Corporate,14671.68,6082.704,15,2
2029-10,South,Technology,Consumer,5798.4,1565.5680000000002,8,1
2029-10,South,Technology,Corporate,6597.75,2950.5924999999997,6,2
2029-10,South,Technology,Home Office,4310.05,1417.8290000000004,11,2
2029-10,West,Furniture,Corporate,758.97,341.5365,1,1
2029-10,West,Office Supplies,Home Office,5246.55,2623.275,3,1
2029-10,West,Technology,Home Office,215.0,116.1,1,1
2029-11,East,Furniture,Corporate,1431.78,758.8434,3,1
2029-11,East,Office Supplies,Home Office,5220.089999999999,1722.6296999999995,3,1
2029-11,East,Technology,Consumer,11788.14,5222.9118,9,2
2029-11,East,Technology,Corporate,2553.72,1119.8772,4,2
2029-11,North,Office Supplies,Corporate,4910.28,1571.2895999999996,6,1
2029-11,North,Office Supplies,Home Office,4906.8,2649.672,3,1
2029-11,North,Technology,Corporate,1076.04,527.2596,3,1
2029-11,North,Technology,Home Office,4742.7,1755.5610000000001,11,2
2029-11,South,Furniture,Corporate,17904.34,7368.7374,17,3
2029-11,South,Furniture,Home Office,10155.119999999999,3164.748,15,2
2029-11,South,Office Supplies,Consumer,3841.92,1613.6064000000001,6,1
2029-11,South,Office Supplies,Corporate,2559.6,1228.608,6,1
2029-11,South,Office Supplies,Home Office,764.4,298.116,6,1
2029-11,South,Technology,Consumer,7938.0,4286.52,9,1
2029-11,West,Furniture,Corporate,8388.66,3391.927,7,2
2029-11,West,Furniture,Home Office,13072.560000000001,6309.8277,10,2
2029-11,West,Office Supplies,Consumer,24332.71,11517.657200000001,19,4
2029-11,West,Office Supplies,Home Office,2626.8300000000004,1260.8784,3,1
2029-11,West,Technology,Consumer,18147.36,6618.393599999999,14,2
2029-11,West,Technology,Corporate,881.6,352.64,5,1
2029-11,West,Technology,Home Office,14920.96,6765.311999999999,9,2
2029-12,East,Furniture,Consumer,1458.24,670.7904,4,1
2029-12,East,Furniture,Corporate,3876.59,1274.267,6,2
2029-12,East,Office Supplies,Consumer,19597.059999999998,8375.4818,15,2
2029-12,East,Office Supplies,Corporate,550.56,165.168,4,1
2029-12,East,Office Supplies,Home Office,1541.12,493.1583999999998,4,1
2029-12,East,Technology,Consumer,6384.84,1900.3529999999998,8,2
2029-12,East,Technology,Home Office,19226.870000000003,7709.7881,19,5
2029-12,North,Furniture,Corporate,7921.2699999999995,2076.6661999999997,8,2
2029-12,North,Office Supplies,Home Office,15208.94,7707.6068,19,3
2029-12,North,Technology,Consumer,6936.72,1977.4776000000002,12,2
2029-12,North,Technology,Corporate,4401.54,1848.6468,9,1
2029-12,South,Furniture,Consumer,9338.48,3701.1288,10,2
2029-12,South,Furniture,Home Office,4044.8799999999997,1537.6424,12,2
2029-12,South,Office Supplies,Consumer,14639.470000000001,6125.099400000001,19,3
2029-12,South,Technology,Home Office,7859.099999999999,3772.3679999999995,6,1
2029-12,West,Furniture,Consumer,10126.62,5468.3748000000005,7,1
2029-12,West,Office Supplies,Consumer,6196.48,1549.12,4,1
2029-12,West,Technology,Corporate,660.0,231.0,5,1
2029-12,West,Technology,Home Office,11274.83,5562.7891,16,3
2030-01,East,Furniture,Consumer,13804.48,7097.4367999999995,10,2
2030-01,East,Furniture,Corporate,606.3399999999999,266.78959999999995,7,1
2030-01,East,Furniture,Home Office,8659.279999999999,4676.011199999999,7,1
2030-01,East,Office Supplies,Consumer,911.0400000000001,273.312,8,1
2030-01,East,Office Supplies,Corporate,1391.28,570.4248,2,1
2030-01,East,Office Supplies,Home Office,11305.84,3391.7520000000004,8,1
2030-01,East,Technology,Corporate,2521.92,808.128,5,2
2030-01,East,Technology,Home Office,3253.5,1041.12,3,1
2030-01,North,Furniture,Corporate,5621.04,2023.5744,6,1
2030-01,North,Office Supplies,Consumer,3304.68,1507.0295999999998,3,2
2030-01,North,Office Supplies,Corporate,7267.5,3343.0499999999997,5,1
2030-01,North,Technology,Corporate,4796.0,2504.848,15,2
2030-01,North,Technology,Home Office,4889.08,1417.8332,7,1
2030-01,South,Furniture,Consumer,11970.0,4548.6,9,1
2030-01,South,Furniture,Corporate,7921.54,3115.5620000000004,16,3
2030-01,South,Furniture,Home Office,6876.599999999999,2750.6400000000003,6,1
2030-01,South,Office Supplies,Corporate,481.90000000000003,144.57000000000005,2,1
2030-01,South,Office Supplies,Home Office,4072.96,1547.7248,4,1
2030-01,South,Technology,Corporate,14515.2,5080.32,9,1
2030-01,South,Technology,Home Office,7754.77,3606.2928,7,2
2030-01,West,Furniture,Consumer,5594.799999999999,1678.44,8,1
2030-01,West,Furniture,Home Office,11742.0,5871.0,6,1
2030-01,West,Office Supplies,Corporate,1439.92,417.57680000000005,4,1
2030-01,West,Technology,Consumer,3703.5,1370.295,6,1
2030-02,East,Office Supplies,Corporate,20090.309999999998,7753.004999999999,12,3
2030-02,East,Technology,Consumer,6112.0,3056.0,5,1
2030-02,East,Technology,Home Office,11067.0,3320.1000000000004,7,1
2030-02,North,Furniture,Consumer,5580.1,2232.0400000000004,5,1
2030-02,North,Furniture,Corporate,5465.22,2896.5666,6,1
2030-02,North,Furniture,Home Office,3616.2,1627.2899999999997,5,1
2030-02,North,Office Supplies,Consumer,15006.7,5931.0162,16,2
2030-02,North,Office Supplies,Home Office,13953.96,6697.900799999999,9,1
2030-02,North,Technology,Consumer,7738.05,2553.5564999999997,5,1
2030-02,North,Technology,Corporate,12215.28,5252.5704000000005,8,1
2030-02,South,Furniture,Home Office,7289.28,2398.464,11,2
2030-02,South,Office Supplies,Consumer,3089.36,803.2336,2,1
2030-02,South,Office Supplies,Home Office,2698.5,1322.2649999999999,7,1
2030-02,South,Technology,Consumer,1679.04,470.13120000000004,1,1
2030-02,West,Furniture,Corporate,13950.66,4877.1414,12,2
2030-02,West,Furniture,Home Office,7629.96,2060.0892000000003,6,1
2030-02,West,Office Supplies,Consumer,4781.42,2103.8248,7,1
2030-02,West,Office Supplies,Corporate,3757.6800000000003,1622.0159999999998,5,2
2030-02,West,Office Supplies,Home Office,11931.29,4023.940200000001,13,2
2030-02,West,Technology,Consumer,6867.84,2884.4928000000004,8,1
2030-02,West,Technology,Corporate,1871.52,1013.898,2,2
2030-03,East,Furniture,Corporate,9470.699999999999,5114.177999999999,9,1
2030-03,East,Furniture,Home Office,5869.620000000001,2109.5244000000002,11,2
2030-03,East,Office Supplies,Corporate,874.56,308.55359999999996,5,2
2030-03,East,Office Supplies,Home Office,14388.66,5755.464,9,1
2030-03,East,Technology,Home Office,14372.939999999999,5856.8904,10,2
2030-03,North,Furniture,Consumer,12105.66,4992.0402,15,2
2030-03,North,Furniture,Home Office,8578.68,2659.3908,6,1
2030-03,North,Office Supplies,Consumer,7751.05,2918.9947,7,2
2030-03,North,Office Supplies,Corporate,7934.400000000001,3253.1040000000003,9,1
2030-03,North,Technology,Corporate,6939.360000000001,2359.3824000000004,6,1
2030-03,South,Furniture,Consumer,6502.860000000001,2080.9151999999995,6,1
2030-03,South,Furniture,Home Office,3633.8399999999997,1308.1823999999997,7,1
2030-03,South,Office Supplies,Home Office,1300.39,338.1014,1,1
2030-03,South,Technology,Consumer,6853.77,3152.7342,9,1
2030-03,South,Technology,Corporate,13739.58,4747.4388,12,2
2030-03,West,Furniture,Corporate,2179.56,1089.78,6,1
2030-03,West,Furniture,Home Office,6733.18,3232.7616,12,3
2030-03,West,Office Supplies,Corporate,12581.64,5259.847200000001,9,2
2030-03,West,Technology,Corporate,7074.36,2476.026,9,1
2030-03,West,Technology,Home Office,10344.48,5482.5744,6,1
2030-04,East,Furniture,Consumer,3555.8399999999997,1137.8687999999997,8,1
2030-04,East,Furniture,Home Office,637.88,306.1824,1,1
2030-04,East,Technology,Corporate,557.1999999999999,172.73200000000003,4,1
2030-04,North,Furniture,Corporate,4915.68,2457.84,6,1
2030-04,North,Furniture,Home Office,3569.8799999999997,1606.4459999999997,4,1
2030-04,North,Office Supplies,Consumer,9498.6,3575.9880000000003,11,2
2030-04,North,Technology,Consumer,18426.18,5768.511600000001,11,2
2030-04,North,Technology,Corporate,6300.23,1701.0620999999999,11,2
2030-04,South,Furniture,Consumer,10698.24,3209.4720000000007,8,1
2030-04,South,Furniture,Home Office,8804.32,3702.3812,14,2
2030-04,South,Office Supplies,Consumer,10649.2,5190.68,11,2
2030-04,South,Office Supplies,Home Office,6830.879999999999,2271.9424,16,2
2030-04,South,Technology,Consumer,6937.84,2428.2439999999997,8,1
2030-04,South,Technology,Home Office,2773.8599999999997,1386.9299999999998,3,1
2030-04,West,Furniture,Consumer,10208.32,3470.8287999999993,8,1
2030-04,West,Furniture,Corporate,13593.630000000001,4238.376,15,3
2030-04,West,Office Supplies,Corporate,17159.899999999998,5104.556799999999,15,2
2030-04,West,Office Supplies,Home Office,25903.260000000002,10466.749800000001,18,2
2030-04,West,Technology,Consumer,6691.33,2586.9985,11,3
2030-04,West,Technology,Corporate,19840.7,9732.836,15,2
2030-04,West,Technology,Home Office,4268.32,1109.7631999999999,4,1
2030-05,East,Furniture,Consumer,4619.1,1200.9660000000003,6,1
2030-05,East,Furniture,Corporate,1162.8,395.352,6,1
2030-05,East,Furniture,Home Office,13640.88,4247.2608,12,3
2030-05,East,Office Supplies,Consumer,10075.1,3727.7870000000003,7,1
2030-05,East,Office Supplies,Home Office,8703.2,3568.312000000001,5,1
2030-05,East,Technology,Consumer,7544.24,2240.92,12,2
2030-05,East,Technology,Home Office,11759.44,4115.804,7,1
2030-05,North,Furniture,Corporate,4480.099999999999,1344.0300000000002,5,1
2030-05,North,Furniture,Home Office,10637.48,4021.5448000000006,11,2
2030-05,North,Office Supplies,Corporate,3411.2000000000003,1842.048,8,1
2030-05,North,Technology,Corporate,1332.8,479.808,1,1
2030-05,South,Office Supplies,Consumer,5633.400000000001,2253.36,6,1
2030-05,West,Furniture,Consumer,8087.360000000001,3572.7776000000003,8,2
2030-05,West,Furniture,Home Office,14573.279999999999,7140.9072,8,1
2030-05,West,Office Supplies,Consumer,6902.28,1932.6383999999998,7,1
2030-05,West,Office Supplies,Corporate,805.5,418.86,1,1
2030-05,West,Technology,Home Office,3871.44,1238.8608,3,1
2030-06,East,Furniture,Consumer,17374.47,9428.6751,16,2
2030-06,East,Furniture,Home Office,4725.84,1984.8528000000001,7,1
2030-06,East,Office Supplies,Consumer,6797.76,2107.3056000000006,8,1
2030-06,East,Office Supplies,Corporate,3292.08,1646.04,4,1
2030-06,East,Office Supplies,Home Office,2321.7,1184.067,3,1
2030-06,East,Technology,Consumer,7174.04,2772.356,7,2
2030-06,East,Technology,Corporate,8930.22,2898.4184999999998,12,3
2030-06,East,Technology,Home Office,4333.24,1902.3196,11,3
2030-06,North,Furniture,Corporate,5565.5199999999995,1892.2767999999996,4,1
2030-06,North,Office Supplies,Consumer,9758.4,3025.1040000000003,6,1
2030-06,North,Technology,Consumer,2817.36,817.0344000000002,4,1
2030-06,North,Technology,Corporate,2549.33,892.2655,7,1
2030-06,North,Technology,Home Office,6317.579999999999,2530.6476,10,2
2030-06,South,Furniture,Corporate,4985.55,2442.9195,5,1
2030-06,South,Office Supplies,Consumer,1728.54,553.1327999999999,2,1
2030-06,South,Office Supplies,Corporate,5097.6,2212.326,7,2
2030-06,South,Office Supplies,Home Office,8194.95,3495.7926000000007,11,2
2030-06,South,Technology,Corporate,2446.08,1223.04,7,1
2030-06,South,Technology,Home Office,2385.72,620.2872,2,1
2030-06,West,Furniture,Consumer,10891.789999999999,5785.7387,8,2
2030-06,West,Office Supplies,Consumer,11504.07,4716.6687,9,1
2030-06,West,Office Supplies,Corporate,246.0,91.02000000000001,1,1
2030-06,West,Office Supplies,Home Office,522.0,172.26,3,1
2030-06,West,Technology,Corporate,3408.0,1499.5199999999998,3,1
2030-06,West,Technology,Home Office,2058.0,596.8200000000002,2,1
2030-07,East,Furniture,Home Office,3153.5,1072.19,2,1
2030-07,East,Office Supplies,Corporate,7468.17,2983.7430000000004,5,2
2030-07,East,Office Supplies,Home Office,3060.7200000000003,979.4303999999997,3,1
2030-07,East,Technology,Corporate,9633.44,3234.8608000000004,13,2
2030-07,East,Technology,Home Office,1009.32,484.47360000000003,2,1
2030-07,North,Furniture,Consumer,7549.740000000001,1962.9324000000006,9,1
2030-07,North,Furniture,Corporate,6498.0,3119.04,5,1
2030-07,North,Furniture,Home Office,16148.16,4037.040000000001,9,1
2030-07,North,Office Supplies,Consumer,1243.1200000000001,671.2848,1,1
2030-07,North,Office Supplies,Corporate,7993.7,2877.732,5,1
2030-07,North,Office Supplies,Home Office,4300.8,1591.2959999999998,8,1
2030-07,North,Technology,Home Office,9416.44,3924.5756,11,2
2030-07,South,Furniture,Home Office,21705.5,6690.4662,18,3
2030-07,South,Office Supplies,Consumer,7201.04,3456.4991999999997,7,1
2030-07,South,Office Supplies,Corporate,191.51999999999998,84.26879999999998,2,1
2030-07,South,Technology,Consumer,10428.880000000001,4275.840800000001,8,1
2030-07,West,Furniture,Consumer,2137.14,555.6564000000001,3,1
2030-07,West,Furniture,Corporate,10651.45,3988.966999999999,10,2
2030-07,West,Office Supplies,Consumer,702.66,365.3832,3,1
2030-07,West,Office Supplies,Corporate,1277.96,447.28599999999994,1,1
2030-07,West,Technology,Corporate,2301.21,943.4961000000001,3,1
2030-07,West,Technology,Home Office,4830.62,1575.2731999999996,12,3
2030-08,East,Furniture,Corporate,4417.92,1678.8096,3,1
2030-08,East,Office Supplies,Corporate,8785.45,3378.2829999999994,13,2
2030-08,East,Office Supplies,Home Office,6944.9400000000005,1944.5832,6,1
2030-08,East,Technology,Consumer,3797.46,987.3396000000002,9,1
2030-08,East,Technology,Home Office,10671.38,3846.6769999999997,8,2
2030-08,North,Furniture,Corporate,6148.599999999999,2520.926,5,1
2030-08,North,Furniture,Home Office,13120.199999999999,5034.977999999999,10,2
2030-08,North,Office Supplies,Consumer,4976.04,1564.5396000000005,11,3
2030-08,North,Technology,Corporate,3654.0,1388.52,7,1
2030-08,North,Technology,Home Office,3538.3,1708.9930000000002,10,2
2030-08,South,Furniture,Consumer,9948.32,4078.8112,8,1
2030-08,South,Furniture,Home Office,16104.89,5217.1456,17,3
2030-08,South,Office Supplies,Consumer,20904.81,8614.8819,18,3
2030-08,South,Technology,Corporate,10180.05,2791.3875,10,2
2030-08,South,Technology,Home Office,4014.0,1204.2000000000003,9,1
2030-08,West,Furniture,Consumer,23100.54,6655.191000000002,20,4
2030-08,West,Furniture,Corporate,5072.54,2253.8671999999997,9,2
2030-08,West,Office Supplies,Consumer,6457.5,2647.5750000000003,5,1
2030-08,West,Office Supplies,Corporate,11375.42,5326.896399999999,15,2
2030-08,West,Office Supplies,Home Office,2128.5,1064.25,2,1
2030-08,West,Technology,Corporate,11008.76,4657.830800000001,12,3
2030-08,West,Technology,Home Office,8085.519999999999,2853.1168,10,2
2030-09,East,Furniture,Consumer,729.4399999999999,226.12640000000005,4,1
2030-09,East,Furniture,Corporate,7255.9800000000005,3700.5498000000002,6,1
2030-09,East,Furniture,Home Office,11544.52,4341.798,12,3
2030-09,East,Office Supplies,Corporate,1139.28,535.4616,4,1
2030-09,East,Office Supplies,Home Office,3737.5,1225.076,4,2
2030-09,East,Technology,Consumer,9328.320000000002,2425.3632000000007,8,1
2030-09,East,Technology,Corporate,7108.92,2559.2111999999997,6,1
2030-09,East,Technology,Home Office,2596.0,1298.0,5,1
2030-09,North,Furniture,Consumer,3912.16,1799.5935999999997,2,1
2030-09,North,Furniture,Corporate,17569.13,7138.777,13,2
2030-09,North,Office Supplies,Consumer,6289.5,3155.061,15,2
2030-09,North,Office Supplies,Corporate,10004.529999999999,3174.1025,9,3
2030-09,North,Technology,Consumer,6811.7,2111.6270000000004,7,1
2030-09,North,Technology,Corporate,1301.4399999999998,572.6335999999999,7,1
2030-09,North,Technology,Home Office,489.9,215.55599999999998,3,1
2030-09,South,Furniture,Corporate,3190.88,957.2640000000001,7,1
2030-09,South,Office Supplies,Corporate,5100.0,1530.0,3,1
2030-09,South,Office Supplies,Home Office,504.0,267.12,1,1
2030-09,South,Technology,Consumer,663.6,305.256,7,1
2030-09,South,Technology,Corporate,8957.25,2955.8925,9,1
2030-09,South,Technology,Home Office,4732.89,1467.1959000000002,3,1
2030-09,West,Furniture,Consumer,11707.26,3250.7376000000004,7,2
2030-09,West,Furniture,Corporate,1177.2,541.512,2,1
2030-09,West,Furniture,Home Office,2024.6399999999999,951.5808,4,1
2030-09,West,Office Supplies,Home Office,11480.59,5763.1932,12,2
2030-09,West,Technology,Corporate,8921.64,2765.708400000001,13,2
2030-10,East,Furniture,Consumer,4106.35,1738.7915000000003,5,2
2030-10,East,Furniture,Home Office,8691.77,3090.4503000000004,12,4
2030-10,East,Office Supplies,Corporate,3610.3199999999997,1732.9535999999998,7,1
2030-10,East,Office Supplies,Home Office,11098.619999999999,3995.503199999999,9,1
2030-10,East,Technology,Home Office,8530.82,3285.8799999999997,7,2
2030-10,North,Furniture,Corporate,6106.32,2686.7807999999995,4,1
2030-10,North,Furniture,Home Office,15622.529999999999,6807.6633,16,3
2030-10,North,Technology,Consumer,13673.16,7125.4864,12,2
2030-10,North,Technology,Corporate,2795.7599999999998,1230.1343999999997,8,1
2030-10,North,Technology,Home Office,5967.36,1790.2080000000005,4,1
2030-10,South,Furniture,Consumer,1540.56,724.0631999999999,7,1
2030-10,South,Furniture,Home Office,10187.1,4584.195,7,1
2030-10,South,Office Supplies,Corporate,10369.92,4355.366400000001,6,1
2030-10,South,Office Supplies,Home Office,11367.54,4956.468,10,3
2030-10,South,Technology,Corporate,1020.7,367.00699999999995,3,2
2030-10,South,Technology,Home Office,716.3,350.98699999999997,2,1
2030-10,West,Furniture,Consumer,23871.33,10785.978,14,2
2030-10,West,Furniture,Corporate,13620.52,5851.637199999999,12,2
2030-10,West,Office Supplies,Consumer,6750.72,2184.768,12,2
2030-10,West,Office Supplies,Home Office,10056.42,4123.132200000001,11,2
2030-10,West,Technology,Corporate,2056.56,1110.5423999999998,3,1
2030-10,West,Technology,Home Office,3768.0,1507.2000000000003,4,1
2030-11,East,Furniture,Consumer,8541.99,4299.5646,9,2
2030-11,East,Office Supplies,Consumer,1296.39,531.5199000000001,1,1
2030-11,East,Technology,Corporate,4812.96,1499.9712,6,2
2030-11,North,Office Supplies,Corporate,14192.05,5251.0585,10,2
2030-11,North,Office Supplies,Home Office,2560.3199999999997,870.5087999999998,3,1
2030-11,North,Technology,Corporate,7963.2,2946.384,5,1
2030-11,North,Technology,Home Office,10091.13,5146.476299999999,7,1
2030-11,South,Furniture,Corporate,1320.8999999999999,686.8679999999999,1,1
2030-11,South,Furniture,Home Office,8683.56,3044.2511999999997,12,2
2030-11,South,Office Supplies,Home Office,3933.0,1455.21,9,1
2030-11,South,Technology,Corporate,5939.66,2005.9546,10,2
2030-11,South,Technology,Home Office,3684.24,1547.3808,6,1
2030-11,West,Office Supplies,Consumer,6531.84,2547.4176,9,1
2030-11,West,Office Supplies,Corporate,477.95000000000005,219.85700000000003,5,1
2030-11,West,Technology,Home Office,5944.32,2674.9439999999995,8,1
2030-12,East,Furniture,Consumer,4040.0,1454.4,5,1
2030-12,East,Office Supplies,Corporate,14425.8,5265.6768,15,2
2030-12,East,Office Supplies,Home Office,8793.6,2550.1440000000002,5,1
2030-12,East,Technology,Corporate,12449.7,5851.359,9,1
2030-12,North,Furniture,Corporate,507.18,243.44639999999998,1,1
2030-12,North,Furniture,Home Office,5779.830000000001,2989.7259000000004,9,2
2030-12,North,Office Supplies,Consumer,1315.8,565.7940000000001,1,1
2030-12,North,Office Supplies,Corporate,8170.2,3921.696,5,1
2030-12,North,Technology,Corporate,7314.299999999999,3171.6846,18,2
2030-12,North,Technology,Home Office,3720.3300000000004,1674.1485,3,1
2030-12,South,Furniture,Consumer,1260.0,428.4,2,1
2030-12,South,Furniture,Corporate,3789.52,1524.7763999999997,8,2
2030-12,South,Office Supplies,Consumer,1794.8700000000001,682.0506,3,1
2030-12,South,Office Supplies,Corporate,789.12,339.32160000000005,1,1
2030-12,South,Office Supplies,Home Office,3871.5599999999995,1705.8636000000001,11,2
2030-12,South,Technology,Corporate,11588.69,4501.5779,10,3
2030-12,West,Furniture,Home Office,743.04,260.06399999999996,2,1
2030-12,West,Office Supplies,Corporate,2372.76,1257.5628000000002,6,1
2030-12,West,Office Supplies,Home Office,4420.29,2298.5508,7,1
2030-12,West,Technology,Consumer,2016.0,725.76,2,1
2030-12,West,Technology,Corporate,5730.6,2481.1180000000004,15,2
2030-12,West,Technology,Home Office,5908.62,2008.9307999999996,6,1
2031-01,East,Furniture,Consumer,1632.4,701.9320000000001,5,1
2031-01,East,Furniture,Home Office,19306.78,6239.3496,13,3
2031-01,East,Office Supplies,Consumer,9595.0,2599.91,11,2
2031-01,East,Office Supplies,Corporate,6673.92,1868.6976000000004,8,1
2031-01,East,Technology,Consumer,5999.679999999999,2628.5767999999994,13,3
2031-01,East,Technology,Corporate,5136.28,2568.14,4,1
2031-01,North,Furniture,Corporate,16409.38,7535.4036,13,2
2031-01,North,Furniture,Home Office,11856.119999999999,4893.488399999999,11,2
2031-01,North,Office Supplies,Corporate,2410.56,819.5903999999998,8,1
2031-01,North,Technology,Consumer,808.08,363.63599999999997,1,1
2031-01,North,Technology,Corporate,13406.22,6089.3171999999995,11,3
2031-01,North,Technology,Home Office,5580.0,2734.2,6,1
2031-01,South,Furniture,Corporate,3343.06,1048.9582,13,2
2031-01,South,Furniture,Home Office,3134.67,1504.6416,3,1
2031-01,South,Office Supplies,Corporate,4308.88,1274.1960000000004,13,2
2031-01,South,Office Supplies,Home Office,4075.92,1297.6776,5,2
2031-01,South,Technology,Consumer,4823.91,1977.8031,3,1
2031-01,South,Technology,Corporate,1256.64,464.95680000000004,3,1
2031-01,West,Furniture,Corporate,924.6,268.134,1,1
2031-01,West,Furniture,Home Office,11880.68,4675.736800000001,17,3
2031-01,West,Office Supplies,Consumer,13787.2,5243.932,11,3
2031-01,West,Office Supplies,Home Office,8173.599999999999,4250.272,8,1
2031-01,West,Technology,Home Office,13979.1,5154.936,10,2
2031-02,East,Furniture,Consumer,25912.14,11651.605800000001,18,3
2031-02,East,Furniture,Corporate,7333.6,3813.472,5,1
2031-02,East,Furniture,Home Office,4774.0,2052.82,4,1
2031-02,East,Office Supplies,Consumer,12724.16,5810.124,14,3
2031-02,East,Office Supplies,Corporate,9462.88,2365.7199999999993,8,1
2031-02,East,Office Supplies,Home Office,11324.16,4642.9056,6,1
2031-02,East,Technology,Consumer,7754.85,3691.0514999999996,7,2
2031-02,East,Technology,Corporate,3082.96,1603.1392,8,1
2031-02,East,Technology,Home Office,14696.400000000001,5355.096,17,2
2031-02,North,Furniture,Home Office,7380.000000000001,3616.2000000000003,9,1
2031-02,North,Office Supplies,Consumer,2592.21,914.1033,4,2
2031-02,North,Office Supplies,Corporate,11682.0,5957.82,8,1
2031-02,North,Technology,Consumer,15001.73,7686.934199999999,16,3
2031-02,North,Technology,Corporate,14116.480000000001,5928.9216000000015,8,1
2031-02,South,Furniture,Home Office,15605.400000000001,5866.728,12,2
2031-02,South,Office Supplies,Consumer,11360.16,3976.0559999999996,8,1
2031-02,South,Office Supplies,Corporate,19982.25,7749.9,18,2
2031-02,South,Technology,Corporate,439.68,211.0464,1,1
2031-02,South,Technology,Home Office,11290.880000000001,3924.1215999999995,18,3
2031-02,West,Furniture,Consumer,4596.0599999999995,2298.0299999999997,7,1
2031-02,West,Furniture,Corporate,4086.96,1534.7471999999998,7,2
2031-02,West,Furniture,Home Office,5853.639999999999,2285.9064,6,2
2031-02,West,Office Supplies,Consumer,2379.52,1070.7839999999999,4,1
2031-02,West,Office Supplies,Home Office,2611.3799999999997,1331.8038,6,1
2031-02,West,Technology,Home Office,22681.09,10072.3483,23,5
2031-03,East,Furniture,Consumer,12358.179999999998,4213.559399999999,8,2
2031-03,East,Furniture,Home Office,2311.2000000000003,670.2480000000003,6,1
2031-03,East,Office Supplies,Home Office,2411.64,1229.9364,6,1
2031-03,East,Technology,Corporate,1260.0,428.4,8,1
2031-03,East,Technology,Home Office,8468.800000000001,2290.5811999999996,10,2
2031-03,North,Furniture,Consumer,11908.920000000002,5196.609600000001,14,2
2031-03,North,Office Supplies,Consumer,997.92,319.33439999999996,1,1
2031-03,North,Technology,Consumer,5871.25,1848.3582,12,3
2031-03,South,Furniture,Consumer,9997.26,3099.150600000001,7,1
2031-03,South,Furniture,Home Office,5363.28,2735.2727999999997,9,1
2031-03,South,Office Supplies,Consumer,3234.56,1617.28,7,1
2031-03,South,Technology,Consumer,11081.7,3303.9990000000007,12,2
2031-03,South,Technology,Corporate,1738.5,452.01,2,1
2031-03,South,Technology,Home Office,10812.76,3568.2108,7,1
2031-03,West,Furniture,Consumer,5406.0,2811.12,5,1
2031-03,West,Furniture,Home Office,1770.96,531.288,3,2
2031-03,West,Office Supplies,Consumer,1871.21,776.2430000000002,4,2
2031-03,West,Office Supplies,Corporate,7080.84,3540.42,9,1
2031-03,West,Technology,Consumer,448.71999999999997,242.30879999999996,4,1
2031-03,West,Technology,Corporate,11364.359999999999,4432.100399999999,7,1
2031-04,East,Furniture,Home Office,1795.5,915.705,5,1
2031-04,East,Technology,Corporate,12452.880000000001,3611.3352000000014,8,1
2031-04,North,Furniture,Corporate,11425.919999999998,4613.472,13,2
2031-04,North,Office Supplies,Consumer,1983.69,833.1498000000001,3,1
2031-04,South,Furniture,Consumer,8445.5,4222.75,5,1
2031-04,South,Furniture,Corporate,3112.2000000000003,995.904,6,1
2031-04,South,Furniture,Home Office,1751.43,735.6006000000001,3,1
2031-04,South,Office Supplies,Corporate,899.36,359.744,8,1
2031-04,South,Office Supplies,Home Office,7264.8,2106.7920000000004,9,1
2031-04,South,Technology,Corporate,5825.15,1982.6639999999998,6,2
2031-04,South,Technology,Home Office,1136.7,511.515,1,1
2031-04,West,Office Supplies,Home Office,7610.139999999999,3457.640999999999,8,2
2031-04,West,Technology,Consumer,1066.22,575.7588000000001,2,1
2031-04,West,Technology,Corporate,562.12,292.30240000000003,1,1
2031-05,East,Furniture,Consumer,3081.12,1078.3919999999998,7,1
2031-05,East,Furniture,Corporate,6957.35,2567.3435,13,3
2031-05,East,Office Supplies,Consumer,1462.8600000000001,629.0298000000001,1,1
2031-05,East,Office Supplies,Home Office,4747.92,1535.7600000000002,11,2
2031-05,East,Technology,Corporate,3456.0,1140.48,8,1
2031-05,East,Technology,Home Office,460.65,170.4405,1,1
2031-05,North,Furniture,Consumer,3054.48,794.1648,6,1
2031-05,North,Furniture,Corporate,216.75,65.025,1,1
2031-05,North,Furniture,Home Office,3815.1,1297.134,9,1
2031-05,North,Office Supplies,Consumer,1929.42,1022.5926000000001,6,1
2031-05,North,Office Supplies,Corporate,1118.8799999999999,525.8735999999999,3,1
2031-05,North,Office Supplies,Home Office,658.0799999999999,217.16639999999995,2,1
2031-05,North,Technology,Corporate,5618.96,1931.0375999999997,5,2
2031-05,North,Technology,Home Office,2900.88,1421.4312,6,1
2031-05,South,Furniture,Corporate,5601.049999999999,1554.8105999999998,5,2
2031-05,South,Furniture,Home Office,12621.3,5508.45,9,2
2031-05,South,Office Supplies,Corporate,1050.4,472.67999999999995,1,1
2031-05,South,Technology,Consumer,4303.349999999999,1075.8374999999996,9,1
2031-05,South,Technology,Corporate,13323.06,4418.983800000001,14,3
2031-05,West,Furniture,Consumer,1676.6399999999999,754.4879999999998,4,1
2031-05,West,Furniture,Corporate,8237.6,3789.2960000000003,7,1
2031-05,West,Furniture,Home Office,11402.28,4446.8892000000005,9,1
2031-05,West,Office Supplies,Consumer,829.4399999999999,414.71999999999997,2,1
2031-05,West,Technology,Consumer,6343.679999999999,3235.2767999999996,8,1
2031-05,West,Technology,Home Office,489.81,166.53539999999998,1,1
2031-06,East,Furniture,Corporate,3320.2799999999997,1188.5076,3,2
2031-06,East,Office Supplies,Home Office,6973.0,2928.6600000000003,5,1
2031-06,East,Technology,Consumer,3060.0,1315.8000000000002,5,1
2031-06,East,Technology,Corporate,8783.25,2371.4775,7,1
2031-06,East,Technology,Home Office,4895.1,2594.4030000000002,7,1
2031-06,North,Furniture,Consumer,2262.96,814.6656,3,1
2031-06,North,Furniture,Corporate,2423.52,920.9376,9,1
2031-06,North,Office Supplies,Corporate,2113.65,612.9585000000002,9,1
2031-06,North,Technology,Consumer,4886.64,1950.7248,13,3
2031-06,North,Technology,Home Office,12587.539999999999,5916.143799999999,7,1
2031-06,South,Furniture,Consumer,4077.0899999999997,1629.081,3,2
2031-06,South,Furniture,Home Office,2365.62,1111.8413999999998,6,1
2031-06,South,Office Supplies,Corporate,1260.78,563.5404,6,2
2031-06,South,Technology,Consumer,3919.5,1450.2150000000001,3,1
2031-06,South,Technology,Home Office,9231.24,4800.2448,6,1
2031-06,West,Furniture,Consumer,4978.92,1328.514,7,2
2031-06,West,Technology,Consumer,12176.01,3409.282800000001,7,1
2031-06,West,Technology,Home Office,7575.48,3787.74,4,1
2031-07,East,Furniture,Corporate,8558.72,4450.5344,8,1
2031-07,East,Furniture,Home Office,9098.47,2911.510399999999,13,2
2031-07,East,Office Supplies,Consumer,4192.1,1551.0770000000002,5,1
2031-07,East,Office Supplies,Corporate,3959.28,1187.784,8,1
2031-07,East,Office Supplies,Home Office,10765.64,4653.2824,9,2
2031-07,East,Technology,Corporate,9101.72,3549.5784,12,3
2031-07,East,Technology,Home Office,3924.7200000000003,1766.1239999999998,3,1
2031-07,North,Furniture,Consumer,1079.12,539.56,2,1
2031-07,North,Furniture,Corporate,4138.200000000001,1189.2600000000002,8,2
2031-07,North,Furniture,Home Office,4512.2,2075.6119999999996,5,1
2031-07,North,Technology,Consumer,11709.95,4615.0965,12,2
2031-07,North,Technology,Home Office,7943.96,3119.8406,8,2
2031-07,South,Technology,Consumer,13580.12,4201.527200000001,17,3
2031-07,West,Furniture,Consumer,5942.820000000001,2772.549,7,2
2031-07,West,Office Supplies,Consumer,5616.0,2134.08,5,1
2031-07,West,Office Supplies,Corporate,9641.039999999999,4063.7783999999992,10,2
2031-07,West,Office Supplies,Home Office,10263.59,3132.0544,11,2
2031-08,East,Furniture,Consumer,9740.400000000001,3180.4032000000007,11,2
2031-08,East,Furniture,Home Office,2134.08,981.6768,9,1
2031-08,East,Office Supplies,Corporate,1581.75,790.875,3,1
2031-08,East,Office Supplies,Home Office,4341.12,1432.5695999999998,7,1
2031-08,East,Technology,Consumer,11886.720000000001,2971.6800000000003,8,1
2031-08,East,Technology,Home Office,10490.96,5140.5704,8,1
2031-08,North,Furniture,Consumer,11268.18,5183.3628,7,1
2031-08,North,Furniture,Home Office,5107.4400000000005,2040.7296,7,2
2031-08,North,Office Supplies,Consumer,10028.800000000001,5014.400000000001,8,1
2031-08,North,Office Supplies,Corporate,14718.620000000003,6422.547600000001,12,2
2031-08,North,Office Supplies,Home Office,132.0,71.28,1,1
2031-08,North,Technology,Consumer,2263.84,925.8655999999999,4,2
2031-08,North,Technology,Home Office,14184.6,6757.684400000001,15,3
2031-08,South,Furniture,Consumer,17191.84,8610.4432,22,3
2031-08,South,Office Supplies,Consumer,4222.8,1900.2599999999998,9,1
2031-08,South,Office Supplies,Corporate,7801.15,3221.7073,9,2
2031-08,South,Technology,Consumer,8607.84,2609.0447999999997,12,2
2031-08,South,Technology,Corporate,11072.3,4988.244999999999,11,2
2031-08,South,Technology,Home Office,13786.29,3998.0241000000005,9,1
2031-08,West,Furniture,Home Office,6072.92,2793.5431999999996,7,1
2031-08,West,Office Supplies,Consumer,5972.4,2329.236,6,1
2031-08,West,Technology,Consumer,515.97,237.3462,1,1
2031-08,West,Technology,Corporate,13548.42,4061.0663999999992,14,2
2031-08,West,Technology,Home Office,1507.66,814.1364,7,1
2031-09,East,Office Supplies,Consumer,3381.75,1285.065,5,1
2031-09,East,Office Supplies,Corporate,11509.89,4857.150900000001,9,2
2031-09,East,Office Supplies,Home Office,3211.3199999999997,899.1696,14,2
2031-09,East,Technology,Consumer,19433.940000000002,9416.1198,15,3
2031-09,East,Technology,Corporate,5138.16,1798.3559999999998,4,1
2031-09,East,Technology,Home Office,510.71999999999997,163.43039999999996,1,1
2031-09,North,Furniture,Corporate,13368.66,4179.63,14,3
2031-09,North,Furniture,Home Office,19975.77,6701.114700000001,16,2
2031-09,North,Technology,Consumer,3190.59,1467.6714,3,1
2031-09,North,Technology,Corporate,10928.61,5792.1633,7,1
2031-09,North,Technology,Home Office,1981.98,911.7107999999998,2,1
2031-09,South,Furniture,Consumer,7460.4,2834.0832,9,2
2031-09,South,Office Supplies,Consumer,12792.78,4538.3868,10,3
2031-09,South,Office Supplies,Corporate,8649.0,3286.62,6,1
2031-09,South,Office Supplies,Home Office,4977.18,1692.2412,9,1
2031-09,South,Technology,Corporate,27085.559999999998,9986.862000000001,29,5
2031-09,South,Technology,Home Office,2630.88,1236.5136,2,1
2031-09,West,Furniture,Consumer,11597.86,3276.0554,10,2
2031-09,West,Furniture,Home Office,18548.25,7035.924,14,2
2031-09,West,Office Supplies,Corporate,3280.16,984.0480000000002,4,1
2031-09,West,Office Supplies,Home Office,1581.75,711.7874999999999,5,1
2031-09,West,Technology,Consumer,3242.7000000000003,1459.215,3,1
2031-09,West,Technology,Corporate,18843.480000000003,8262.2628,21,3
2031-10,East,Furniture,Home Office,1860.88,744.9287999999999,5,2
2031-10,East,Office Supplies,Consumer,4635.9,1622.5649999999996,9,1
2031-10,East,Office Supplies,Home Office,1573.24,534.9015999999999,2,1
2031-10,East,Technology,Consumer,4703.04,1693.0944,4,1
2031-10,East,Technology,Home Office,3766.6,1807.9679999999998,5,1
2031-10,North,Furniture,Consumer,2126.24,978.0703999999998,8,1
2031-10,North,Furniture,Corporate,1203.84,457.4592,2,1
2031-10,North,Furniture,Home Office,4842.88,1549.7215999999999,7,1
2031-10,North,Office Supplies,Consumer,1481.4,385.164,1,1
2031-10,North,Office Supplies,Corporate,310.86,158.5386,1,1
2031-10,North,Technology,Consumer,1444.4,534.428,1,1
2031-10,North,Technology,Corporate,9612.72,3844.8215999999993,9,2
2031-10,North,Technology,Home Office,7191.200000000001,2952.536,10,2
2031-10,South,Furniture,Corporate,681.5999999999999,231.74399999999997,6,1
2031-10,South,Furniture,Home Office,6180.16,2348.4608,8,1
2031-10,South,Office Supplies,Consumer,9729.31,2959.5211000000004,16,2
2031-10,South,Office Supplies,Home Office,4075.2599999999998,2078.3826,7,1
2031-10,South,Technology,Consumer,5546.0,2367.7304,6,3
2031-10,West,Furniture,Corporate,8852.22,3186.7991999999995,9,1
2031-10,West,Office Supplies,Consumer,611.04,238.30559999999997,4,1
2031-10,West,Office Supplies,Corporate,6417.360000000001,1955.1456,15,3
2031-10,West,Office Supplies,Home Office,4494.69,2202.3981,3,1
2031-10,West,Technology,Consumer,3844.7999999999997,1807.0559999999998,6,1
2031-10,West,Technology,Corporate,13872.070000000002,5782.146500000001,9,2
2031-10,West,Technology,Home Office,3385.8,1828.332,5,1
2031-11,East,Furniture,Consumer,9029.07,4695.1164,9,1
2031-11,East,Furniture,Corporate,12390.84,4708.5192,9,1
2031-11,East,Furniture,Home Office,12956.519999999999,5674.4904,11,2
2031-11,East,Office Supplies,Corporate,8393.34,3880.7367000000004,8,2
2031-11,East,Office Supplies,Home Office,1110.2,488.48799999999994,4,1
2031-11,East,Technology,Consumer,18557.47,7599.902399999999,16,3
2031-11,North,Furniture,Consumer,18785.87,6630.7009,20,3
2031-11,North,Furniture,Corporate,2602.6,1353.352,2,1
2031-11,North,Office Supplies,Consumer,1580.04,489.8124,3,1
2031-11,North,Office Supplies,Corporate,3898.8,1247.616,9,1
2031-11,North,Technology,Consumer,1464.75,703.0799999999999,1,1
2031-11,North,Technology,Corporate,2595.15,1038.0600000000002,9,1
2031-11,South,Furniture,Consumer,16914.48,7539.5568,10,2
2031-11,South,Furniture,Corporate,11421.63,5139.733499999999,9,1
2031-11,South,Office Supplies,Corporate,5292.0,2063.88,8,1
2031-11,South,Office Supplies,Home Office,9848.3,4007.8359999999993,12,2
2031-11,South,Technology,Corporate,10269.439999999999,4929.3312,8,1
2031-11,South,Technology,Home Office,5775.549999999999,1569.975,9,2
2031-11,West,Furniture,Corporate,877.8,219.45000000000005,2,1
2031-11,West,Office Supplies,Home Office,2825.1,1158.291,9,1
2031-11,West,Technology,Corporate,2750.58,1100.232,9,1
2031-11,West,Technology,Home Office,2459.1000000000004,940.044,6,2
2031-12,East,Furniture,Corporate,4119.75,1890.7880999999998,5,2
2031-12,East,Office Supplies,Consumer,9116.800000000001,4564.0672,10,2
2031-12,East,Office Supplies,Corporate,12304.800000000001,3199.2479999999996,9,1
2031-12,East,Office Supplies,Home Office,7076.969999999999,2547.7091999999993,6,2
2031-12,East,Technology,Corporate,3311.7,1390.914,5,1
2031-12,East,Technology,Home Office,2165.7599999999998,628.0704000000001,2,1
2031-12,North,Furniture,Consumer,12528.48,5512.531199999999,8,1
2031-12,North,Furniture,Corporate,3259.02,879.9353999999998,2,1
2031-12,North,Furniture,Home Office,10341.119999999999,4731.388799999999,12,2
2031-12,North,Office Supplies,Home Office,7263.400000000001,3994.8700000000003,5,1
2031-12,North,Technology,Corporate,1825.2,693.576,6,1
2031-12,South,Furniture,Consumer,1548.8000000000002,820.8640000000001,8,1
2031-12,South,Furniture,Home Office,1074.24,558.6048000000001,1,1
2031-12,South,Office Supplies,Corporate,711.9,249.16499999999996,7,1
2031-12,South,Office Supplies,Home Office,4566.2,2009.1279999999997,4,1
2031-12,South,Technology,Corporate,15704.56,5897.562400000001,16,3
2031-12,South,Technology,Home Office,2080.42,927.4116,2,2
2031-12,West,Furniture,Consumer,5033.0,2315.18,7,1
2031-12,West,Furniture,Corporate,9035.029999999999,3564.0964999999997,20,4
2031-12,West,Office Supplies,Consumer,5729.04,2463.4872000000005,4,1
2031-12,West,Office Supplies,Corporate,1321.32,673.8732,4,1
2031-12,West,Technology,Consumer,16506.68,7715.6716,12,3
2031-12,West,Technology,Home Office,8356.35,4345.302,5,1
2032-01,East,Furniture,Consumer,3307.35,926.058,3,1
2032-01,East,Furniture,Corporate,4409.04,1562.9543999999999,13,2
2032-01,East,Furniture,Home Office,26972.03,10471.2952,33,5
2032-01,East,Office Supplies,Home Office,4006.0499999999997,2043.0855,3,1
2032-01,East,Technology,Consumer,1727.82,812.0754,1,1
2032-01,East,Technology,Corporate,985.52,453.3392,1,1
2032-01,East,Technology,Home Office,5267.7,1791.0179999999996,3,1
2032-01,North,Furniture,Consumer,2515.5,1358.37,5,1
2032-01,North,Furniture,Corporate,21407.23,7098.4362,17,3
2032-01,North,Furniture,Home Office,383.15999999999997,137.93759999999997,4,1
2032-01,North,Office Supplies,Home Office,2193.0,964.9199999999998,3,1
2032-01,North,Technology,Consumer,9315.98,3590.4964,10,3
2032-01,North,Technology,Home Office,4599.0,2161.5299999999997,5,1
2032-01,South,Furniture,Consumer,6004.0,1741.1599999999999,8,1
2032-01,South,Furniture,Corporate,1015.75,385.985,1,1
2032-01,South,Office Supplies,Consumer,5537.719999999999,2107.3948,9,2
2032-01,South,Office Supplies,Corporate,17485.32,7171.4688,12,2
2032-01,South,Technology,Corporate,3195.5,958.6500000000001,7,1
2032-01,West,Furniture,Corporate,1362.3,708.396,2,1
2032-01,West,Furniture,Home Office,7368.36,3925.6416,12,2
2032-02,East,Furniture,Corporate,4426.8,1195.2360000000003,4,1
2032-02,East,Technology,Corporate,4028.7000000000003,2094.924,5,1
2032-02,North,Furniture,Consumer,18902.52,6909.3648,18,3
2032-02,North,Furniture,Corporate,7671.1,4065.6830000000004,5,1
2032-02,North,Furniture,Home Office,3211.98,1156.3128000000002,3,1
2032-02,North,Office Supplies,Home Office,6394.5,2046.2399999999998,9,1
2032-02,North,Technology,Consumer,1046.52,411.654,5,2
2032-02,South,Furniture,Consumer,1278.0,447.29999999999995,5,1
2032-02,South,Furniture,Home Office,4526.0,1765.1399999999999,5,1
2032-02,South,Office Supplies,Consumer,21313.11,10025.1879,14,2
2032-02,South,Office Supplies,Corporate,7070.700000000001,3064.386,5,2
2032-02,South,Technology,Corporate,10416.0,3020.6400000000003,8,1
2032-02,West,Furniture,Consumer,9733.5,3406.7249999999995,7,1
2032-02,West,Furniture,Corporate,18250.74,6689.8152,18,2
2032-02,West,Furniture,Home Office,10674.480000000001,5550.729600000001,8,1
2032-02,West,Office Supplies,Consumer,789.36,363.1056,1,1
2032-02,West,Office Supplies,Corporate,8091.6,2427.4800000000005,5,1
2032-02,West,Office Supplies,Home Office,9302.900000000001,3145.422,6,2
2032-02,West,Technology,Consumer,7365.24,3536.9028,7,2
2032-02,West,Technology,Corporate,6921.72,2422.602,9,1
2032-03,East,Furniture,Corporate,9093.69,3364.6653000000006,9,1
2032-03,East,Furniture,Home Office,2406.04,1299.2616,2,1
2032-03,East,Office Supplies,Consumer,3392.04,848.0100000000002,3,1
2032-03,East,Technology,Consumer,1990.9600000000003,537.5592000000001,4,1
2032-03,East,Technology,Corporate,1474.56,427.62239999999997,6,1
2032-03,East,Technology,Home Office,14461.42,5638.4998000000005,19,3
2032-03,North,Technology,Corporate,8444.16,4053.1967999999997,6,1
2032-03,North,Technology,Home Office,9109.32,4395.627600000001,7,2
2032-03,South,Furniture,Consumer,8064.42,2499.9702000000007,6,1
2032-03,South,Furniture,Corporate,15438.560000000001,7725.0527999999995,17,3
2032-03,South,Furniture,Home Office,16507.95,6927.584,21,4
2032-03,South,Office Supplies,Corporate,15368.05,6779.7294999999995,11,3
2032-03,South,Technology,Consumer,1331.33,505.9054,7,1
2032-03,South,Technology,Corporate,8273.32,2992.1892000000003,10,3
2032-03,South,Technology,Home Office,1980.0900000000001,1011.0717,3,2
2032-03,West,Furniture,Consumer,2930.88,1260.2784000000001,8,1
2032-03,West,Furniture,Home Office,3155.94,915.2226,9,1
2032-03,West,Office Supplies,Consumer,11273.78,4044.7102000000004,15,3
2032-03,West,Technology,Consumer,13132.04,4715.634,9,2
2032-03,West,Technology,Corporate,15484.69,5574.4377,23,4
2032-04,East,Furniture,Consumer,13269.6,4909.752,8,1
2032-04,East,Furniture,Corporate,2453.36,1030.4112000000002,4,1
2032-04,East,Furniture,Home Office,8609.3,2238.4179999999997,5,1
2032-04,East,Technology,Consumer,3839.04,1190.1024000000002,3,1
2032-04,East,Technology,Corporate,8627.92,4400.2392,7,1
2032-04,East,Technology,Home Office,1333.8,480.168,1,1
2032-04,North,Furniture,Consumer,22818.32,8968.8492,18,3
2032-04,North,Furniture,Corporate,1212.1200000000001,593.9388,4,1
2032-04,North,Technology,Consumer,13472.199999999999,5795.389999999999,10,2
2032-04,North,Technology,Corporate,5165.7,2238.909,10,2
2032-04,North,Technology,Home Office,9825.97,3537.3491999999997,7,1
2032-04,South,Furniture,Home Office,1992.9,1016.379,3,1
2032-04,South,Office Supplies,Home Office,14026.32,7293.6864000000005,8,1
2032-04,South,Technology,Home Office,2626.4,787.9200000000001,4,1
2032-04,West,Furniture,Consumer,9819.98,3756.8165999999997,10,2
2032-04,West,Furniture,Corporate,4609.08,2396.7216,3,1
2032-04,West,Furniture,Home Office,19748.5,5799.8408,19,3
2032-04,West,Office Supplies,Home Office,4014.92,1043.8791999999999,4,1
2032-04,West,Technology,Corporate,790.32,410.9664,4,1
2032-05,East,Furniture,Corporate,1952.72,781.088,7,1
2032-05,East,Office Supplies,Corporate,3493.1400000000003,1399.1394,7,2
2032-05,East,Office Supplies,Home Office,1656.0,513.3600000000001,5,1
2032-05,East,Technology,Consumer,8971.2,4306.176,7,1
2032-05,North,Furniture,Consumer,5253.57,2153.9637000000002,7,1
2032-05,North,Furniture,Corporate,5015.15,2557.7264999999998,5,1
2032-05,North,Furniture,Home Office,6673.599999999999,3336.7999999999997,8,1
2032-05,North,Office Supplies,Consumer,4171.58,1209.7582000000002,7,1
2032-05,North,Office Supplies,Corporate,3676.7999999999997,1286.8799999999997,2,1
2032-05,North,Office Supplies,Home Office,2514.9,930.5129999999999,6,1
2032-05,North,Technology,Consumer,9529.11,3430.4795999999997,9,1
2032-05,North,Technology,Corporate,1567.3500000000001,799.3485000000001,1,1
2032-05,North,Technology,Home Office,1183.2,473.2800000000001,2,1
2032-05,South,Furniture,Corporate,10362.6,4974.048,6,1
2032-05,South,Furniture,Home Office,8080.4400000000005,2427.9996000000006,7,2
2032-05,South,Technology,Corporate,7407.8099999999995,3881.4075000000003,5,2
2032-05,South,Technology,Home Office,8274.81,3565.5579,10,2
2032-05,West,Furniture,Corporate,3166.8,1393.3919999999998,4,1
2032-05,West,Furniture,Home Office,11259.12,4121.4648,15,3
2032-05,West,Office Supplies,Consumer,4882.2,1904.058,6,1
2032-05,West,Office Supplies,Corporate,6309.66,3407.2164,7,1
2032-05,West,Office Supplies,Home Office,5822.820000000001,2503.8126000000007,9,1
2032-05,West,Technology,Consumer,9019.3,2705.79,5,1
2032-05,West,Technology,Corporate,6894.35,2674.3044999999993,13,2
2032-05,West,Technology,Home Office,6773.759999999999,3183.6671999999994,6,1
2032-06,East,Furniture,Consumer,1752.8,490.7840000000001,2,1
2032-06,East,Furniture,Corporate,18210.39,6157.655700000001,15,2
2032-06,East,Furniture,Home Office,6670.2,2991.198,13,2
2032-06,East,Technology,Home Office,12503.52,6501.830400000001,9,1
2032-06,North,Furniture,Consumer,5370.3,1987.011,6,1
2032-06,North,Office Supplies,Home Office,10173.4,3813.8,14,3
2032-06,North,Technology,Consumer,17856.84,5754.081600000001,17,3
2032-06,North,Technology,Corporate,1711.1999999999998,496.24800000000005,4,1
2032-06,North,Technology,Home Office,3939.6,1410.4152,6,2
2032-06,South,Furniture,Consumer,3112.2000000000003,1276.0020000000002,6,1
2032-06,South,Furniture,Corporate,4772.0,1670.1999999999998,5,1
2032-06,South,Office Supplies,Consumer,8661.800000000001,3811.192,7,1
2032-06,South,Office Supplies,Corporate,12956.58,5182.6320000000005,9,1
2032-06,South,Office Supplies,Home Office,2960.2,1391.2939999999999,5,1
2032-06,South,Technology,Consumer,6128.97,3000.9186,6,2
2032-06,West,Furniture,Consumer,3440.9999999999995,1376.4,5,1
2032-06,West,Office Supplies,Corporate,21380.02,9032.105199999998,20,3
2032-06,West,Technology,Corporate,15930.300000000001,7300.8824,17,3
2032-07,East,Furniture,Consumer,1255.8,565.1099999999999,2,1
2032-07,East,Furniture,Corporate,16099.38,5795.7768,9,1
2032-07,East,Furniture,Home Office,2003.3999999999999,901.5299999999997,5,1
2032-07,East,Office Supplies,Corporate,6030.64,1507.6599999999999,7,1
2032-07,East,Office Supplies,Home Office,24601.829999999998,9216.377700000001,21,3
2032-07,East,Technology,Consumer,11835.0,3812.5259999999994,14,2
2032-07,East,Technology,Corporate,7968.6,4143.6720000000005,9,1
2032-07,East,Technology,Home Office,6166.400000000001,2219.904,4,1
2032-07,North,Furniture,Corporate,1154.4,450.216,4,1
2032-07,North,Furniture,Home Office,4700.7,2397.357,3,1
2032-07,North,Office Supplies,Home Office,468.71999999999997,201.5496,1,1
2032-07,North,Technology,Consumer,522.75,282.28499999999997,5,1
2032-07,North,Technology,Corporate,4360.5,1676.4209999999998,9,2
2032-07,South,Furniture,Consumer,1940.0,834.2,8,1
2032-07,South,Furniture,Corporate,988.6800000000001,257.05680000000007,2,1
2032-07,South,Office Supplies,Consumer,834.48,367.17119999999994,3,1
2032-07,South,Office Supplies,Home Office,4707.64,2353.82,7,1
2032-07,South,Technology,Corporate,8388.18,3576.0078,13,2
2032-07,South,Technology,Home Office,8778.76,2748.0840000000003,9,2
2032-07,West,Office Supplies,Home Office,16530.12,5584.8456,14,2
2032-07,West,Technology,Consumer,3924.9,1648.458,9,1
2032-07,West,Technology,Corporate,10900.28,3702.1951999999997,14,3
2032-07,West,Technology,Home Office,7465.06,2354.7477000000003,10,2
2032-08,East,Furniture,Corporate,3235.36,1779.448,8,1
2032-08,East,Office Supplies,Consumer,3532.7999999999997,1907.7119999999998,5,1
2032-08,East,Office Supplies,Home Office,9427.880000000001,2830.1372000000006,9,2
2032-08,East,Technology,Consumer,2275.5,1023.9749999999999,2,1
2032-08,East,Technology,Corporate,11623.5,3254.58,9,1
2032-08,East,Technology,Home Office,3309.6,1423.1280000000002,4,1
2032-08,North,Furniture,Consumer,14757.48,6681.009599999999,12,2
2032-08,North,Furniture,Home Office,9282.56,4455.6287999999995,7,1
2032-08,North,Office Supplies,Consumer,12593.449999999999,6400.099,14,3
2032-08,North,Technology,Consumer,2691.92,699.8992000000001,7,1
2032-08,North,Technology,Corporate,2038.5,917.3249999999998,3,1
2032-08,North,Technology,Home Office,2562.2,943.0697999999999,7,3
2032-08,South,Furniture,Consumer,7992.539999999999,2468.5757999999996,13,3
2032-08,South,Furniture,Corporate,16178.039999999999,8282.0088,10,2
2032-08,South,Office Supplies,Consumer,10476.18,3771.4248,9,1
2032-08,South,Technology,Consumer,7161.49,3506.2419,12,2
2032-08,South,Technology,Home Office,6114.5,3179.54,5,1
2032-08,West,Furniture,Home Office,2371.5,1256.895,5,1
2032-08,West,Technology,Consumer,4203.36,2059.6463999999996,9,1
2032-08,West,Technology,Home Office,11528.539999999999,5745.2321999999995,9,2
2032-09,East,Furniture,Corporate,10315.23,3199.0740000000005,8,3
2032-09,East,Furniture,Home Office,7950.529999999999,3202.6827000000003,16,3
2032-09,East,Office Supplies,Consumer,12283.2,4616.639999999999,11,2
2032-09,East,Technology,Home Office,13168.45,4709.1175,10,2
2032-09,North,Office Supplies,Consumer,11720.62,4355.244000000001,14,2
2032-09,North,Technology,Corporate,2016.8999999999999,665.5769999999998,2,1
2032-09,South,Furniture,Corporate,430.96999999999997,150.8395,1,1
2032-09,South,Office Supplies,Corporate,11770.5,5061.3150000000005,7,1
2032-09,South,Technology,Consumer,1456.0,509.6,2,1
2032-09,South,Technology,Corporate,1399.3799999999999,419.8140000000001,2,1
2032-09,West,Furniture,Home Office,8814.96,3209.0112000000004,17,3
2032-09,West,Office Supplies,Home Office,13809.300000000001,5873.052000000001,12,2
2032-09,West,Technology,Consumer,12681.12,6213.7488,8,1
2032-09,West,Technology,Home Office,5575.5,1895.6699999999996,6,1
2032-10,East,Furniture,Corporate,1438.56,532.2672,2,1
2032-10,East,Office Supplies,Corporate,4092.2,1350.426,7,1
2032-10,East,Technology,Consumer,12377.62,5147.535999999999,11,3
2032-10,East,Technology,Corporate,3470.55,1355.5014,6,2
2032-10,East,Technology,Home Office,21717.8,9762.5092,20,3
2032-10,North,Furniture,Consumer,4794.84,1525.5576,5,2
2032-10,North,Furniture,Home Office,1422.7,369.90200000000004,1,1
2032-10,North,Office Supplies,Consumer,11925.76,6320.652800000001,8,1
2032-10,North,Technology,Consumer,11443.68,3661.9775999999993,8,1
2032-10,North,Technology,Corporate,14257.039999999999,5814.5136,16,2
2032-10,South,Furniture,Corporate,2073.6,1078.272,3,1
2032-10,South,Furniture,Home Office,4819.2,1686.7199999999998,4,1
2032-10,South,Technology,Consumer,30305.789999999997,9504.551699999998,20,3
2032-10,South,Technology,Corporate,4751.22,1446.8766,13,2
2032-10,South,Technology,Home Office,3247.3599999999997,1594.4164,6,2
2032-10,West,Furniture,Consumer,384.73,192.365,1,1
2032-10,West,Furniture,Home Office,5266.32,2794.4856,9,2
2032-10,West,Office Supplies,Corporate,13735.92,6047.3256,12,2
2032-10,West,Office Supplies,Home Office,2014.32,564.0096000000001,7,1
2032-10,West,Technology,Consumer,20351.64,8377.282200000001,13,3
2032-10,West,Technology,Corporate,2749.18,852.2458000000001,2,1
2032-10,West,Technology,Home Office,15824.119999999999,6826.9223999999995,11,3
2032-11,East,Furniture,Consumer,16223.97,6474.6116999999995,13,2
2032-11,East,Furniture,Corporate,27139.590000000004,13265.002800000002,14,2
2032-11,East,Furniture,Home Office,16889.9,7451.8192,24,3
2032-11,East,Office Supplies,Consumer,1580.8000000000002,553.28,1,1
2032-11,East,Technology,Consumer,9660.42,3477.7511999999997,7,1
2032-11,East,Technology,Corporate,2797.2,1034.964,3,1
2032-11,North,Furniture,Corporate,2884.96,1269.3824,2,1
2032-11,North,Office Supplies,Consumer,8601.06,4238.8062,11,3
2032-11,North,Office Supplies,Corporate,360.8,93.80799999999999,1,1
2032-11,South,Furniture,Consumer,11278.349999999999,2819.5874999999996,9,1
2032-11,South,Furniture,Corporate,3586.1600000000003,1398.6024000000002,2,1
2032-11,South,Furniture,Home Office,5508.0,2258.28,4,1
2032-11,South,Office Supplies,Consumer,3928.3199999999997,2082.0096,8,1
2032-11,South,Office Supplies,Home Office,824.8000000000001,280.432,1,1
2032-11,South,Technology,Consumer,8662.949999999999,2772.1439999999993,9,1
2032-11,South,Technology,Corporate,14201.460000000001,6106.627800000001,9,1
2032-11,West,Furniture,Consumer,13223.43,6175.7064,17,3
2032-11,West,Office Supplies,Home Office,2852.0,1368.96,4,1
2032-11,West,Technology,Consumer,709.8000000000001,354.90000000000003,5,1
2032-11,West,Technology,Corporate,8418.95,3226.449,9,2
2032-12,East,Office Supplies,Consumer,16958.059999999998,5853.127,16,2
2032-12,East,Office Supplies,Corporate,1309.0,589.05,4,1
2032-12,East,Office Supplies,Home Office,1427.1499999999999,756.3895,1,1
2032-12,East,Technology,Home Office,8038.8,4099.7880000000005,9,1
2032-12,North,Furniture,Consumer,18012.24,6361.5887999999995,15,2
2032-12,North,Furniture,Home Office,13453.4,5268.412399999999,23,4
2032-12,North,Office Supplies,Consumer,11606.49,6267.504599999999,9,1
2032-12,North,Office Supplies,Corporate,6010.12,2842.4496,8,2
2032-12,North,Office Supplies,Home Office,12567.91,4762.4324,17,3
2032-12,North,Technology,Consumer,4798.16,2103.3167999999996,9,2
2032-12,North,Technology,Home Office,2874.69,1121.1291,3,1
2032-12,South,Furniture,Consumer,11230.199999999999,4267.476,9,1
2032-12,South,Furniture,Corporate,7682.4,3457.08,9,1
2032-12,South,Office Supplies,Consumer,13263.15,5396.814,13,2
2032-12,South,Office Supplies,Corporate,2513.92,783.1552,5,2
2032-12,South,Technology,Consumer,3496.0,1713.04,5,1
2032-12,South,Technology,Corporate,6976.62,2023.2197999999999,7,1
2032-12,South,Technology,Home Office,2246.64,1123.32,6,1
2032-12,West,Furniture,Consumer,4756.0,2473.12,8,1
2032-12,West,Furniture,Corporate,14705.04,7789.2024,14,2
2032-12,West,Furniture,Home Office,15417.96,6271.441999999999,17,3
2032-12,West,Office Supplies,Consumer,16330.600000000002,5530.439200000002,13,2
2032-12,West,Office Supplies,Corporate,1905.12,800.1504,4,1
2032-12,West,Office Supplies,Home Office,3562.65,1852.5780000000002,9,1
2032-12,West,Technology,Home Office,12714.76,4681.8284,16,4
2033-01,East,Furniture,Consumer,1534.3600000000001,687.7376,5,3
2033-01,East,Furniture,Corporate,8090.76,4142.9304,8,2
2033-01,East,Furniture,Home Office,10639.859999999999,4894.335599999999,7,1
2033-01,East,Office Supplies,Consumer,465.59999999999997,116.39999999999998,1,1
2033-01,East,Office Supplies,Corporate,2606.7999999999997,1120.924,5,1
2033-01,East,Technology,Home Office,199.5,65.83499999999998,1,1
2033-01,North,Furniture,Consumer,6630.240000000001,2054.6112000000003,7,2
2033-01,North,Furniture,Home Office,670.5600000000001,234.69600000000003,1,1
2033-01,North,Office Supplies,Consumer,8740.07,3251.0919,9,2
2033-01,North,Technology,Consumer,1624.5,812.25,1,1
2033-01,North,Technology,Home Office,7674.540000000001,3277.7586,11,3
2033-01,South,Furniture,Corporate,445.79999999999995,182.0442,4,2
2033-01,South,Furniture,Home Office,2988.0,1225.0800000000002,5,1
2033-01,South,Office Supplies,Corporate,927.36,445.1328,8,1
2033-01,South,Office Supplies,Home Office,640.32,192.09600000000006,2,1
2033-01,South,Technology,Corporate,7175.5199999999995,1865.6351999999997,4,1
2033-01,South,Technology,Home Office,16286.1,6460.647000000001,17,2
2033-01,West,Furniture,Corporate,7483.320000000001,2993.3280000000004,6,1
2033-01,West,Furniture,Home Office,743.28,364.2072,6,1
2033-01,West,Office Supplies,Corporate,5591.8,2826.1736,10,3
2033-01,West,Technology,Home Office,7064.67,2968.0953,13,2
2033-02,East,Furniture,Consumer,7369.2,2431.8359999999993,8,1
2033-02,East,Furniture,Corporate,1158.08,370.5855999999999,1,1
2033-02,East,Furniture,Home Office,3949.12,1935.0688,7,1
2033-02,East,Office Supplies,Consumer,12660.48,4937.5872,7,1
2033-02,East,Office Supplies,Corporate,4637.25,1391.1750000000002,9,1
2033-02,East,Office Supplies,Home Office,157.14000000000001,64.4274,1,1
2033-02,East,Technology,Home Office,1255.8700000000001,577.7002,7,1
2033-02,North,Furniture,Consumer,10993.44,2748.3600000000006,8,1
2033-02,North,Furniture,Corporate,3908.8500000000004,1559.5935000000002,9,2
2033-02,North,Furniture,Home Office,3156.3,1265.3550000000002,3,2
2033-02,North,Technology,Consumer,3958.08,1504.0704,8,1
2033-02,North,Technology,Home Office,1397.2800000000002,670.6944000000001,3,1
2033-02,South,Furniture,Consumer,7091.249999999999,2694.6749999999993,5,1
2033-02,South,Furniture,Corporate,5954.88,1864.8323999999998,11,2
2033-02,South,Furniture,Home Office,12439.53,4975.812000000001,9,1
2033-02,South,Office Supplies,Home Office,6879.6,2339.0640000000003,4,1
2033-02,South,Technology,Consumer,7781.759999999999,3579.6096,6,1
2033-02,South,Technology,Corporate,6604.4,3500.332,8,1
2033-02,West,Furniture,Consumer,2236.6499999999996,648.6285,5,1
2033-02,West,Technology,Consumer,9382.64,2560.4888,10,2
2033-03,East,Furniture,Corporate,19402.92,9510.8472,13,2
2033-03,East,Office Supplies,Consumer,11374.62,3744.2016000000003,13,2
2033-03,East,Office Supplies,Corporate,5225.16,1704.4877999999999,8,2
2033-03,East,Office Supplies,Home Office,2715.1200000000003,733.0824000000002,8,1
2033-03,East,Technology,Corporate,190.07999999999998,96.9408,2,1
2033-03,East,Technology,Home Office,4528.400000000001,1649.1480000000001,10,2
2033-03,North,Furniture,Consumer,8379.0,2681.2799999999997,5,1
2033-03,North,Furniture,Corporate,8848.800000000001,3981.96,8,1
2033-03,North,Office Supplies,Consumer,1989.0,1034.2800000000002,3,1
2033-03,North,Office Supplies,Corporate,13520.87,4880.079900000001,23,3
2033-03,North,Technology,Consumer,3179.08,1430.5859999999998,2,1
2033-03,North,Technology,Corporate,5117.52,2446.26,5,2
2033-03,South,Furniture,Consumer,10559.04,4108.9952,9,2
2033-03,South,Furniture,Corporate,14497.02,7683.4206,9,1
2033-03,South,Furniture,Home Office,520.96,239.64159999999998,4,1
2033-03,South,Office Supplies,Consumer,15499.38,6258.5076,12,2
2033-03,South,Office Supplies,Corporate,12651.57,4662.032399999999,9,2
2033-03,South,Technology,Corporate,1381.05,400.5045,5,1
2033-03,South,Technology,Home Office,4760.0,2142.0,5,1
2033-03,West,Furniture,Consumer,16269.79,8634.1286,9,2
2033-03,West,Furniture,Corporate,20742.55,8478.8255,14,2
2033-03,West,Furniture,Home Office,2202.84,572.7384,6,1
2033-03,West,Office Supplies,Consumer,12362.220000000001,4697.6436,9,1
2033-03,West,Office Supplies,Corporate,10722.08,4755.892,17,3
2033-03,West,Office Supplies,Home Office,873.18,288.1493999999999,1,1
2033-03,West,Technology,Consumer,10738.58,4332.5692,10,3
2033-04,East,Furniture,Consumer,5882.61,2277.7142999999996,8,3
2033-04,East,Furniture,Corporate,1295.04,634.5695999999999,3,1
2033-04,East,Furniture,Home Office,9189.880000000001,3807.3392,14,2
2033-04,East,Office Supplies,Consumer,1512.28,801.5084,2,1
2033-04,East,Office Supplies,Corporate,2718.87,1332.2463,3,1
2033-04,East,Office Supplies,Home Office,14054.220000000001,6036.8322,12,3
2033-04,North,Furniture,Consumer,2154.4,1072.3120000000001,9,2
2033-04,North,Furniture,Home Office,4186.56,1632.7584000000002,7,1
2033-04,North,Office Supplies,Consumer,14336.789999999999,5627.4830999999995,14,2
2033-04,North,Office Supplies,Corporate,9389.94,3004.7807999999995,7,1
2033-04,North,Technology,Consumer,5219.12,1728.0359999999998,10,3
2033-04,North,Technology,Corporate,6909.349999999999,1865.5244999999995,7,1
2033-04,South,Furniture,Consumer,10692.0,4704.48,8,1
2033-04,South,Furniture,Home Office,23168.159999999996,10396.5648,23,3
2033-04,South,Office Supplies,Consumer,1056.08,285.14160000000004,1,1
2033-04,South,Office Supplies,Corporate,5044.68,2471.8932,15,2
2033-04,South,Office Supplies,Home Office,7636.7,3903.436,6,2
2033-04,South,Technology,Consumer,2386.4,1145.472,4,1
2033-04,South,Technology,Corporate,5870.52,2921.9292000000005,12,2
2033-04,South,Technology,Home Office,3699.0,2034.45,6,1
2033-04,West,Furniture,Consumer,10415.04,4192.291200000001,14,2
2033-04,West,Furniture,Corporate,9132.68,3763.2039999999997,8,2
2033-04,West,Furniture,Home Office,1371.04,425.02240000000006,4,1
2033-04,West,Office Supplies,Home Office,368.59999999999997,114.26600000000002,2,1
2033-04,West,Technology,Consumer,2489.2,995.6800000000001,4,1
2033-05,East,Furniture,Corporate,12001.2,5800.1759999999995,12,2
2033-05,East,Furniture,Home Office,11459.58,3552.4698000000008,6,1
2033-05,East,Office Supplies,Home Office,196.56,106.1424,2,1
2033-05,East,Technology,Consumer,5903.5199999999995,2951.7599999999998,7,1
2033-05,East,Technology,Home Office,1094.94,361.3302,7,1
2033-05,North,Furniture,Consumer,11585.51,4432.7087,23,5
2033-05,North,Furniture,Corporate,10552.86,4034.0578,9,2
2033-05,North,Furniture,Home Office,4923.18,2166.1992,6,1
2033-05,North,Office Supplies,Home Office,5680.71,3010.7763,7,1
2033-05,South,Furniture,Home Office,7424.0,3637.7599999999998,8,1
2033-05,South,Office Supplies,Corporate,7809.040000000001,3583.6944000000003,13,2
2033-05,South,Technology,Corporate,7102.27,3046.4709000000003,11,3
2033-05,West,Furniture,Consumer,12235.199999999999,4339.1808,12,2
2033-05,West,Furniture,Home Office,12820.5,5128.200000000001,9,1
2033-05,West,Office Supplies,Consumer,940.8,366.91200000000003,1,1
2033-05,West,Office Supplies,Corporate,1868.8799999999999,932.5151999999999,3,2
2033-06,East,Furniture,Corporate,4736.5599999999995,1489.7324,5,2
2033-06,East,Office Supplies,Consumer,8678.88,2169.7199999999993,6,1
2033-06,East,Office Supplies,Corporate,1531.7600000000002,628.0216000000001,2,1
2033-06,East,Technology,Consumer,3742.41,2020.9013999999997,3,1
2033-06,North,Office Supplies,Home Office,8103.56,3436.9832000000006,9,2
2033-06,North,Technology,Consumer,8111.88,3488.1084,6,1
2033-06,North,Technology,Home Office,8511.66,4147.9542,12,2
2033-06,South,Furniture,Corporate,9692.66,3621.8332,8,3
2033-06,South,Office Supplies,Consumer,13015.17,5856.826499999999,9,1
2033-06,South,Office Supplies,Corporate,5657.04,1470.8303999999998,3,1
2033-06,South,Office Supplies,Home Office,895.26,277.53060000000005,3,1
2033-06,South,Technology,Consumer,3750.57,1762.7679,9,1
2033-06,South,Technology,Corporate,10880.630000000001,4078.7445999999995,8,2
2033-06,South,Technology,Home Office,6680.76,2423.874,14,2
2033-06,West,Furniture,Corporate,2608.0,1382.24,4,1
2033-06,West,Office Supplies,Consumer,10510.16,5570.3848,8,1
2033-06,West,Office Supplies,Corporate,10885.44,3592.1952,8,1
2033-06,West,Office Supplies,Home Office,5575.719999999999,1806.3355999999997,10,2
2033-06,West,Technology,Consumer,17202.649999999998,9412.8195,10,2
2033-06,West,Technology,Corporate,7699.48,3494.2596,5,2
2033-06,West,Technology,Home Office,4082.4,2082.0240000000003,7,1
2033-07,East,Furniture,Corporate,12388.199999999999,6355.547999999999,9,2
2033-07,East,Office Supplies,Corporate,1491.6,790.548,3,1
2033-07,East,Office Supplies,Home Office,27453.42,12447.755999999998,17,2
2033-07,East,Technology,Consumer,1011.2,404.48,2,1
2033-07,East,Technology,Corporate,12718.409999999998,4444.1829,15,3
2033-07,East,Technology,Home Office,8388.36,3606.9948000000004,6,1
2033-07,North,Furniture,Corporate,4204.2,2144.142,4,1
2033-07,North,Furniture,Home Office,10608.0,3279.859200000001,8,2
2033-07,North,Office Supplies,Consumer,15836.22,6809.5746,9,1
2033-07,North,Office Supplies,Home Office,8187.42,2738.0117999999998,10,2
2033-07,North,Technology,Home Office,2597.4,1402.596,2,1
2033-07,South,Furniture,Consumer,4347.84,1695.6576,8,1
2033-07,South,Furniture,Corporate,1047.25,272.28499999999997,5,1
2033-07,South,Furniture,Home Office,319.68,172.6272,3,1
2033-07,South,Office Supplies,Home Office,12569.039999999999,4776.2352,8,1
2033-07,South,Technology,Consumer,3242.28,842.9928,6,1
2033-07,South,Technology,Corporate,1262.4299999999998,467.0990999999999,3,1
2033-07,West,Furniture,Consumer,17427.96,6796.904399999999,9,1
2033-07,West,Furniture,Home Office,10144.439999999999,4666.442399999999,6,1
2033-07,West,Office Supplies,Consumer,845.6400000000001,321.3432,9,1
2033-07,West,Office Supplies,Corporate,5307.2,2400.574,9,3
2033-07,West,Office Supplies,Home Office,9551.52,2960.971200000001,9,1
2033-07,West,Technology,Home Office,2273.95,727.6639999999998,5,1
2033-08,East,Furniture,Consumer,7254.960000000001,2766.5976,13,2
2033-08,East,Furniture,Corporate,5973.6,2210.232,5,1
2033-08,East,Furniture,Home Office,4118.4,1276.7040000000002,5,1
2033-08,East,Office Supplies,Consumer,1471.26,456.0906000000001,1,1
2033-08,East,Office Supplies,Home Office,6789.6,2919.5280000000007,4,1
2033-08,East,Technology,Consumer,14081.04,6899.7096,9,1
2033-08,North,Furniture,Consumer,7702.96,4159.5984,8,1
2033-08,North,Office Supplies,Consumer,815.36,301.68320000000006,8,1
2033-08,North,Office Supplies,Home Office,6108.3,2640.66,10,2
2033-08,North,Technology,Consumer,1520.3999999999999,547.3439999999999,2,1
2033-08,South,Furniture,Consumer,1663.4499999999998,698.649,1,1
2033-08,South,Furniture,Corporate,8014.2,3446.1060000000007,6,1
2033-08,South,Office Supplies,Corporate,380.96999999999997,182.86559999999997,1,1
2033-08,South,Technology,Consumer,811.8000000000001,219.18600000000004,9,1
2033-08,South,Technology,Corporate,3290.8799999999997,987.2640000000001,4,1
2033-08,West,Furniture,Corporate,10152.0,2538.0,9,1
2033-08,West,Furniture,Home Office,10209.24,3707.6784,11,2
2033-08,West,Office Supplies,Consumer,1407.9,577.239,5,1
2033-08,West,Office Supplies,Home Office,12863.18,6125.738600000001,13,3
2033-08,West,Technology,Corporate,9096.25,3092.7249999999995,5,1
2033-08,West,Technology,Home Office,4968.6,2583.6720000000005,5,1
2033-09,East,Furniture,Corporate,518.3,207.32,2,1
2033-09,East,Furniture,Home Office,5251.89,1642.5484000000006,9,2
2033-09,East,Office Supplies,Corporate,11197.439999999999,3359.232,8,1
2033-09,East,Office Supplies,Home Office,5754.08,1748.012,7,3
2033-09,East,Technology,Corporate,2383.36,738.8416000000002,4,1
2033-09,East,Technology,Home Office,1048.8,272.688,6,1
2033-09,North,Furniture,Consumer,13254.039999999999,3971.6668000000004,13,3
2033-09,North,Furniture,Corporate,3870.9900000000002,1316.1365999999998,3,1
2033-09,North,Office Supplies,Consumer,8146.8,3828.996,8,1
2033-09,North,Office Supplies,Corporate,7117.04,2633.3048,7,1
2033-09,North,Office Supplies,Home Office,11329.65,2945.7090000000007,9,1
2033-09,North,Technology,Consumer,968.25,348.56999999999994,1,1
2033-09,North,Technology,Corporate,8119.34,2862.9316000000003,8,3
2033-09,South,Furniture,Corporate,8065.0,4274.450000000001,5,1
2033-09,South,Furniture,Home Office,1917.48,786.1668,2,1
2033-09,South,Office Supplies,Corporate,3815.7000000000003,1526.2800000000002,3,1
2033-09,South,Technology,Consumer,21013.600000000002,9247.8752,15,3
2033-09,South,Technology,Corporate,10331.27,5096.7121,15,3
2033-09,South,Technology,Home Office,4200.0,1722.0,7,1
2033-09,West,Furniture,Corporate,3659.25,1207.5524999999998,5,1
2033-09,West,Furniture,Home Office,152.25,41.1075,1,1
2033-09,West,Office Supplies,Consumer,4242.78,2333.5289999999995,6,1
2033-09,West,Office Supplies,Corporate,900.7199999999999,423.3383999999999,3,1
2033-10,East,Furniture,Consumer,1604.32,737.9871999999999,4,1
2033-10,East,Office Supplies,Consumer,2237.2200000000003,738.2826,2,1
2033-10,East,Technology,Consumer,13536.399999999998,5639.263999999999,13,2
2033-10,East,Technology,Corporate,7332.219999999999,3226.1767999999993,7,1
2033-10,East,Technology,Home Office,2382.38,1048.2472,7,1
2033-10,North,Office Supplies,Corporate,1038.8799999999999,519.4399999999999,4,1
2033-10,South,Furniture,Corporate,1324.4,595.98,5,1
2033-10,South,Office Supplies,Consumer,7472.32,2988.928,8,1
2033-10,South,Office Supplies,Home Office,4561.44,1277.2032,4,1
2033-10,South,Technology,Consumer,8530.130000000001,2918.2405000000003,10,3
2033-10,South,Technology,Corporate,6443.0,3285.93,4,1
2033-10,South,Technology,Home Office,1678.56,537.1391999999998,4,1
2033-10,West,Furniture,Consumer,5524.369999999999,1754.2931000000003,6,2
2033-10,West,Furniture,Corporate,3847.95,1500.7005,3,1
2033-10,West,Furniture,Home Office,1010.74,333.54419999999993,1,1
2033-10,West,Office Supplies,Consumer,4910.64,1718.7240000000002,4,1
2033-10,West,Office Supplies,Home Office,4749.12,2184.5951999999997,6,2
2033-10,West,Technology,Home Office,3045.6,1157.328,3,1
2033-11,East,Furniture,Home Office,1813.55,924.9105,1,1
2033-11,East,Office Supplies,Consumer,3302.8,963.5400000000001,3,2
2033-11,East,Technology,Consumer,1003.1999999999999,341.08799999999997,1,1
2033-11,East,Technology,Corporate,5340.33,1796.6484,13,3
2033-11,North,Furniture,Consumer,2951.52,1180.608,8,1
2033-11,North,Furniture,Corporate,9390.16,3612.424,17,2
2033-11,North,Office Supplies,Consumer,3335.28,1234.0536000000002,4,1
2033-11,North,Office Supplies,Corporate,1285.9199999999998,462.9311999999999,2,1
2033-11,North,Office Supplies,Home Office,7385.28,3323.3759999999997,7,1
2033-11,North,Technology,Consumer,519.65,223.4495,1,1
2033-11,South,Furniture,Corporate,689.32,227.4756,1,1
2033-11,South,Office Supplies,Consumer,18786.559999999998,8012.023999999999,19,3
2033-11,South,Office Supplies,Home Office,2105.88,589.6464000000001,3,1
2033-11,South,Technology,Consumer,8978.56,2583.9808000000007,10,2
2033-11,South,Technology,Corporate,10898.88,5526.4416,10,2
2033-11,South,Technology,Home Office,11813.92,3662.315200000001,8,1
2033-11,West,Furniture,Corporate,14065.219999999998,4797.3876,12,3
2033-11,West,Office Supplies,Consumer,8815.32,2977.2432,11,2
2033-11,West,Office Supplies,Corporate,8180.62,4417.534799999999,7,1
2033-11,West,Office Supplies,Home Office,6894.0,3102.2999999999997,6,1
2033-11,West,Technology,Consumer,9960.880000000001,2689.4376,8,1
2033-11,West,Technology,Corporate,1815.84,980.5536,2,1
2033-11,West,Technology,Home Office,11230.73,3369.219,7,1
2033-12,East,Furniture,Consumer,4578.48,2103.9479999999994,9,2
2033-12,East,Furniture,Corporate,5914.94,2816.4694,12,3
2033-12,East,Office Supplies,Corporate,7509.700000000001,3404.286,17,2
2033-12,East,Technology,Consumer,464.52000000000004,130.06560000000002,1,1
2033-12,East,Technology,Corporate,3003.8399999999997,1441.8431999999998,7,1
2033-12,North,Office Supplies,Consumer,10363.99,4456.515700000001,7,1
2033-12,North,Technology,Consumer,7951.5,4134.780000000001,6,1
2033-12,North,Technology,Corporate,10163.34,3862.0692,9,1
2033-12,North,Technology,Home Office,4547.72,1647.9540000000002,4,2
2033-12,South,Furniture,Consumer,6182.7,1978.464,5,1
2033-12,South,Furniture,Corporate,2690.01,1398.8052000000002,9,1
2033-12,South,Furniture,Home Office,23990.940000000002,11900.7987,19,3
2033-12,South,Office Supplies,Consumer,11640.96,5005.6128,9,1
2033-12,South,Office Supplies,Corporate,6784.919999999999,2374.7219999999998,9,1
2033-12,South,Office Supplies,Home Office,11732.100000000002,4360.0740000000005,9,2
2033-12,South,Technology,Consumer,14791.91,7049.3822,16,2
2033-12,South,Technology,Corporate,11300.82,4667.5764,15,3
2033-12,South,Technology,Home Office,15885.56,5981.6676,23,3
2033-12,West,Furniture,Consumer,2907.4199999999996,901.3002000000001,3,1
2033-12,West,Furniture,Corporate,5257.9800000000005,2103.1920000000005,9,1
2033-12,West,Furniture,Home Office,7403.5,1850.875,5,1
2033-12,West,Office Supplies,Corporate,3900.6,1833.2819999999997,2,1
2033-12,West,Technology,Home Office,7957.95,2387.385,5,1
2034-01,East,Furniture,Consumer,2932.16,1495.4016,4,1
2034-01,East,Furniture,Corporate,11513.25,5296.094999999999,9,1
2034-01,East,Office Supplies,Consumer,13504.0,5751.023999999999,15,2
2034-01,East,Office Supplies,Corporate,696.15,334.152,3,1
2034-01,East,Office Supplies,Home Office,5943.629999999999,1842.5253000000002,7,1
2034-01,East,Technology,Consumer,9951.48,5075.4704,9,2
2034-01,North,Furniture,Corporate,4988.16,1845.6192,8,1
2034-01,North,Office Supplies,Corporate,1291.2,593.952,1,1
2034-01,North,Office Supplies,Home Office,12126.76,3712.1688000000004,9,3
2034-01,North,Technology,Corporate,14417.199999999999,5046.019999999999,8,1
2034-01,South,Furniture,Consumer,14602.080000000002,4587.8816,15,2
2034-01,South,Office Supplies,Consumer,653.33,235.1988,1,1
2034-01,South,Office Supplies,Corporate,27424.56,12855.517800000001,21,3
2034-01,South,Technology,Consumer,3481.68,1636.3895999999997,6,1
2034-01,West,Office Supplies,Consumer,12829.93,5480.4866999999995,13,3
2034-01,West,Office Supplies,Corporate,6796.16,3398.08,8,1
2034-01,West,Technology,Home Office,422.64,126.79200000000003,1,1
2034-02,East,Furniture,Home Office,1741.74,557.3568,7,1
2034-02,East,Office Supplies,Consumer,12233.68,6334.410400000001,12,2
2034-02,East,Office Supplies,Home Office,6925.2,2146.812,8,1
2034-02,North,Office Supplies,Corporate,6847.24,2599.0096,8,2
2034-02,North,Technology,Corporate,1555.5,824.4150000000001,1,1
2034-02,North,Technology,Home Office,1489.02,625.3884,2,1
2034-02,South,Furniture,Consumer,7016.92,2809.3548,14,2
2034-02,South,Furniture,Home Office,5270.49,2093.4233999999997,21,3
2034-02,South,Office Supplies,Consumer,1551.42,620.5680000000001,3,1
2034-02,South,Office Supplies,Home Office,2127.87,829.8693000000001,3,1
2034-02,South,Technology,Home Office,9191.8,3539.9652000000006,14,3
2034-02,West,Furniture,Home Office,380.88,205.6752,2,1
2034-02,West,Office Supplies,Consumer,4252.0,1743.3200000000002,5,1
2034-02,West,Office Supplies,Corporate,9352.16,3768.5840000000003,15,2
2034-02,West,Technology,Corporate,12488.699999999999,6369.236999999999,7,1
2034-02,West,Technology,Home Office,3206.82,1667.5464000000002,2,1
2034-03,East,Furniture,Consumer,3125.82,1101.2184000000002,7,2
2034-03,East,Furniture,Corporate,2599.4700000000003,802.7730000000003,8,2
2034-03,East,Office Supplies,Consumer,896.8000000000001,457.36800000000005,1,1
2034-03,East,Office Supplies,Corporate,11580.5,4587.549999999999,16,3
2034-03,East,Technology,Home Office,10623.529999999999,5026.687899999999,11,3
2034-03,North,Office Supplies,Consumer,5222.52,2036.7828000000004,6,1
2034-03,North,Technology,Corporate,3620.7000000000003,1520.6940000000004,3,1
2034-03,South,Furniture,Consumer,462.09,240.2868,1,1
2034-03,South,Technology,Consumer,9695.279999999999,2981.2056,13,2
2034-03,South,Technology,Corporate,16813.98,7734.4308,9,1
2034-03,West,Furniture,Consumer,1848.77,850.4341999999999,7,1
2034-03,West,Furniture,Home Office,629.01,339.6654,1,1
2034-03,West,Office Supplies,Corporate,694.2,305.448,5,1
2034-03,West,Technology,Corporate,7938.45,2450.7288,11,2
2034-03,West,Technology,Home Office,4384.25,1315.275,5,1
2034-04,East,Furniture,Corporate,8025.04,2836.824,8,2
2034-04,East,Office Supplies,Consumer,1921.92,768.768,8,1
2034-04,East,Office Supplies,Corporate,15751.51,6429.1741,20,4
2034-04,East,Office Supplies,Home Office,7780.0,2022.8000000000002,5,1
2034-04,East,Technology,Consumer,13103.16,5444.108400000001,14,2
2034-04,East,Technology,Corporate,4287.36,2143.68,3,1
2034-04,North,Furniture,Corporate,4685.76,2389.7376,3,1
2034-04,North,Furniture,Home Office,1557.0,794.07,3,1
2034-04,North,Technology,Consumer,5158.88,2613.944,8,2
2034-04,North,Technology,Corporate,1776.6000000000001,941.5980000000001,6,1
2034-04,North,Technology,Home Office,2578.68,1340.9135999999999,4,1
2034-04,South,Furniture,Consumer,4650.18,1934.5836000000002,8,2
2034-04,South,Furniture,Corporate,3116.0,1246.4,2,1
2034-04,South,Furniture,Home Office,976.4999999999999,517.545,2,1
2034-04,South,Office Supplies,Consumer,2763.22,1247.8644,6,3
2034-04,South,Office Supplies,Corporate,11139.0,3341.7000000000007,6,1
2034-04,South,Office Supplies,Home Office,3650.13,1533.0546000000004,3,1
2034-04,South,Technology,Home Office,2416.26,797.3658,6,1
2034-04,West,Furniture,Consumer,1971.0,630.7199999999998,2,1
2034-04,West,Office Supplies,Consumer,4003.84,1361.3056000000001,8,1
2034-04,West,Office Supplies,Corporate,1101.76,396.6336,1,1
2034-04,West,Office Supplies,Home Office,14771.130000000001,5572.483200000001,13,2
2034-04,West,Technology,Consumer,15154.699999999999,6651.637,14,3
2034-04,West,Technology,Corporate,3694.24,1627.9632,6,2
2034-04,West,Technology,Home Office,275.94,126.9324,3,1
2034-05,East,Furniture,Corporate,724.16,238.97279999999995,8,1
2034-05,East,Furniture,Home Office,7570.2,3103.782,6,1
2034-05,East,Office Supplies,Consumer,9940.5,4771.44,9,1
2034-05,East,Office Supplies,Corporate,2370.05,900.7645,6,2
2034-05,East,Office Supplies,Home Office,820.0,328.0,2,1
2034-05,East,Technology,Consumer,3744.0,1713.8159999999998,11,2
2034-05,East,Technology,Corporate,2672.5299999999997,1015.5613999999998,7,1
2034-05,North,Furniture,Consumer,4248.08,1809.6007999999997,7,2
2034-05,North,Furniture,Home Office,9446.400000000001,4345.344,6,1
2034-05,North,Office Supplies,Consumer,2564.51,916.0446999999999,3,2
2034-05,North,Office Supplies,Corporate,11046.96,3180.2472000000002,15,2
2034-05,North,Office Supplies,Home Office,8127.75,3705.6875,11,3
2034-05,North,Technology,Consumer,3295.1099999999997,1647.5549999999998,7,1
2034-05,North,Technology,Corporate,12166.08,3528.163200000001,8,1
2034-05,North,Technology,Home Office,3261.96,1337.4036,3,1
2034-05,South,Office Supplies,Consumer,1421.31,753.2943,1,1
2034-05,South,Office Supplies,Corporate,4408.29,2292.3108,9,1
2034-05,South,Office Supplies,Home Office,2761.76,1353.2624,4,1
2034-05,South,Technology,Home Office,4055.11,1839.2494000000002,5,2
2034-05,West,Furniture,Home Office,8269.44,2315.4432000000006,8,1
2034-05,West,Office Supplies,Corporate,3008.32,1022.8288,8,1
2034-05,West,Office Supplies,Home Office,1579.92,394.98,1,1
2034-05,West,Technology,Corporate,1626.03,764.2340999999999,1,1
2034-06,East,Furniture,Corporate,15662.309999999998,5695.626899999999,16,2
2034-06,East,Office Supplies,Corporate,6772.22,3356.5798,11,2
2034-06,East,Technology,Consumer,3815.7299999999996,1356.8574999999998,8,2
2034-06,East,Technology,Corporate,21408.4,9776.216,17,3
2034-06,East,Technology,Home Office,3574.48,1708.3048,3,2
2034-06,North,Furniture,Home Office,1585.98,856.4291999999999,2,1
2034-06,North,Technology,Consumer,4450.68,1379.7108000000003,6,1
2034-06,North,Technology,Home Office,1579.2,410.5920000000001,6,1
2034-06,South,Furniture,Consumer,889.0799999999999,284.50559999999996,4,1
2034-06,South,Furniture,Corporate,5336.1,2241.1620000000003,6,1
2034-06,South,Furniture,Home Office,5433.75,1935.333,10,2
2034-06,South,Office Supplies,Consumer,702.1,273.819,1,1
2034-06,South,Office Supplies,Corporate,12952.17,4144.6943999999985,9,1
2034-06,South,Office Supplies,Home Office,2142.0,1049.58,8,1
2034-06,South,Technology,Consumer,6925.1,3808.8050000000003,5,1
2034-06,South,Technology,Home Office,1684.74,640.2012,3,1
2034-06,West,Furniture,Home Office,12611.699999999999,5813.191799999999,9,2
2034-06,West,Office Supplies,Corporate,5105.04,2093.0664,8,1
2034-06,West,Office Supplies,Home Office,8700.9,4402.1874,11,2
2034-06,West,Technology,Corporate,1767.1999999999998,971.9599999999999,2,1
2034-06,West,Technology,Home Office,2426.94,849.4289999999999,9,1
2034-07,East,Furniture,Corporate,16472.32,5356.5472,17,2
2034-07,East,Furniture,Home Office,3376.3999999999996,1368.9056,6,2
2034-07,East,Office Supplies,Consumer,4284.01,1406.0734,7,2
2034-07,East,Technology,Consumer,2718.9,842.8590000000002,9,1
2034-07,East,Technology,Corporate,1434.51,717.255,1,1
2034-07,East,Technology,Home Office,371.42,141.1396,1,1
2034-07,North,Furniture,Consumer,750.3199999999999,337.64399999999995,4,1
2034-07,North,Furniture,Corporate,2500.88,1250.44,2,1
2034-07,North,Office Supplies,Consumer,3236.76,1553.6448,9,1
2034-07,North,Office Supplies,Corporate,1564.64,688.4416,7,1
2034-07,North,Office Supplies,Home Office,12138.32,5492.9432,14,3
2034-07,North,Technology,Consumer,9251.55,3515.589,7,1
2034-07,North,Technology,Corporate,4556.4,1750.3392,6,3
2034-07,South,Furniture,Consumer,2966.91,1297.1742,7,2
2034-07,South,Furniture,Corporate,5238.2699999999995,2514.3695999999995,9,1
2034-07,South,Furniture,Home Office,4663.6,2285.164,4,1
2034-07,South,Office Supplies,Consumer,8371.44,4269.4344,8,1
2034-07,South,Office Supplies,Corporate,15172.920000000002,4547.793600000001,12,2
2034-07,South,Office Supplies,Home Office,2800.3,980.105,5,1
2034-07,South,Technology,Consumer,5610.24,2412.4032,4,1
2034-07,South,Technology,Corporate,2047.6399999999999,573.3392000000001,4,1
2034-07,West,Furniture,Consumer,4569.12,1736.2656000000002,4,1
2034-07,West,Technology,Consumer,6552.0,1965.6000000000004,6,1
2034-07,West,Technology,Corporate,1594.8,701.7119999999999,4,1
2034-07,West,Technology,Home Office,232.20000000000002,102.168,1,1
2034-08,East,Furniture,Consumer,10377.96,3040.4412000000007,13,2
2034-08,East,Office Supplies,Consumer,7473.06,2391.3791999999994,7,1
2034-08,East,Office Supplies,Home Office,11871.64,4932.737999999999,9,3
2034-08,East,Technology,Consumer,5999.1,3088.161,9,2
2034-08,North,Furniture,Consumer,4589.4,1369.8944999999999,6,2
2034-08,North,Furniture,Corporate,2334.64,1073.9343999999999,7,1
2034-08,North,Furniture,Home Office,8789.939999999999,3076.4789999999994,9,1
2034-08,North,Office Supplies,Consumer,6867.08,2569.1587999999997,10,2
2034-08,North,Office Supplies,Corporate,2721.18,1006.8365999999999,2,1
2034-08,South,Furniture,Consumer,4953.8,2625.514,4,1
2034-08,South,Furniture,Corporate,3585.6,1972.08,8,1
2034-08,South,Furniture,Home Office,924.71,295.9072,1,1
2034-08,South,Office Supplies,Home Office,1295.91,518.364,3,1
2034-08,South,Technology,Corporate,6781.02,2034.306,5,2
2034-08,West,Furniture,Consumer,5894.400000000001,3241.92,6,1
2034-08,West,Furniture,Corporate,4919.9,2400.0394,10,2
2034-08,West,Furniture,Home Office,2723.3999999999996,1234.2006,10,3
2034-08,West,Office Supplies,Corporate,1414.32,608.1576,3,1
2034-08,West,Technology,Consumer,7608.33,3043.3320000000003,9,1
2034-08,West,Technology,Home Office,6610.86,2828.4353999999994,15,2
2034-09,East,Furniture,Consumer,5619.920000000001,2527.7152000000006,5,2
2034-09,East,Furniture,Home Office,346.5,135.135,2,1
2034-09,East,Office Supplies,Corporate,2504.8799999999997,651.2687999999998,8,1
2034-09,East,Office Supplies,Home Office,4646.24,2044.3455999999996,4,1
2034-09,East,Technology,Consumer,22414.67,7898.4151,24,3
2034-09,East,Technology,Corporate,4233.24,1566.2988,4,1
2034-09,East,Technology,Home Office,17502.33,7898.696699999999,11,2
2034-09,North,Furniture,Consumer,6242.74,2434.6686,7,1
2034-09,North,Furniture,Home Office,13960.24,6421.710399999999,8,1
2034-09,North,Office Supplies,Consumer,10364.98,4119.2537999999995,13,2
2034-09,North,Office Supplies,Corporate,2333.73,849.7859999999998,8,2
2034-09,North,Office Supplies,Home Office,824.9200000000001,395.96160000000003,1,1
2034-09,North,Technology,Corporate,3362.4,1378.584,8,1
2034-09,South,Furniture,Consumer,1995.0,518.7,5,1
2034-09,South,Furniture,Corporate,648.76,324.38,2,1
2034-09,South,Office Supplies,Consumer,472.29,250.3137,3,1
2034-09,South,Office Supplies,Corporate,17846.79,8935.161,17,2
2034-09,South,Office Supplies,Home Office,7927.679999999999,2999.418599999999,8,2
2034-09,South,Technology,Corporate,1101.8,374.61199999999997,1,1
2034-09,West,Office Supplies,Consumer,18627.14,5955.345200000002,18,3
2034-09,West,Office Supplies,Corporate,7173.76,3084.7168000000006,8,1
2034-09,West,Office Supplies,Home Office,3445.1,895.7260000000001,5,1
2034-09,West,Technology,Consumer,4562.88,2281.44,8,1
2034-09,West,Technology,Home Office,3560.6,996.9679999999998,2,1
2034-10,East,Furniture,Consumer,4277.7,1882.1879999999996,3,1
2034-10,East,Office Supplies,Corporate,3414.2,1672.9579999999999,2,1
2034-10,East,Office Supplies,Home Office,6591.8,2109.3759999999993,5,1
2034-10,East,Technology,Corporate,5176.780000000001,2251.6728000000003,9,2
2034-10,North,Furniture,Consumer,2662.88,1065.152,4,1
2034-10,North,Furniture,Home Office,2446.29,1223.145,3,1
2034-10,North,Office Supplies,Consumer,576.72,236.45520000000005,6,1
2034-10,North,Office Supplies,Corporate,17333.29,7660.2388,24,3
2034-10,North,Office Supplies,Home Office,16951.14,6949.9674,18,2
2034-10,North,Technology,Home Office,8194.5,3769.4699999999993,6,1
2034-10,South,Furniture,Home Office,3417.12,1093.4784,7,1
2034-10,South,Office Supplies,Corporate,163.62,85.0824,1,1
2034-10,South,Technology,Consumer,636.32,318.16,4,1
2034-10,South,Technology,Corporate,1663.4499999999998,598.8419999999999,1,1
2034-10,West,Furniture,Corporate,8143.35,3745.0595,9,2
2034-10,West,Furniture,Home Office,6501.3,2730.5460000000003,5,1
2034-10,West,Office Supplies,Consumer,11868.16,5934.08,8,1
2034-10,West,Office Supplies,Corporate,2149.7400000000002,859.8960000000002,2,1
2034-10,West,Office Supplies,Home Office,2487.6,796.0319999999999,2,1
2034-11,East,Furniture,Home Office,6128.32,2206.1951999999997,4,1
2034-11,East,Office Supplies,Consumer,2505.7,1003.652,4,2
2034-11,East,Office Supplies,Corporate,4172.9800000000005,2128.2198000000003,7,1
2034-11,East,Office Supplies,Home Office,2882.88,1268.4671999999998,7,1
2034-11,East,Technology,Consumer,1119.3000000000002,391.755,7,1
2034-11,East,Technology,Corporate,14111.18,6135.5502,10,2
2034-11,North,Furniture,Home Office,2861.0099999999998,1001.3534999999999,3,1
2034-11,North,Office Supplies,Home Office,11659.76,5946.4776,7,1
2034-11,North,Technology,Corporate,3220.8,966.2400000000002,4,1
2034-11,North,Technology,Home Office,9871.2,4047.192000000001,6,1
2034-11,South,Furniture,Corporate,3943.68,1892.9663999999998,4,1
2034-11,South,Office Supplies,Consumer,3520.8,1033.0308000000002,10,2
2034-11,South,Technology,Corporate,11606.699999999999,5418.483,14,2
2034-11,West,Furniture,Home Office,8372.07,2762.7830999999996,7,1
2034-11,West,Technology,Consumer,7652.4,3367.0559999999996,5,1
2034-11,West,Technology,Corporate,3468.96,1699.7904,3,1
2034-11,West,Technology,Home Office,4902.400000000001,1519.7440000000006,4,1
2034-12,East,Furniture,Consumer,3785.1,1514.04,5,1
2034-12,East,Office Supplies,Corporate,12327.86,4684.586799999999,13,2
2034-12,North,Furniture,Corporate,2841.72,1014.9155999999999,9,2
2034-12,North,Office Supplies,Corporate,11169.06,4106.641,13,3
2034-12,North,Technology,Corporate,1277.82,562.2407999999999,6,1
2034-12,South,Furniture,Consumer,2508.42,727.4418000000001,6,1
2034-12,South,Furniture,Home Office,857.5,471.625,7,1
2034-12,South,Office Supplies,Home Office,1260.3600000000001,516.7476000000001,1,1
2034-12,South,Technology,Corporate,4392.36,1449.4787999999999,4,1
2034-12,South,Technology,Home Office,3564.8100000000004,1604.1645,3,1
2034-12,West,Furniture,Consumer,5208.9,1354.3139999999999,5,1
2034-12,West,Office Supplies,Consumer,2998.7999999999997,1319.4719999999998,7,1
2034-12,West,Office Supplies,Corporate,1403.22,505.15919999999994,1,1
2035-01,East,Furniture,Corporate,6206.400000000001,2544.6240000000003,8,1
2035-01,East,Furniture,Home Office,6179.88,2224.7568,6,1
2035-01,East,Office Supplies,Corporate,5564.16,2726.4384,9,1
2035-01,East,Office Supplies,Home Office,2437.5,1048.1250000000002,2,1
2035-01,East,Technology,Home Office,789.75,236.92500000000007,3,1
2035-01,North,Office Supplies,Corporate,11080.3,4036.401999999999,14,2
2035-01,North,Technology,Consumer,384.56,138.4416,1,1
2035-01,South,Furniture,Corporate,3681.4500000000003,993.9915000000001,9,1
2035-01,South,Furniture,Home Office,1035.76,497.1648,1,1
2035-01,South,Office Supplies,Home Office,6097.52,2058.5917999999997,11,3
2035-01,South,Technology,Consumer,2533.59,1169.3357999999998,4,2
2035-01,South,Technology,Home Office,9310.42,3165.5428,7,1
2035-01,West,Furniture,Corporate,10092.0,4642.32,8,1
2035-01,West,Furniture,Home Office,14287.68,4286.304,9,1
2035-01,West,Office Supplies,Consumer,2973.24,1110.4992,3,2
2035-01,West,Office Supplies,Corporate,9608.49,4136.8806,9,2
2035-01,West,Office Supplies,Home Office,8384.44,2578.0504,8,3
2035-01,West,Technology,Corporate,6284.88,1822.6152000000002,4,1
2035-01,West,Technology,Home Office,3510.24,1720.0176,8,1
2035-02,East,Furniture,Consumer,11160.619999999999,4824.272799999999,13,2
2035-02,East,Furniture,Corporate,457.95,228.975,5,1
2035-02,East,Furniture,Home Office,1000.23,260.0598,1,1
2035-02,East,Office Supplies,Consumer,529.76,211.904,2,1
2035-02,East,Office Supplies,Corporate,1276.26,497.7414,2,1
2035-02,East,Office Supplies,Home Office,5094.599999999999,1783.1099999999997,6,1
2035-02,East,Technology,Corporate,2780.8,1390.4,4,1
2035-02,East,Technology,Home Office,4469.76,1162.1376,9,1
2035-02,North,Furniture,Corporate,3096.7999999999997,1269.6879999999999,8,1
2035-02,North,Office Supplies,Home Office,3076.5,1322.8950000000002,7,1
2035-02,North,Technology,Consumer,660.3,283.92900000000003,5,1
2035-02,North,Technology,Corporate,3745.28,1647.9231999999997,7,1
2035-02,North,Technology,Home Office,10517.76,3576.0383999999995,8,1
2035-02,South,Furniture,Corporate,10841.039999999999,5637.3408,9,1
2035-02,South,Office Supplies,Home Office,2788.7999999999997,725.0879999999997,2,1
2035-02,South,Technology,Consumer,6131.62,2694.1733999999997,7,2
2035-02,West,Furniture,Home Office,9505.95,4216.254,13,2
2035-02,West,Office Supplies,Home Office,1496.8799999999999,628.6896,3,1
2035-02,West,Technology,Corporate,1398.7199999999998,573.4752,4,1
2035-02,West,Technology,Home Office,8608.88,2996.244,12,3
2035-03,East,Furniture,Consumer,4772.22,1578.9930000000002,5,2
2035-03,East,Furniture,Corporate,8526.439999999999,3518.3228,13,2
2035-03,East,Office Supplies,Consumer,4550.7,1365.21,5,1
2035-03,East,Office Supplies,Corporate,4279.68,1620.7487999999996,10,2
2035-03,East,Technology,Consumer,2464.92,665.5284000000001,2,1
2035-03,East,Technology,Corporate,4913.8,1719.83,4,1
2035-03,East,Technology,Home Office,10143.9,2840.2920000000004,9,1
2035-03,North,Furniture,Consumer,4413.2,2030.0719999999997,8,1
2035-03,North,Furniture,Corporate,1846.8799999999999,627.9391999999998,4,1
2035-03,North,Office Supplies,Corporate,3636.12,1550.7491999999997,5,2
2035-03,North,Technology,Corporate,11209.32,5940.9396,6,1
2035-03,North,Technology,Home Office,11139.099999999999,5031.8604,7,2
2035-03,South,Furniture,Corporate,14318.8,6967.8099999999995,11,2
2035-03,South,Office Supplies,Corporate,710.22,326.7012,6,1
2035-03,South,Office Supplies,Home Office,17456.28,8233.3992,15,2
2035-03,South,Technology,Corporate,1899.24,968.6124,7,1
2035-03,South,Technology,Home Office,1965.1200000000001,530.5824,8,1
2035-03,West,Furniture,Home Office,7647.12,2829.4344,6,1
2035-03,West,Technology,Corporate,8743.21,3847.0123999999987,7,1
2035-03,West,Technology,Home Office,6322.32,2395.9175999999998,6,2
2035-04,East,Furniture,Home Office,346.84000000000003,97.11520000000002,1,1
2035-04,East,Office Supplies,Consumer,12958.4,4017.104000000001,8,1
2035-04,East,Office Supplies,Corporate,360.64000000000004,176.7136,1,1
2035-04,East,Office Supplies,Home Office,7094.18,3236.9107999999997,14,3
2035-04,East,Technology,Consumer,19622.14,7545.9998,18,4
2035-04,East,Technology,Corporate,7763.200000000001,4192.128000000001,8,1
2035-04,North,Furniture,Consumer,921.4,479.128,1,1
2035-04,North,Furniture,Corporate,2134.16,1173.788,4,1
2035-04,North,Furniture,Home Office,369.0,162.35999999999999,1,1
2035-04,North,Office Supplies,Consumer,15923.039999999999,6116.419199999999,19,3
2035-04,North,Office Supplies,Corporate,2847.0,1395.03,6,1
2035-04,North,Technology,Consumer,18738.6,7221.205199999999,15,2
2035-04,North,Technology,Corporate,10826.88,3203.5392,8,2
2035-04,South,Furniture,Consumer,353.32,109.5292,4,1
2035-04,South,Furniture,Corporate,1400.03,573.6906999999999,8,2
2035-04,South,Furniture,Home Office,6388.870000000001,2561.8940000000002,9,2
2035-04,South,Office Supplies,Home Office,6482.24,3046.6528,4,1
2035-04,South,Technology,Consumer,16588.82,7924.0164,18,3
2035-04,West,Furniture,Consumer,3361.74,974.9045999999998,3,1
2035-04,West,Furniture,Corporate,10285.29,4573.3794,17,4
2035-04,West,Furniture,Home Office,3217.2,1479.9119999999998,2,1
2035-04,West,Office Supplies,Consumer,2739.7799999999997,1424.6856,6,1
2035-04,West,Office Supplies,Home Office,2120.3999999999996,1166.2199999999998,4,1
2035-04,West,Technology,Corporate,9750.220000000001,3843.1044,12,3
2035-04,West,Technology,Home Office,10118.4,4249.728,8,1
2035-05,East,Furniture,Consumer,3308.76,1522.0296,6,1
2035-05,East,Furniture,Corporate,2952.6,1358.196,4,1
2035-05,East,Technology,Corporate,4976.34,1791.4824,5,2
2035-05,North,Furniture,Consumer,9765.0,3515.3999999999996,7,1
2035-05,North,Furniture,Corporate,24462.76,10301.32,21,3
2035-05,North,Office Supplies,Consumer,4896.5,2497.215,5,1
2035-05,North,Office Supplies,Corporate,12551.560000000001,5397.170800000001,7,1
2035-05,North,Office Supplies,Home Office,337.5,114.75,1,1
2035-05,North,Technology,Consumer,5734.08,3039.0624000000003,3,1
2035-05,South,Furniture,Consumer,2411.25,940.3875,5,1
2035-05,South,Furniture,Corporate,10108.62,3436.9308,6,1
2035-05,South,Furniture,Home Office,1482.74,415.1672000000001,1,1
2035-05,South,Office Supplies,Home Office,959.4000000000001,287.82000000000005,2,1
2035-05,South,Technology,Consumer,1187.76,427.59360000000004,7,1
2035-05,South,Technology,Corporate,6808.5,2791.485,9,1
2035-05,West,Furniture,Consumer,7830.24,3132.0960000000005,6,1
2035-05,West,Furniture,Corporate,3867.84,1005.6384000000003,3,1
2035-05,West,Technology,Consumer,12519.359999999999,4506.969599999999,7,1
2035-05,West,Technology,Home Office,3707.67,1779.6816,3,1
2035-06,East,Furniture,Corporate,6829.919999999999,2117.2752,6,1
2035-06,East,Office Supplies,Corporate,3754.8900000000003,1424.1825,7,2
2035-06,East,Office Supplies,Home Office,1328.6,372.00800000000004,2,1
2035-06,East,Technology,Corporate,4821.6,2266.152,7,1
2035-06,East,Technology,Home Office,5856.24,2057.3553,6,2
2035-06,North,Furniture,Consumer,1625.72,503.97320000000013,1,1
2035-06,North,Office Supplies,Consumer,1140.72,456.288,4,1
2035-06,North,Office Supplies,Corporate,8746.5,2798.879999999999,7,1
2035-06,North,Office Supplies,Home Office,36656.979999999996,17692.2284,21,3
2035-06,North,Technology,Corporate,3205.44,1634.7744,6,1
2035-06,South,Furniture,Home Office,681.21,231.6114,1,1
2035-06,South,Office Supplies,Corporate,10036.66,2963.6802,16,4
2035-06,South,Office Supplies,Home Office,8500.5,2805.165,6,1
2035-06,South,Technology,Consumer,1641.6,574.56,9,1
2035-06,South,Technology,Corporate,4170.429999999999,1921.7462999999998,7,2
2035-06,West,Furniture,Corporate,9320.3,4194.9204,18,3
2035-06,West,Furniture,Home Office,2822.4,1185.4080000000001,3,1
2035-06,West,Office Supplies,Corporate,817.6500000000001,220.7655000000001,3,1
2035-06,West,Office Supplies,Home Office,754.3199999999999,346.9871999999999,1,1
2035-06,West,Technology,Consumer,5371.5599999999995,2793.2111999999997,6,1
2035-06,West,Technology,Corporate,9825.36,4078.6643999999997,15,2
2035-06,West,Technology,Home Office,2200.5,792.1800000000001,3,1
2035-07,East,Furniture,Consumer,6854.25,3769.8375,5,1
2035-07,East,Furniture,Corporate,3259.17,1043.4285,7,2
2035-07,East,Office Supplies,Consumer,13634.400000000001,5284.716,12,2
2035-07,East,Office Supplies,Corporate,2464.0,1010.24,7,1
2035-07,East,Office Supplies,Home Office,7763.4,2639.5559999999996,9,1
2035-07,East,Technology,Consumer,8879.400000000001,3373.2720000000004,13,2
2035-07,East,Technology,Home Office,12593.279999999999,4533.5808,7,1
2035-07,North,Furniture,Consumer,1535.55,552.798,1,1
2035-07,North,Furniture,Corporate,5781.33,2993.5593000000003,10,2
2035-07,North,Furniture,Home Office,6816.25,2453.8500000000004,7,1
2035-07,North,Office Supplies,Consumer,4634.099999999999,1529.2529999999997,3,1
2035-07,North,Office Supplies,Corporate,3232.85,984.1334999999999,4,2
2035-07,South,Furniture,Consumer,4676.45,1442.2295,7,2
2035-07,South,Furniture,Corporate,21996.8,9110.618400000001,18,3
2035-07,South,Office Supplies,Consumer,1728.0,587.52,3,1
2035-07,South,Office Supplies,Home Office,3156.9,1231.191,3,1
2035-07,South,Technology,Consumer,7310.5599999999995,3008.1276000000003,12,4
2035-07,South,Technology,Home Office,665.76,199.728,6,1
2035-07,West,Furniture,Consumer,2457.0,1228.5,3,1
2035-07,West,Furniture,Corporate,1758.24,492.30719999999997,9,1
2035-07,West,Office Supplies,Consumer,7632.58,2894.2832,6,3
2035-07,West,Office Supplies,Home Office,20120.58,9264.025,20,4
2035-07,West,Technology,Home Office,2336.04,700.8120000000001,9,1
2035-08,East,Furniture,Consumer,5218.92,2557.2708,9,1
2035-08,East,Furniture,Corporate,3640.6800000000003,1264.7016000000003,8,2
2035-08,East,Furniture,Home Office,6389.110000000001,2938.9906,7,1
2035-08,East,Office Supplies,Consumer,6884.96,3580.1792,8,1
2035-08,East,Technology,Home Office,8668.8,2774.0159999999996,8,1
2035-08,North,Furniture,Consumer,12876.16,5279.225600000001,8,1
2035-08,North,Furniture,Corporate,11009.34,5394.5766,6,1
2035-08,North,Office Supplies,Consumer,2814.15,984.9524999999999,5,1
2035-08,North,Office Supplies,Corporate,11729.77,3379.903800000001,16,3
2035-08,South,Furniture,Consumer,3143.84,1697.6736,8,1
2035-08,South,Furniture,Corporate,17283.76,6410.7040000000015,11,2
2035-08,South,Office Supplies,Consumer,2908.7999999999997,1570.7519999999997,2,1
2035-08,South,Office Supplies,Corporate,2985.84,985.3272,3,1
2035-08,South,Office Supplies,Home Office,6942.12,2985.1116,6,1
2035-08,South,Technology,Corporate,2706.92,839.1452000000002,2,1
2035-08,West,Furniture,Corporate,4472.650000000001,2281.0515000000005,5,1
2035-08,West,Furniture,Home Office,13473.0,6467.04,9,1
2035-08,West,Office Supplies,Consumer,4422.6,2299.7520000000004,6,1
2035-08,West,Office Supplies,Corporate,2234.6800000000003,1050.2996,7,1
2035-08,West,Technology,Consumer,1805.25,884.5725,5,1
2035-08,West,Technology,Corporate,188.41,52.75480000000002,1,1
2035-09,East,Furniture,Corporate,8957.759999999998,3034.2575999999995,12,2
2035-09,East,Furniture,Home Office,841.5,345.01500000000004,5,1
2035-09,East,Office Supplies,Consumer,3854.4,1233.408,5,1
2035-09,East,Office Supplies,Home Office,6755.1,2229.183,5,1
2035-09,East,Technology,Consumer,20334.510000000002,7141.2273000000005,18,2
2035-09,North,Office Supplies,Home Office,7284.35,2930.2901,7,2
2035-09,South,Furniture,Consumer,822.8,296.20799999999997,4,1
2035-09,South,Furniture,Corporate,5940.0,2138.4,4,1
2035-09,South,Furniture,Home Office,1260.8400000000001,630.4200000000001,6,1
2035-09,South,Office Supplies,Corporate,25248.809999999998,8214.6762,16,2
2035-09,South,Technology,Consumer,5327.28,1704.7295999999997,6,1
2035-09,South,Technology,Home Office,11495.4,5287.883999999999,7,1
2035-09,West,Furniture,Consumer,4238.08,1186.6624000000002,4,1
2035-09,West,Office Supplies,Consumer,2686.6,1262.702,7,1
2035-09,West,Office Supplies,Corporate,3634.2,1220.4540000000002,6,2
2035-09,West,Office Supplies,Home Office,14046.48,4830.8616,11,2
2035-09,West,Technology,Consumer,17376.16,6677.6944,24,3
2035-09,West,Technology,Corporate,4832.639999999999,2319.6671999999994,8,1
2035-09,West,Technology,Home Office,5892.669999999999,1912.2109999999996,10,2
2035-10,East,Furniture,Consumer,3099.6,1518.8039999999999,2,1
2035-10,East,Furniture,Corporate,15638.0,6322.204000000001,13,3
2035-10,East,Office Supplies,Home Office,4173.21,1711.0161000000003,9,1
2035-10,East,Technology,Corporate,2069.1,703.4939999999999,3,1
2035-10,East,Technology,Home Office,14700.900000000001,6272.9310000000005,9,2
2035-10,North,Furniture,Home Office,5960.969999999999,1775.2868999999998,9,2
2035-10,North,Office Supplies,Consumer,7070.530000000001,2642.3468000000003,9,2
2035-10,North,Office Supplies,Corporate,9296.64,4369.4208,6,1
2035-10,North,Office Supplies,Home Office,5257.5,2155.5750000000003,5,1
2035-10,North,Technology,Consumer,4427.0,1637.9899999999998,4,1
2035-10,North,Technology,Corporate,4104.0,1682.6400000000003,9,1
2035-10,South,Furniture,Consumer,7106.400000000001,2416.1760000000004,7,1
2035-10,South,Furniture,Home Office,885.6,301.1039999999999,5,1
2035-10,South,Office Supplies,Consumer,3921.5600000000004,1647.0552000000002,4,1
2035-10,South,Technology,Consumer,9113.79,3408.6297000000004,15,2
2035-10,South,Technology,Home Office,7611.240000000001,4033.9572000000007,6,1
2035-10,West,Furniture,Home Office,11419.199999999999,4108.9056,20,3
2035-10,West,Office Supplies,Consumer,10631.4,5528.328,6,1
2035-10,West,Office Supplies,Corporate,6879.74,2422.2412000000004,13,3
2035-10,West,Office Supplies,Home Office,2249.28,1102.1472,3,1
2035-10,West,Technology,Consumer,13299.439999999999,4078.7207999999996,11,2
2035-10,West,Technology,Home Office,6456.8,2389.016,7,1
2035-11,East,Technology,Consumer,5066.46,2075.0954,15,2
2035-11,East,Technology,Home Office,5016.0,1605.12,4,1
2035-11,North,Furniture,Consumer,16377.84,5896.0224,9,1
2035-11,North,Furniture,Corporate,9824.0,4485.12,7,2
2035-11,North,Furniture,Home Office,20054.36,8033.132000000001,20,3
2035-11,North,Office Supplies,Corporate,15732.85,6324.495100000001,14,2
2035-11,South,Furniture,Consumer,1720.32,602.1119999999999,8,1
2035-11,South,Furniture,Corporate,22216.48,7156.471200000001,17,3
2035-11,South,Furniture,Home Office,4473.0,2147.04,7,1
2035-11,South,Office Supplies,Consumer,1224.0,514.08,2,1
2035-11,South,Technology,Corporate,963.8000000000001,327.692,2,1
2035-11,West,Furniture,Home Office,6617.6,2759.224,13,2
2035-11,West,Office Supplies,Home Office,2484.72,1167.8183999999999,2,1
2035-12,East,Furniture,Consumer,1297.7,674.8040000000001,2,1
2035-12,East,Furniture,Home Office,2790.54,827.1720000000001,11,2
2035-12,East,Office Supplies,Consumer,4864.72,2432.36,7,1
2035-12,East,Office Supplies,Corporate,2005.52,802.2080000000001,4,1
2035-12,East,Office Supplies,Home Office,1009.8,262.548,3,1
2035-12,East,Technology,Consumer,7903.28,4001.326,7,3
2035-12,East,Technology,Corporate,25115.239999999998,8331.282,19,3
2035-12,North,Furniture,Consumer,5407.68,2054.9184,6,1
2035-12,North,Furniture,Corporate,3949.14,987.2849999999999,3,1
2035-12,North,Office Supplies,Consumer,2610.33,751.0808999999999,4,2
2035-12,North,Office Supplies,Corporate,1188.95,332.90600000000006,1,1
2035-12,North,Technology,Consumer,472.12,132.1936,1,1
2035-12,North,Technology,Home Office,6403.32,2241.1619999999994,9,1
2035-12,South,Furniture,Consumer,3586.08,1864.7616,2,1
2035-12,South,Furniture,Corporate,720.36,266.5332,6,1
2035-12,South,Furniture,Home Office,1309.4399999999998,680.9087999999999,2,1
2035-12,South,Office Supplies,Consumer,1952.72,976.36,8,1
2035-12,South,Office Supplies,Corporate,968.06,425.9463999999999,1,1
2035-12,South,Office Supplies,Home Office,782.9200000000001,344.4848,1,1
2035-12,South,Technology,Consumer,3621.3999999999996,1665.8439999999996,2,1
2035-12,South,Technology,Home Office,5338.5599999999995,2348.9663999999993,4,1
2035-12,West,Furniture,Consumer,2587.2,1345.344,2,1
2035-12,West,Furniture,Corporate,10943.84,5399.200000000001,16,3
2035-12,West,Office Supplies,Consumer,278.46000000000004,72.39960000000002,1,1
2035-12,West,Office Supplies,Corporate,4231.2,2327.16,6,1
2035-12,West,Technology,Consumer,1738.0,851.62,1,1
2035-12,West,Technology,Corporate,9182.89,3572.3193,15,3
2036-01,East,Furniture,Consumer,6135.4800000000005,3374.514,9,1
2036-01,East,Furniture,Home Office,2366.7799999999997,947.3014000000001,10,2
2036-01,East,Office Supplies,Consumer,19185.6,6895.224000000001,15,2
2036-01,East,Office Supplies,Corporate,1190.28,357.08400000000006,1,1
2036-01,East,Office Supplies,Home Office,2676.96,883.3968,3,1
2036-01,East,Technology,Consumer,10292.67,4425.8481,9,1
2036-01,East,Technology,Corporate,14640.6,4626.924,11,2
2036-01,East,Technology,Home Office,7270.5599999999995,3707.9856,9,1
2036-01,North,Furniture,Corporate,993.6,457.0559999999999,3,1
2036-01,North,Furniture,Home Office,4502.9,2251.45,5,1
2036-01,North,Office Supplies,Consumer,10522.56,4103.7984,6,1
2036-01,North,Office Supplies,Corporate,3255.4,1497.484,5,1
2036-01,North,Technology,Consumer,10153.44,4137.004800000001,12,2
2036-01,North,Technology,Corporate,7265.82,2367.2130000000006,15,3
2036-01,South,Office Supplies,Consumer,6531.48,2869.4484,6,2
2036-01,South,Technology,Consumer,7811.86,3612.9611999999997,11,3
2036-01,South,Technology,Corporate,2614.6800000000003,967.4316000000001,4,1
2036-01,West,Furniture,Consumer,1640.8799999999999,689.1696000000001,3,1
2036-01,West,Furniture,Corporate,3457.44,1486.6992000000002,7,1
2036-01,West,Office Supplies,Consumer,4882.22,2099.3546000000006,7,1
2036-01,West,Office Supplies,Corporate,7591.65,2659.8363000000004,6,2
2036-01,West,Technology,Consumer,6500.34,2990.1564,9,1
2036-01,West,Technology,Corporate,8613.24,3965.1467999999995,10,2
2036-02,East,Furniture,Corporate,2341.64,896.5572,9,2
2036-02,East,Furniture,Home Office,915.3000000000001,448.497,5,1
2036-02,East,Office Supplies,Consumer,2147.0,1009.0899999999999,2,1
2036-02,East,Office Supplies,Home Office,3936.8,1653.4560000000001,4,1
2036-02,East,Technology,Corporate,8465.32,3684.4136,15,2
2036-02,North,Furniture,Consumer,18744.36,7592.996399999999,13,3
2036-02,North,Office Supplies,Consumer,4426.4,1834.7839999999999,10,2
2036-02,North,Technology,Consumer,6611.4,1993.3680000000002,11,3
2036-02,North,Technology,Corporate,6185.320000000001,2698.8736000000004,6,2
2036-02,North,Technology,Home Office,12448.800000000001,5228.496000000001,9,1
2036-02,South,Furniture,Consumer,9082.0,2639.080000000001,7,2
2036-02,South,Furniture,Corporate,1621.83,717.9024,3,2
2036-02,South,Furniture,Home Office,3367.56,1414.3752000000002,3,1
2036-02,South,Office Supplies,Consumer,11746.4,4818.576,16,2
2036-02,South,Office Supplies,Corporate,997.55,458.87299999999993,1,1
2036-02,South,Technology,Consumer,8159.9400000000005,2203.1838000000007,6,1
2036-02,South,Technology,Home Office,1919.3999999999999,767.76,5,1
2036-02,West,Furniture,Consumer,6026.639999999999,1926.6024,10,2
2036-02,West,Furniture,Corporate,10045.9,3114.2290000000003,8,2
2036-02,West,Furniture,Home Office,3420.0,1573.1999999999998,5,1
2036-02,West,Office Supplies,Home Office,8299.98,3776.2829999999994,10,2
2036-02,West,Technology,Consumer,4709.6,2012.696,5,2
2036-02,West,Technology,Corporate,181.09,83.3014,1,1
2036-02,West,Technology,Home Office,2016.66,746.1641999999999,2,1
2036-03,East,Furniture,Consumer,2017.2,887.568,3,1
2036-03,East,Furniture,Home Office,3452.4,1588.1039999999998,5,1
2036-03,East,Office Supplies,Corporate,5908.0,2481.36,8,1
2036-03,East,Technology,Home Office,6287.56,2803.2808000000005,10,2
2036-03,North,Office Supplies,Home Office,1982.7600000000002,971.5524,6,1
2036-03,North,Technology,Corporate,13402.710000000001,4253.4036,9,2
2036-03,South,Furniture,Corporate,2074.8,995.904,4,1
2036-03,South,Office Supplies,Home Office,10450.539999999999,3071.3266000000003,7,2
2036-03,South,Technology,Consumer,2023.6200000000001,934.8249999999999,4,2
2036-03,South,Technology,Home Office,32774.88,11628.361799999999,25,3
2036-03,West,Furniture,Corporate,4939.2,2667.1679999999997,6,1
2036-03,West,Office Supplies,Corporate,1074.08,268.52,4,1
2036-03,West,Technology,Consumer,1056.0,538.5600000000001,1,1
2036-03,West,Technology,Corporate,186.0,74.4,2,1
2036-03,West,Technology,Home Office,6982.02,3491.01,9,1
2036-04,East,Furniture,Consumer,10261.06,3967.8713999999995,9,2
2036-04,East,Furniture,Corporate,4462.5599999999995,1249.5167999999999,6,1
2036-04,East,Furniture,Home Office,105.08,53.5908,1,1
2036-04,East,Office Supplies,Consumer,328.64,177.4656,1,1
2036-04,East,Technology,Consumer,10714.439999999999,5222.3952,12,2
2036-04,East,Technology,Home Office,895.86,331.4682,1,1
2036-04,North,Furniture,Corporate,5994.0,3176.82,4,1
2036-04,North,Furniture,Home Office,4295.52,1890.0288,4,1
2036-04,North,Office Supplies,Consumer,1205.3999999999999,650.9159999999999,3,1
2036-04,North,Office Supplies,Corporate,2032.8,528.528,6,1
2036-04,North,Technology,Consumer,4932.24,2128.044,10,2
2036-04,North,Technology,Corporate,9340.98,3725.3748000000005,8,2
2036-04,North,Technology,Home Office,12602.04,5576.502,13,3
2036-04,South,Furniture,Consumer,1151.2,425.94399999999996,1,1
2036-04,South,Furniture,Corporate,1636.6,752.8359999999999,1,1
2036-04,South,Office Supplies,Consumer,2932.95,1159.527,12,2
2036-04,South,Technology,Home Office,11096.05,3826.6419999999994,9,2
2036-04,West,Office Supplies,Corporate,21824.48,9213.2784,17,3
2036-04,West,Technology,Home Office,12664.880000000001,6369.6184,13,2
2036-05,East,Furniture,Consumer,6413.18,1959.5582,10,2
2036-05,East,Furniture,Home Office,9771.92,3548.5752,12,2
2036-05,East,Office Supplies,Home Office,6376.32,2614.2912,6,1
2036-05,East,Technology,Corporate,11457.449999999999,3081.96,11,2
2036-05,East,Technology,Home Office,1135.68,579.1968,2,1
2036-05,North,Furniture,Consumer,246.23999999999998,66.4848,1,1
2036-05,North,Office Supplies,Consumer,687.04,233.59359999999998,2,1
2036-05,North,Office Supplies,Home Office,3544.11,1092.1428,18,2
2036-05,North,Technology,Consumer,3163.5,1613.385,9,1
2036-05,North,Technology,Corporate,9245.88,2588.8464000000004,9,1
2036-05,North,Technology,Home Office,1087.8,500.3879999999999,1,1
2036-05,South,Furniture,Consumer,6401.51,3261.2972,11,2
2036-05,South,Furniture,Home Office,8920.08,3481.9056,11,2
2036-05,South,Office Supplies,Home Office,4810.76,2237.4972,8,2
2036-05,South,Technology,Consumer,4982.32,2142.3976000000002,4,1
2036-05,West,Furniture,Consumer,1725.92,586.8127999999999,1,1
2036-05,West,Furniture,Home Office,1842.03,865.7541,3,1
2036-05,West,Office Supplies,Corporate,8157.330000000001,3738.6696,12,3
2036-05,West,Office Supplies,Home Office,1176.93,506.07990000000007,1,1
2036-05,West,Technology,Consumer,5656.75,1697.025,5,1
2036-05,West,Technology,Corporate,11009.28,5201.2116,9,2
2036-05,West,Technology,Home Office,13195.84,4750.502399999999,8,1
2036-06,East,Furniture,Corporate,5606.280000000001,1944.8292000000001,14,3
2036-06,East,Furniture,Home Office,2232.36,915.2676000000001,4,1
2036-06,East,Office Supplies,Consumer,7469.3099999999995,2688.0171,11,2
2036-06,East,Office Supplies,Home Office,385.6,138.816,1,1
2036-06,East,Technology,Consumer,14415.54,6254.649,19,4
2036-06,East,Technology,Corporate,5836.05,3034.746,3,1
2036-06,East,Technology,Home Office,904.64,271.39200000000005,1,1
2036-06,North,Furniture,Consumer,7062.93,3135.7872000000007,14,2
2036-06,North,Office Supplies,Consumer,9004.380000000001,4862.3652,6,1
2036-06,North,Office Supplies,Home Office,1486.8,371.70000000000005,3,1
2036-06,North,Technology,Consumer,5801.040000000001,2173.8696000000004,8,2
2036-06,North,Technology,Corporate,224.84,60.706800000000015,1,1
2036-06,South,Office Supplies,Home Office,4072.29,1897.5623999999998,6,2
2036-06,South,Technology,Home Office,3753.6,1651.5839999999998,2,1
2036-06,West,Furniture,Consumer,4445.92,1378.2352,4,1
2036-06,West,Furniture,Home Office,610.5,201.46499999999997,5,1
2036-06,West,Office Supplies,Consumer,9383.369999999999,4626.4475999999995,12,3
2036-06,West,Office Supplies,Corporate,3724.0,1564.08,4,1
2036-06,West,Technology,Consumer,9181.119999999999,4011.0688,11,2
2036-07,East,Furniture,Consumer,1996.7000000000003,771.3822,10,2
2036-07,East,Furniture,Corporate,609.0,219.24,1,1
2036-07,East,Office Supplies,Home Office,467.1,149.47199999999998,3,1
2036-07,East,Technology,Corporate,2383.36,715.008,8,1
2036-07,East,Technology,Home Office,9097.92,3184.272,6,1
2036-07,North,Furniture,Consumer,5046.16,2352.9183999999996,8,2
2036-07,North,Furniture,Home Office,1918.46,517.9842000000001,6,2
2036-07,North,Office Supplies,Corporate,8009.37,3856.14,10,2
2036-07,North,Technology,Consumer,6410.8,2576.588,10,2
2036-07,North,Technology,Home Office,3232.6800000000003,1099.1111999999998,3,1
2036-07,South,Furniture,Consumer,6271.2,1881.3600000000006,5,1
2036-07,South,Furniture,Corporate,6302.6,2532.7855999999997,6,2
2036-07,South,Furniture,Home Office,16414.93,7341.7057,11,2
2036-07,South,Office Supplies,Consumer,5260.5,1367.73,7,1
2036-07,South,Office Supplies,Corporate,3111.85,1618.162,7,1
2036-07,South,Office Supplies,Home Office,14842.260000000002,7167.459600000001,13,3
2036-07,South,Technology,Consumer,1086.24,477.9455999999999,8,1
2036-07,South,Technology,Corporate,9627.44,2898.070400000001,6,2
2036-07,West,Furniture,Consumer,8831.2,3444.1680000000006,7,1
2036-07,West,Furniture,Corporate,5166.449999999999,1967.3159999999998,7,2
2036-07,West,Office Supplies,Corporate,4752.16,1708.4535999999998,9,3
2036-07,West,Technology,Consumer,3287.79,1676.7729,9,1
2036-07,West,Technology,Home Office,969.22,251.99720000000002,1,1
2036-08,East,Furniture,Consumer,16928.56,7229.952000000001,11,2
2036-08,East,Furniture,Home Office,5846.0,2689.16,5,1
2036-08,East,Office Supplies,Consumer,4624.29,2127.1733999999997,9,1
2036-08,East,Office Supplies,Home Office,12174.300000000001,5234.949000000001,9,1
2036-08,East,Technology,Corporate,9868.32,3947.3280000000004,8,1
2036-08,North,Furniture,Consumer,12256.23,4089.6428999999994,13,2
2036-08,North,Furniture,Corporate,14354.55,4306.365,9,1
2036-08,North,Furniture,Home Office,8372.759999999998,3292.9356000000002,12,2
2036-08,North,Office Supplies,Corporate,946.0,463.53999999999996,1,1
2036-08,North,Technology,Consumer,9925.04,5342.5832,11,2
2036-08,North,Technology,Home Office,20208.239999999998,7582.896000000001,19,3
2036-08,South,Furniture,Corporate,11151.96,3223.205,17,4
2036-08,South,Office Supplies,Consumer,15558.48,7312.4856,9,1
2036-08,South,Office Supplies,Corporate,2691.9,1049.8410000000001,3,1
2036-08,South,Office Supplies,Home Office,7811.4,1952.8500000000004,6,1
2036-08,South,Technology,Home Office,5226.08,1567.824,4,1
2036-08,West,Furniture,Corporate,4125.15,1031.2875,9,1
2036-08,West,Office Supplies,Consumer,4198.16,1653.3455999999999,8,2
2036-08,West,Office Supplies,Home Office,27296.79,8819.523000000001,21,3
2036-08,West,Technology,Corporate,15597.18,5424.5754,17,2
2036-08,West,Technology,Home Office,2937.6,1263.1680000000001,2,1
2036-09,East,Furniture,Consumer,3286.92,1709.1984,6,1
2036-09,East,Technology,Consumer,13150.64,4208.2047999999995,8,1
2036-09,North,Furniture,Consumer,6292.8,1761.9840000000004,9,1
2036-09,North,Technology,Home Office,7702.240000000001,2618.7616,8,1
2036-09,South,Furniture,Corporate,3355.44,1744.8288,6,1
2036-09,South,Technology,Home Office,2014.96,785.8344,4,1
